,Player,Nation,Pos,Squad,Age,Born,90s,Att,Live_Pass Types,Dead_Pass Types,FK_Pass Types,TB_Pass Types,Press_Pass Types,Sw_Pass Types,Crs_Pass Types,CK_Pass Types,In_Corner Kicks,Out_Corner Kicks,Str_Corner Kicks,Ground_Height,Low_Height,High_Height,Left_Body Parts,Right_Body Parts,Head_Body Parts,TI_Body Parts,Other_Body Parts,Cmp,Off_Outcomes,Out_Outcomes,Int_Outcomes,Blocks_Outcomes
0,Luis Abram,pe  PER,DF,Granada,25-224,1996,2.7,43,42,1,1,0,2,0,0,0,0,0,0,33,3,7,33,5,3,0,0,36,0,0,1,0
1,Marcos Acuña,ar  ARG,DF,Sevilla,29-346,1991,5.8,462,377,85,17,2,33,24,28,9,0,9,0,285,65,112,350,40,9,59,0,376,0,8,19,4
2,Martin Agirregabiria,es  ESP,DF,Alavés,25-152,1996,3.8,148,119,29,3,0,16,6,13,1,0,0,0,75,38,35,9,101,11,25,0,112,0,5,8,5
3,Julen Agirrezabala,es  ESP,GK,Athletic Club,20-287,2000,2.0,46,23,23,7,0,0,1,0,0,0,0,0,28,1,17,16,18,0,0,8,34,0,4,0,0
4,Joseph Aidoo,gh  GHA,DF,Celta Vigo,26-010,1995,1.0,49,49,0,0,0,4,2,0,0,0,0,0,34,5,10,8,37,3,0,1,42,0,1,0,1
5,Carlos Akapo,gq  EQG,DF,Cádiz,28-211,1993,4.0,152,112,40,4,0,20,7,6,0,0,0,0,70,41,41,6,95,10,36,0,105,0,6,3,9
6,Paul Akouokou,ci  CIV,MF,Betis,23-293,1997,0.9,61,61,0,0,0,9,2,0,0,0,0,0,48,5,8,8,48,2,0,0,54,0,2,1,1
7,David Alaba,at  AUT,DF,Real Madrid,29-107,1992,7.0,455,414,41,14,1,44,3,18,3,3,0,0,361,42,52,352,68,10,23,0,408,2,5,3,4
8,Tomás Alarcón,cl  CHI,MF,Cádiz,22-263,1999,7.3,227,205,22,13,0,49,17,10,8,4,3,0,116,29,82,15,189,14,1,0,157,1,11,3,5
9,Jordi Alba,es  ESP,DF,Barcelona,32-202,1989,3.0,254,211,43,5,0,20,6,14,0,0,0,0,156,61,37,178,27,11,38,0,206,2,1,8,11
10,Raúl Albiol,es  ESP,DF,Villarreal,36-035,1985,5.0,266,254,12,12,0,24,9,0,0,0,0,0,221,13,32,44,210,11,0,0,245,0,1,3,4
11,Paco Alcácer,es  ESP,FW,Villarreal,28-040,1993,1.8,44,42,2,0,0,9,1,0,0,0,0,0,30,8,6,11,28,2,0,1,37,0,0,1,2
12,Omar Alderete,py  PAR,DF,Valencia,24-287,1996,7.0,217,206,11,7,2,42,20,0,0,0,0,0,102,11,104,170,19,19,0,0,141,1,9,8,2
13,Iván Alejo,es  ESP,MF,Cádiz,26-241,1995,0.3,10,10,0,0,0,5,0,1,0,0,0,0,4,2,4,0,8,2,0,0,5,0,0,0,1
14,Carles Aleñá,es  ESP,"MF,FW",Getafe,23-277,1998,5.4,192,164,28,15,1,42,14,6,10,5,3,1,124,26,42,165,18,6,1,0,138,1,3,14,5
15,Emmanuel Amankwaa Akurugu,gh  GHA,DF,Getafe,19-323,2001,0.1,4,3,1,0,0,0,0,0,0,0,0,0,2,1,1,2,0,1,1,0,2,0,1,0,0
16,Amath,sn  SEN,"FW,MF",Mallorca,25-085,1996,3.5,53,51,2,1,0,16,0,1,0,0,0,0,38,6,9,9,41,1,1,0,38,0,0,6,2
17,Florin Andone,ro  ROU,"FW,MF",Cádiz,28-181,1993,1.0,22,20,2,0,0,7,0,0,0,0,0,0,7,7,8,5,5,6,0,1,14,0,3,0,1
18,José Ángel,es  ESP,DF,Osasuna,32-034,1989,1.2,73,61,12,1,0,13,3,2,0,0,0,0,33,13,27,43,12,3,11,0,55,0,0,4,2
19,Josep Antoni Gayá,es  ESP,DF,Mallorca,21-094,2000,0.6,25,23,2,0,0,1,1,0,0,0,0,0,20,0,5,8,14,3,0,0,20,0,0,0,0
20,Mauro Arambarri,uy  URU,MF,Getafe,26-009,1995,4.2,154,141,13,11,0,20,10,4,0,0,0,0,105,26,23,15,127,7,2,1,115,1,4,4,7
21,Néstor Araujo,mx  MEX,DF,Celta Vigo,30-041,1991,6.9,385,378,7,5,0,28,13,1,0,0,0,0,298,31,56,40,313,21,2,0,325,3,8,7,3
22,Ronald Araújo,uy  URU,DF,Barcelona,22-216,1999,4.9,353,340,13,9,0,25,1,1,0,0,0,0,321,12,20,30,308,7,3,0,336,1,1,3,0
23,Jesús Areso,es  ESP,DF,Osasuna,22-099,1999,0.9,33,19,14,0,0,3,2,1,0,0,0,0,11,6,16,0,17,1,14,0,25,0,2,0,0
24,Santiago Arias,co  COL,DF,Granada,29-269,1992,2.0,98,73,25,1,0,13,1,3,0,0,0,0,38,28,32,10,54,5,24,1,72,0,1,2,3
25,Santiago Arzamendia,py  PAR,MF,Cádiz,23-157,1998,1.5,26,24,2,0,0,7,1,3,0,0,0,0,6,11,9,18,1,3,2,0,15,1,1,1,3
26,Sergio Asenjo,es  ESP,GK,Villarreal,32-103,1989,1.0,21,17,4,0,0,2,0,0,0,0,0,0,13,3,5,2,13,0,0,5,16,1,2,0,0
27,Marco Asensio,es  ESP,"MF,FW",Real Madrid,25-261,1996,2.5,125,105,20,4,0,9,7,7,11,6,1,2,87,16,22,108,11,1,5,0,98,0,1,3,4
28,Iago Aspas,es  ESP,FW,Celta Vigo,34-069,1987,7.8,283,274,9,2,0,72,14,16,3,1,0,0,202,51,30,197,63,13,4,1,199,1,9,20,18
29,Ezequiel Ávila,ar  ARG,FW,Osasuna,27-245,1994,2.4,52,49,3,0,0,12,2,4,0,0,0,0,21,20,11,10,25,12,1,2,35,0,0,3,2
30,Iddrisu Baba,gh  GHA,MF,Mallorca,25-260,1996,7.1,238,233,5,4,0,50,8,3,0,0,0,0,178,18,42,16,207,9,1,0,189,0,3,12,6
31,Carlos Bacca,co  COL,FW,Granada,35-031,1986,3.6,70,64,6,0,1,26,0,1,0,0,0,0,44,8,18,3,53,7,0,1,45,0,1,5,4
32,Miguel Baeza,es  ESP,DF,Celta Vigo,21-196,2000,0.0,5,5,0,0,0,1,0,1,0,0,0,0,4,0,1,5,0,0,0,0,4,0,0,0,0
33,Alejandro Balde,es  ESP,DF,Barcelona,17-356,2003,0.5,42,39,3,2,0,4,0,1,0,0,0,0,38,3,1,40,1,0,1,0,39,0,0,0,1
34,Gareth Bale,wls  WAL,FW,Real Madrid,32-085,1989,2.1,51,51,0,0,0,14,1,2,0,0,0,0,31,10,10,42,4,1,0,0,38,1,1,4,1
35,Mikel Balenziaga,es  ESP,DF,Athletic Club,33-222,1988,6.6,292,230,62,6,0,30,4,9,0,0,0,0,140,66,86,194,18,13,56,0,217,1,8,5,13
36,Iván Balliu,al  ALB,DF,Rayo Vallecano,29-281,1992,8.0,375,261,114,7,0,70,11,13,0,0,0,0,159,104,112,22,227,15,107,0,283,2,7,14,14
37,Barbero,es  ESP,"FW,MF",Osasuna,23-053,1998,0.1,5,5,0,0,0,2,0,1,0,0,0,0,5,0,0,2,3,0,0,0,2,0,0,0,0
38,Enis Bardhi,mk  MKD,"MF,FW",Levante,26-099,1995,1.2,34,30,4,1,0,8,2,1,1,1,0,0,18,8,8,5,27,1,1,0,26,0,0,2,1
39,Keidi Bare,al  ALB,MF,Espanyol,24-042,1997,4.2,212,207,5,5,0,33,6,3,0,0,0,0,144,31,37,12,182,11,0,1,175,2,2,7,6
40,Kike Barja,es  ESP,MF,Osasuna,24-191,1997,1.4,57,56,1,0,0,9,4,7,0,0,0,0,28,15,14,23,30,2,1,0,36,0,1,2,3
41,Antonio Barragán,es  ESP,DF,Elche,34-119,1987,2.1,81,59,22,13,0,9,4,0,3,0,2,0,50,13,18,7,66,2,6,0,68,0,2,3,3
42,Ander Barrenetxea,es  ESP,"MF,FW",Real Sociedad,19-286,2001,2.7,70,69,1,1,1,19,3,4,0,0,0,0,51,8,11,13,55,1,0,0,48,0,0,5,5
43,Marc Bartra,es  ESP,DF,Betis,30-267,1991,0.1,19,19,0,0,0,0,0,0,0,0,0,0,14,2,3,0,17,2,0,0,16,0,0,1,0
44,Álvaro Bastida,es  ESP,MF,Cádiz,17-150,2004,1.5,21,20,1,0,0,6,0,0,0,0,0,0,12,3,6,2,17,1,0,0,15,0,0,1,2
45,Rodrigo Battaglia,ar  ARG,MF,Mallorca,30-089,1991,1.7,108,101,7,7,0,11,1,0,0,0,0,0,87,12,9,16,83,6,0,1,100,0,0,1,0
46,Jon Bautista,es  ESP,"FW,MF",Real Sociedad,26-098,1995,0.5,8,7,1,0,0,2,0,0,0,0,0,0,6,2,0,2,4,1,0,0,6,0,1,0,0
47,Bebé,pt  POR,"FW,MF",Rayo Vallecano,31-089,1990,1.4,56,42,14,8,0,20,4,7,3,1,2,0,26,12,18,6,43,1,2,0,33,0,2,2,1
48,Héctor Bellerín,es  ESP,DF,Betis,26-204,1995,4.0,221,185,36,2,0,23,3,6,0,0,0,0,130,51,40,23,149,10,34,1,167,1,2,10,13
49,Fran Beltrán,es  ESP,MF,Celta Vigo,22-248,1999,3.7,272,248,24,13,0,36,14,3,3,0,2,0,216,23,33,21,243,5,1,1,245,1,4,4,0
50,Darío Benedetto,ar  ARG,FW,Elche,31-145,1990,4.5,67,62,5,0,1,23,5,3,0,0,0,0,35,11,21,7,48,3,0,2,48,0,3,3,0
51,Pedro Benito,es  ESP,FW,Cádiz,21-196,2000,0.3,6,6,0,0,0,4,0,0,0,0,0,0,1,2,3,1,1,1,0,0,4,0,0,1,0
52,Karim Benzema,fr  FRA,FW,Real Madrid,33-294,1987,7.9,311,291,20,0,0,46,6,5,4,0,0,0,251,39,21,44,255,9,1,0,265,3,7,16,6
53,Álex Berenguer,es  ESP,MF,Athletic Club,26-097,1995,6.6,238,202,36,8,1,37,8,19,27,8,8,0,127,33,78,24,193,9,1,0,144,5,6,13,12
54,Pedro Bigas,es  ESP,DF,Elche,31-024,1990,2.6,138,135,3,3,0,7,3,0,0,0,0,0,117,4,17,81,52,4,0,1,125,0,2,2,2
55,Blanco,es  ESP,MF,Real Madrid,21-078,2000,0.3,18,18,0,0,0,0,0,0,0,0,0,0,18,0,0,1,17,0,0,0,17,0,0,1,0
56,Yassine Bounou,ma  MAR,GK,Sevilla,30-187,1991,6.0,188,138,50,15,0,7,9,0,0,0,0,0,112,6,70,126,34,0,0,22,140,0,12,0,0
57,Lucas Boyé,ar  ARG,FW,Elche,25-223,1996,3.3,77,73,4,0,0,29,4,1,0,0,0,0,56,11,10,13,53,3,0,4,61,1,3,5,3
58,Martin Braithwaite,dk  DEN,FW,Barcelona,30-126,1991,2.5,54,52,2,1,0,14,1,1,0,0,0,0,37,12,5,7,41,2,1,1,43,0,0,3,1
59,Darko Brašanac,rs  SRB,"MF,FW",Osasuna,29-239,1992,7.9,302,287,15,1,0,83,5,10,0,0,0,0,205,57,40,55,206,17,2,4,226,0,6,13,23
60,Claudio Bravo,cl  CHI,GK,Betis,38-179,1983,3.0,96,73,23,10,0,9,4,0,0,0,0,0,40,4,52,8,73,0,0,11,62,1,3,2,0
61,Yan Brice Eteki,cm  CMR,MF,Granada,24-044,1997,0.7,24,24,0,0,0,13,1,0,0,0,0,0,17,3,4,2,19,1,0,1,19,0,0,2,1
62,Ante Budimir,hr  CRO,FW,Osasuna,30-079,1991,1.0,19,19,0,0,0,5,0,0,0,0,0,0,9,5,5,12,0,2,0,1,11,0,0,0,2
63,Sergio Busquets,es  ESP,MF,Barcelona,33-085,1988,6.7,570,551,19,19,0,70,17,1,0,0,0,0,446,52,72,84,464,13,0,4,495,2,9,18,6
64,Erick Cabaco,uy  URU,DF,Getafe,26-173,1995,0.8,40,38,2,2,0,0,3,0,0,0,0,0,31,2,7,5,33,2,0,0,35,0,2,0,0
65,Leandro Cabrera,uy  URU,DF,Espanyol,30-114,1991,8.0,337,315,22,15,0,19,12,0,0,0,0,0,201,22,114,285,32,13,4,0,258,5,5,7,3
66,Cala,es  ESP,DF,Cádiz,31-317,1989,2.5,56,54,2,2,0,7,4,0,0,0,0,0,16,7,33,7,36,8,0,0,30,1,3,3,0
67,Calderón,es  ESP,DF,Betis,21-275,2000,0.7,47,43,4,0,0,4,2,3,0,0,0,0,34,6,7,34,7,1,4,0,43,0,0,0,1
68,Fernando Calero,es  ESP,DF,Espanyol,26-025,1995,0.5,31,31,0,0,0,4,0,0,0,0,0,0,23,5,3,4,23,3,0,0,26,0,2,1,1
69,Víctor Camarasa,es  ESP,"MF,FW",Betis,27-134,1994,1.0,50,49,1,1,0,6,0,0,0,0,0,0,39,7,4,2,44,2,0,0,42,0,0,1,2
70,Eduardo Camavinga,fr  FRA,MF,Real Madrid,18-333,2002,2.2,136,135,1,1,1,16,3,2,0,0,0,0,110,15,11,116,10,5,0,1,118,0,2,1,2
71,José Campaña,es  ESP,MF,Levante,28-131,1993,3.4,199,177,22,13,0,28,4,7,8,3,2,0,141,28,30,23,166,4,1,1,167,1,4,4,4
72,Sergio Canales,es  ESP,"FW,MF",Betis,30-235,1991,5.4,356,348,8,6,2,55,14,9,0,0,0,0,274,20,62,315,33,5,2,0,311,0,11,5,4
73,Álex Cantero,es  ESP,"FW,MF",Levante,21-123,2000,2.2,27,24,3,0,0,12,1,1,0,0,0,0,21,5,1,3,22,0,1,1,20,0,1,1,3
74,Étienne Capoue,fr  FRA,MF,Villarreal,33-090,1988,6.7,383,377,6,6,0,66,9,0,0,0,0,0,330,17,36,57,307,11,0,1,347,2,0,12,3
75,Isaac Carcelen,es  ESP,"DF,MF",Cádiz,28-169,1993,5.5,142,110,32,3,0,24,2,2,0,0,0,0,65,30,47,14,86,7,29,1,91,0,6,6,8
76,Cárdenas,es  ESP,GK,Levante,24-195,1997,3.0,84,66,18,5,0,10,7,0,0,0,0,0,48,5,31,9,60,0,0,12,63,1,4,2,0
77,Diego Carlos,br  BRA,DF,Sevilla,28-208,1993,7.0,455,444,11,9,1,40,21,0,0,0,0,0,370,28,57,71,363,8,2,2,415,0,7,3,0
78,Yannick Carrasco,be  BEL,"DF,FW",Atlético Madrid,28-035,1993,6.7,271,221,50,15,0,40,7,16,8,4,2,0,189,41,41,20,216,6,26,1,210,2,6,7,12
79,Guido Carrillo,ar  ARG,FW,Elche,30-137,1991,2.2,58,56,2,0,0,28,0,0,0,0,0,0,26,17,15,3,34,9,0,2,36,2,3,3,4
80,Dani Carvajal,es  ESP,DF,Real Madrid,29-271,1992,2.6,175,151,24,4,0,24,3,3,0,0,0,0,119,31,25,6,138,10,20,0,148,0,4,2,7
81,William Carvalho,pt  POR,MF,Betis,29-185,1992,3.5,255,254,1,1,0,37,1,0,0,0,0,0,201,29,25,35,206,6,0,3,228,0,2,10,5
82,Casemiro,br  BRA,MF,Real Madrid,29-228,1992,6.1,420,412,8,8,2,60,24,3,0,0,0,0,289,50,81,56,341,13,0,2,353,3,7,8,8
83,Kiko Casilla,es  ESP,GK,Elche,35-007,1986,8.0,276,165,111,29,0,12,4,0,0,0,0,0,92,14,170,10,209,1,0,41,169,2,10,5,2
84,Catena,es  ESP,DF,Rayo Vallecano,26-346,1994,8.0,340,321,19,19,0,72,21,1,0,0,0,0,215,33,92,36,271,19,0,1,263,1,7,13,4
85,Franco Cervi,ar  ARG,MF,Celta Vigo,27-136,1994,3.3,98,93,5,0,0,17,2,2,3,1,2,0,67,17,14,77,12,7,2,0,77,1,1,2,6
86,Chapela,es  ESP,MF,Cádiz,22-141,1999,0.2,6,6,0,0,0,2,0,1,0,0,0,0,2,2,2,0,4,2,0,0,3,0,1,0,0
87,Chema,es  ESP,MF,Getafe,29-220,1992,0.5,15,13,2,2,0,7,1,0,0,0,0,0,6,2,7,8,5,1,0,0,9,0,1,0,0
88,Denis Cheryshev,ru  RUS,MF,Valencia,30-287,1990,3.3,81,72,9,4,0,15,3,10,2,1,0,0,43,22,16,58,9,7,3,3,55,0,3,6,1
89,Víctor Chust,es  ESP,DF,Cádiz,21-218,2000,2.1,51,44,7,6,0,5,3,0,0,0,0,0,29,6,16,9,34,6,1,0,39,0,3,0,0
90,Jasper Cillessen,nl  NED,GK,Valencia,32-170,1989,2.0,62,48,14,5,0,4,3,0,0,0,0,0,21,0,41,8,37,0,0,13,41,0,4,0,0
91,Pathé Ciss,sn  SEN,MF,Rayo Vallecano,27-207,1994,4.5,183,180,3,3,1,51,10,0,0,0,0,0,121,29,33,11,149,10,0,3,151,1,4,8,3
92,Carlos Clerc,es  ESP,DF,Levante,29-230,1992,6.5,300,229,71,7,0,25,5,13,2,1,0,0,158,91,51,210,14,11,62,2,237,0,6,11,11
93,Coke,es  ESP,DF,Levante,34-166,1987,0.1,6,3,3,0,0,0,0,0,0,0,0,0,2,4,0,1,1,1,3,0,5,0,0,1,0
94,Santi Comesaña,es  ESP,MF,Rayo Vallecano,25-004,1996,6.9,307,300,7,7,0,72,17,0,0,0,0,0,213,41,53,48,224,23,0,3,267,0,6,9,1
95,Francis Coquelin,fr  FRA,MF,Villarreal,30-149,1991,2.7,147,146,1,0,0,35,5,1,1,0,1,0,123,14,10,27,112,3,0,1,134,1,0,5,1
96,Ángel Correa,ar  ARG,"FW,MF",Atlético Madrid,26-214,1995,5.4,172,168,4,0,1,31,2,8,0,0,0,0,126,31,15,31,134,5,0,2,126,0,3,10,14
97,Thierry Correia,pt  POR,DF,Valencia,22-214,1999,4.2,181,141,40,0,0,19,5,7,0,0,0,0,82,45,54,9,119,10,40,1,136,0,3,7,6
98,Hélder Costa,pt  POR,MF,Valencia,27-270,1994,0.2,10,8,2,0,0,1,1,1,1,1,0,0,6,1,3,8,1,0,0,1,7,0,0,0,0
99,Jaume Costa,es  ESP,DF,Mallorca,33-205,1988,3.3,151,115,36,4,0,12,3,8,0,0,0,0,78,35,38,88,19,11,32,0,116,0,2,4,6
100,Thibaut Courtois,be  BEL,GK,Real Madrid,29-151,1992,8.0,241,191,50,12,0,12,7,0,0,0,0,0,170,8,63,123,75,0,0,39,199,0,8,1,0
101,Philippe Coutinho,br  BRA,"FW,MF",Barcelona,29-119,1992,2.3,140,131,9,5,0,17,8,8,4,2,1,0,100,20,20,5,134,0,0,1,117,1,4,1,2
102,Cristo,es  ESP,DF,Real Sociedad,21-162,2000,0.2,12,9,3,0,0,0,1,1,0,0,0,0,7,1,4,9,0,0,3,0,11,0,0,0,0
103,Marc Cucurella,es  ESP,"DF,MF",Getafe,23-079,1998,0.3,21,18,3,1,0,2,0,1,2,1,1,0,15,0,6,16,5,0,0,0,15,0,1,0,1
104,Jorge Cuenca,es  ESP,DF,Getafe,21-326,1999,5.0,176,167,9,8,0,25,5,0,0,0,0,0,123,14,39,136,21,11,1,1,137,1,5,2,3
105,Matheus Cunha,br  BRA,"FW,MF",Atlético Madrid,22-135,1999,1.1,26,25,1,1,0,6,1,2,0,0,0,0,16,4,6,6,15,1,0,2,22,0,1,1,1
106,Sergi Darder,es  ESP,MF,Espanyol,27-291,1993,6.8,297,286,11,6,0,45,17,7,1,0,0,0,220,35,42,26,259,9,0,3,258,2,3,4,6
107,Rodrigo De Paul,ar  ARG,MF,Atlético Madrid,27-138,1994,4.0,254,223,31,13,3,40,24,6,16,5,10,1,162,26,66,7,240,1,2,3,196,1,8,9,5
108,Thomas Delaney,dk  DEN,"MF,FW",Sevilla,30-036,1991,1.9,109,109,0,0,0,27,3,2,0,0,0,0,73,13,23,89,11,4,0,1,95,1,2,0,0
109,Yusuf Demir,at  AUT,FW,Barcelona,18-129,2003,1.8,72,63,9,2,0,15,0,1,5,0,0,0,59,8,5,63,5,0,2,1,67,0,2,0,1
110,Memphis Depay,nl  NED,FW,Barcelona,27-238,1994,7.0,324,263,61,18,1,50,16,25,30,15,2,1,227,31,66,28,282,3,2,5,238,2,4,14,13
111,Sergiño Dest,us  USA,DF,Barcelona,20-340,2000,5.8,405,344,61,7,1,38,7,26,0,0,0,0,301,54,50,78,264,6,54,0,352,0,5,7,12
112,Boulaye Dia,sn  SEN,FW,Villarreal,24-327,1996,3.9,79,74,5,0,0,38,1,2,0,0,0,0,63,9,7,8,66,0,0,1,61,2,2,3,1
113,Mouctar Diakhaby,fr  FRA,"DF,MF",Valencia,24-294,1996,1.1,41,41,0,0,0,11,2,0,0,0,0,0,27,7,7,5,30,2,0,1,27,0,2,0,2
114,Víctor Díaz,es  ESP,DF,Granada,33-119,1988,1.7,57,50,7,1,0,8,0,2,0,0,0,0,34,14,9,2,47,3,5,0,45,0,1,1,4
115,Landry Dimata,be  BEL,"FW,MF",Espanyol,24-038,1997,2.6,39,38,1,0,0,17,1,0,0,0,0,0,24,11,4,12,18,2,0,0,28,0,0,0,1
116,Stole Dimitrievski,mk  MKD,GK,Rayo Vallecano,27-288,1993,7.8,248,155,93,32,0,23,8,0,0,0,0,0,73,7,168,9,190,0,0,36,127,2,12,1,1
117,Matías Dituro,ar  ARG,GK,Celta Vigo,34-154,1987,8.0,269,196,73,20,0,16,16,0,0,0,0,0,119,20,130,12,208,0,0,28,190,0,5,2,2
118,Djené,tg  TOG,DF,Getafe,29-282,1991,7.9,327,314,13,12,0,42,8,2,0,0,0,0,227,30,70,58,234,20,1,1,269,1,3,5,6
119,Marko Dmitrović,rs  SRB,GK,Sevilla,29-258,1992,1.0,30,27,3,1,0,1,0,0,0,0,0,0,26,0,4,18,7,0,0,5,26,0,1,0,0
120,Carlos Dominguez,es  ESP,DF,Celta Vigo,20-281,2001,1.0,64,62,2,2,2,7,3,0,0,0,0,0,48,5,11,51,11,2,0,0,55,0,1,0,0
121,Domingos Duarte,pt  POR,DF,Granada,26-213,1995,6.8,204,182,22,21,0,32,4,0,0,0,0,0,116,25,63,15,166,14,1,1,154,1,4,8,2
122,Óscar Duarte,cr  CRC,DF,Levante,32-128,1989,3.8,190,176,14,10,0,16,8,0,0,0,0,0,154,11,25,35,144,3,0,0,175,0,2,1,1
123,Rubén Duarte,es  ESP,DF,Alavés,25-356,1995,5.4,257,196,61,3,0,34,10,13,2,2,0,0,115,65,77,163,23,13,56,0,184,1,5,12,10
124,Aritz Elustondo,es  ESP,DF,Real Sociedad,27-195,1994,6.9,397,383,14,8,0,31,8,0,0,0,0,0,305,24,68,46,311,21,6,0,352,1,5,1,5
125,Adri Embarba,es  ESP,"MF,FW",Espanyol,29-155,1992,7.2,232,182,50,8,0,36,13,24,38,14,16,0,109,38,85,31,183,6,4,2,128,2,6,14,14
126,Emerson,br  BRA,DF,Barcelona,22-268,1999,1.0,69,55,14,0,0,10,1,2,0,0,0,0,48,16,5,3,51,0,14,1,58,0,0,4,3
127,Youssef En-Nesyri,ma  MAR,FW,Sevilla,24-130,1997,4.9,56,51,5,0,1,14,3,1,0,0,0,0,31,15,10,42,4,4,0,2,44,0,2,3,1
128,Aarón Escandell,es  ESP,GK,Granada,26-012,1995,3.2,125,71,54,17,0,5,5,0,0,0,0,0,30,6,89,12,85,1,0,13,72,0,4,2,0
129,Sergio Escudero,es  ESP,"DF,MF",Granada,32-037,1989,1.1,29,24,5,0,0,6,0,1,1,0,1,0,14,4,11,21,1,1,4,1,19,0,2,1,1
130,Alfonso Espino,uy  URU,DF,Cádiz,29-277,1992,8.0,338,227,111,8,2,51,16,19,0,0,0,0,105,65,168,169,42,17,103,1,190,1,12,17,22
131,Pervis Estupiñán,ec  ECU,DF,Villarreal,23-261,1998,3.5,215,188,27,2,0,39,5,12,0,0,0,0,155,41,19,164,18,6,25,0,177,0,5,7,7
132,Radamel Falcao,co  COL,"FW,MF",Rayo Vallecano,35-241,1986,1.7,38,37,1,0,0,18,0,0,0,0,0,0,25,9,4,7,26,2,1,0,27,0,0,0,2
133,Fali,es  ESP,"DF,MF",Cádiz,28-058,1993,6.1,104,100,4,4,0,13,1,0,0,0,0,0,52,13,39,25,70,7,0,0,77,0,5,2,1
134,Ansu Fati,es  ESP,FW,Barcelona,18-343,2002,0.4,22,19,3,2,0,5,0,1,1,0,0,0,20,2,0,4,18,0,0,0,17,0,0,2,1
135,Aleix Febas,es  ESP,MF,Mallorca,25-249,1996,1.1,43,42,1,1,0,10,4,0,0,0,0,0,32,7,4,8,32,1,0,0,39,0,1,2,1
136,Nabil Fekir,fr  FRA,MF,Betis,28-083,1993,7.6,359,297,62,19,1,72,28,18,39,16,16,0,263,28,68,309,39,2,2,2,282,1,7,10,9
137,Felipe,br  BRA,DF,Atlético Madrid,32-146,1989,2.1,119,118,1,1,0,10,5,0,0,0,0,0,93,7,19,12,93,11,0,0,102,1,2,2,1
138,João Félix,pt  POR,FW,Atlético Madrid,21-333,1999,1.4,45,44,1,0,2,5,2,0,0,0,0,0,35,8,2,2,41,1,1,0,35,0,1,1,2
139,Aitor Fernández,es  ESP,GK,Levante,30-159,1991,5.0,157,93,64,14,0,5,8,0,0,0,0,0,70,9,78,9,120,0,0,20,110,0,6,1,1
140,Álex Fernández,es  ESP,MF,Cádiz,28-359,1992,4.0,132,120,12,3,0,32,11,5,9,2,4,1,75,20,37,30,91,8,0,0,87,0,2,8,10
141,Fernando,br  BRA,MF,Sevilla,34-076,1987,6.2,365,355,10,10,0,43,28,0,0,0,0,0,286,38,41,30,312,15,0,1,335,1,6,9,2
142,Fidel,es  ESP,MF,Elche,31-347,1989,6.6,296,265,31,13,2,61,14,11,17,9,7,1,195,44,57,263,25,6,1,0,222,2,6,18,11
143,José Fontán,es  ESP,DF,Celta Vigo,21-240,2000,1.5,127,125,2,2,0,9,5,0,0,0,0,0,108,7,12,101,23,3,0,0,115,0,2,0,0
144,Juan Foyth,ar  ARG,DF,Villarreal,23-270,1998,5.8,325,268,57,6,0,63,5,5,0,0,0,0,225,56,44,17,243,7,51,1,279,2,4,13,3
145,Enric Franquesa,es  ESP,DF,Levante,24-225,1997,1.6,59,43,16,1,0,10,1,1,1,1,0,0,33,12,14,37,3,3,14,0,46,0,0,0,3
146,Jorge de Frutos,es  ESP,"MF,FW",Levante,24-231,1997,4.0,117,108,9,0,0,28,3,11,2,0,0,1,74,21,22,12,96,4,5,0,80,1,7,7,7
147,Javi Galán,es  ESP,DF,Celta Vigo,26-324,1994,8.0,442,355,87,11,0,48,14,20,3,1,2,0,268,94,80,337,17,11,73,0,348,0,7,15,15
148,Iñigo Ruiz de Galarreta,es  ESP,MF,Mallorca,28-064,1993,3.5,192,184,8,7,0,24,4,0,1,1,0,0,140,21,31,24,157,9,0,0,163,1,1,4,4
149,Thiago Galhardo,br  BRA,"MF,FW",Celta Vigo,32-081,1989,1.3,29,28,1,0,1,8,0,1,0,0,0,0,11,7,11,4,14,5,1,2,17,0,0,1,2
150,Álvaro García,es  ESP,"FW,MF",Rayo Vallecano,28-347,1992,7.0,170,169,1,0,0,36,10,28,0,0,0,0,85,30,55,108,47,9,1,2,94,1,3,7,9
151,Dani García,es  ESP,MF,Athletic Club,31-138,1990,6.6,259,258,1,1,0,30,7,0,0,0,0,0,153,36,70,44,178,24,0,1,191,0,6,2,7
152,David García,es  ESP,DF,Osasuna,27-237,1994,8.0,338,332,6,6,0,57,11,0,0,0,0,0,204,44,90,125,147,39,0,0,274,0,5,9,2
153,Eric García,es  ESP,DF,Barcelona,20-273,2001,3.9,314,304,10,7,0,23,16,0,0,0,0,0,287,9,18,43,263,3,3,1,297,0,3,7,0
154,Francisco Garcia,es  ESP,DF,Rayo Vallecano,22-056,1999,8.0,358,274,84,5,0,59,7,15,2,1,1,0,192,86,80,261,8,10,77,0,286,3,3,4,11
155,Manu García,es  ESP,MF,Alavés,23-280,1998,3.4,169,148,21,12,0,36,15,8,6,2,2,1,103,21,45,9,154,2,2,1,133,0,3,6,6
156,Raúl García,es  ESP,FW,Athletic Club,35-090,1986,4.2,101,98,3,1,0,24,1,3,0,0,0,0,33,37,31,14,55,14,1,1,62,0,5,3,5
157,Rubén García,es  ESP,"MF,FW",Osasuna,28-087,1993,6.2,332,285,47,12,1,62,28,35,25,6,14,2,174,60,98,247,47,19,10,1,225,2,11,14,12
158,Saúl García,es  ESP,FW,Alavés,26-334,1994,0.0,3,3,0,0,0,0,0,0,0,0,0,0,0,0,3,1,2,0,0,0,1,0,0,0,0
159,Unai García,es  ESP,DF,Osasuna,29-248,1992,2.2,69,62,7,6,0,10,4,0,0,0,0,0,33,8,28,4,56,8,1,0,53,0,4,2,0
160,Mario Gaspar,es  ESP,"DF,MF",Villarreal,30-319,1990,1.2,82,67,15,1,0,8,1,3,0,0,0,0,57,14,11,6,58,2,14,0,65,0,0,5,1
161,Óscar Gil,es  ESP,DF,Espanyol,24-166,1997,6.5,233,184,49,3,1,22,5,7,0,0,0,0,143,52,38,14,165,5,46,1,197,1,2,5,5
162,Dani Gómez,es  ESP,FW,Levante,23-071,1998,2.2,31,28,3,0,0,9,0,0,0,0,0,0,21,8,2,6,22,1,1,1,27,0,0,0,2
163,Maxi Gómez,uy  URU,FW,Valencia,25-056,1996,6.8,146,139,7,1,0,53,3,5,0,0,0,0,77,30,39,6,96,14,2,5,100,3,4,5,6
164,Moi Gómez,es  ESP,"MF,FW",Villarreal,27-108,1994,3.3,155,148,7,1,0,36,6,4,5,3,0,0,120,17,18,48,100,4,1,1,131,1,2,7,2
165,Papu Gómez,ar  ARG,"MF,FW",Sevilla,33-236,1988,3.7,200,193,7,3,0,33,11,5,2,0,2,0,153,15,32,25,169,2,2,2,177,0,5,3,2
166,Sergi Gómez,es  ESP,DF,Espanyol,29-195,1992,7.0,292,270,22,16,0,24,7,0,0,0,0,0,231,21,40,24,256,9,0,0,256,0,2,3,2
167,Maxime Gonalons,fr  FRA,MF,Granada,32-213,1989,6.4,222,208,14,13,1,33,6,1,1,0,0,1,157,23,42,56,142,17,0,1,188,2,4,9,2
168,Diego González,es  ESP,DF,Elche,26-254,1995,5.4,191,177,14,14,0,29,5,0,0,0,0,0,138,18,35,88,90,7,0,2,160,1,2,2,5
169,Édgar González,es  ESP,DF,Betis,24-191,1997,5.9,363,355,8,6,0,17,4,0,0,0,0,0,319,16,28,76,268,12,2,1,336,1,2,3,3
170,Nicolás González,es  ESP,MF,Barcelona,19-279,2002,2.0,163,157,6,5,0,26,5,0,0,0,0,0,144,10,9,7,150,5,1,0,150,0,0,2,0
171,Roberto González,es  ESP,FW,Betis,20-276,2001,0.4,14,12,2,1,0,2,0,2,0,0,0,0,10,1,3,11,1,1,1,0,10,0,0,0,0
172,Gori,es  ESP,MF,Espanyol,19-147,2002,0.1,5,5,0,0,0,0,0,0,0,0,0,0,4,0,1,0,5,0,0,0,4,0,0,0,0
173,Andoni Gorosabel,es  ESP,DF,Real Sociedad,25-066,1996,5.9,362,280,82,8,1,26,4,7,0,0,0,0,219,78,65,22,252,9,74,0,307,0,6,15,8
174,Jaume Grau,es  ESP,MF,Osasuna,24-157,1997,0.0,4,4,0,0,0,2,0,0,0,0,0,0,4,0,0,4,0,0,0,0,2,0,0,0,0
175,Dominik Greif,sk  SVK,GK,Mallorca,24-186,1997,1.0,31,19,12,2,0,2,0,0,0,0,0,0,18,0,13,4,21,0,0,6,20,0,2,0,0
176,Arnaut Groeneveld,nl  NED,"FW,MF",Villarreal,24-251,1997,3.8,89,86,3,0,0,21,2,6,3,2,0,0,76,8,5,23,66,0,0,0,60,1,0,7,6
177,Andrés Guardado,mx  MEX,MF,Betis,35-011,1986,3.0,210,198,12,10,0,25,8,0,0,0,0,0,160,20,30,180,20,3,2,2,185,0,3,7,2
178,Sergi Guardiola,es  ESP,FW,Rayo Vallecano,30-133,1991,1.4,31,28,3,0,1,13,0,2,0,0,0,0,24,5,2,22,6,1,0,0,22,0,0,3,2
179,Nemanja Gudelj,rs  SRB,MF,Sevilla,29-327,1991,0.2,18,18,0,0,0,6,0,0,0,0,0,0,14,3,1,1,15,1,0,0,17,0,0,1,0
180,Gonçalo Guedes,pt  POR,"FW,MF",Valencia,24-314,1996,7.1,244,216,28,13,1,47,11,18,6,5,1,0,139,47,58,20,205,9,6,2,164,1,5,9,18
181,Ander Guevara,es  ESP,MF,Real Sociedad,24-094,1997,2.3,152,147,5,5,0,29,2,0,0,0,0,0,106,29,17,24,115,9,0,0,129,3,3,3,3
182,John Guidetti,se  SWE,"FW,MF",Alavés,29-177,1992,2.6,60,56,4,0,0,11,1,2,0,0,0,0,35,20,5,2,49,6,0,0,44,0,0,5,3
183,Hugo Guillamón,es  ESP,MF,Valencia,21-251,2000,5.6,277,250,27,23,0,48,20,0,2,1,1,0,193,36,48,51,203,12,2,2,243,0,7,8,4
184,Gerard Gumbau,es  ESP,MF,Elche,26-295,1994,1.2,41,40,1,0,0,12,1,0,0,0,0,0,28,5,8,33,3,2,1,0,30,0,3,0,0
185,Jon Guridi,es  ESP,MF,Real Sociedad,26-223,1995,0.1,3,3,0,0,0,0,0,0,0,0,0,0,1,1,1,3,0,0,0,0,3,0,0,0,0
186,Raúl Guti,es  ESP,MF,Elche,24-283,1996,6.9,238,233,5,4,0,41,9,2,1,0,0,0,193,22,23,7,225,3,0,1,201,0,6,10,4
187,Marcos Mauro López Gutiérrez,ar  ARG,DF,Cádiz,30-273,1991,1.0,13,11,2,2,0,4,0,0,0,0,0,0,5,1,7,1,10,0,0,0,7,0,0,0,0
188,Miguel Gutiérrez,es  ESP,DF,Real Madrid,20-074,2001,2.9,187,159,28,5,1,18,7,8,0,0,0,0,132,28,27,128,30,6,23,0,168,0,3,4,4
189,Munir El Haddadi,ma  MAR,FW,Sevilla,26-038,1995,0.5,11,10,1,0,0,1,0,0,0,0,0,0,7,4,0,7,0,2,1,1,8,0,0,1,0
190,Varazdat Haroyan,am  ARM,DF,Cádiz,29-046,1992,6.4,112,105,7,7,0,25,3,0,0,0,0,0,63,13,36,10,85,8,0,1,85,0,5,3,2
191,Eden Hazard,be  BEL,"FW,MF",Real Madrid,30-275,1991,3.5,166,159,7,2,1,37,1,4,2,0,0,0,136,21,9,30,124,6,2,4,147,2,0,3,4
192,Kike Hermoso,es  ESP,DF,Betis,22-060,1999,1.0,51,50,1,1,0,3,0,0,0,0,0,0,44,2,5,2,47,1,0,0,47,0,1,0,0
193,Mario Hermoso,es  ESP,DF,Atlético Madrid,26-113,1995,5.2,346,315,31,7,0,33,27,4,0,0,0,0,224,45,77,250,46,15,24,2,300,1,9,7,5
194,Aridane Hernández,gq  EQG,DF,Osasuna,32-200,1989,5.8,239,227,12,10,0,34,10,0,0,0,0,0,155,19,65,37,175,16,1,1,193,0,10,4,0
195,Héctor Herrera,mx  MEX,MF,Atlético Madrid,31-173,1990,1.7,118,113,5,4,0,7,5,2,0,0,0,0,84,14,20,15,95,6,1,0,103,0,4,4,0
196,Sergio Herrera,es  ESP,GK,Osasuna,28-126,1993,8.0,231,152,79,30,0,8,8,0,0,0,0,0,42,3,186,10,175,3,0,17,132,0,4,4,0
197,Matthew Hoppe,us  USA,FW,Mallorca,20-210,2001,1.0,29,24,5,0,0,11,0,0,0,0,0,0,21,6,2,3,22,2,0,0,21,0,1,0,3
198,Robert Ibáñez,es  ESP,MF,Osasuna,28-201,1993,0.9,38,37,1,0,0,17,1,1,0,0,0,0,24,9,5,15,19,3,1,0,32,0,0,0,2
199,Vicente Iborra,es  ESP,MF,Villarreal,33-266,1988,0.0,3,3,0,0,0,0,0,0,0,0,0,0,3,0,0,0,3,0,0,0,3,0,0,0,0
200,Oussama Idrissi,ma  MAR,"FW,MF",Sevilla,25-225,1996,0.8,33,31,2,0,0,6,0,0,0,0,0,0,22,7,4,4,25,1,2,0,25,1,0,2,1
201,Iglesias,es  ESP,DF,Getafe,23-098,1998,3.0,124,88,36,3,0,13,6,6,2,1,1,0,41,20,63,4,79,6,31,0,65,1,1,6,11
202,Borja Iglesias,es  ESP,FW,Betis,28-265,1993,4.0,69,62,7,0,0,20,2,2,1,0,0,0,53,9,7,17,47,1,0,0,51,0,1,3,2
203,Alexander Isak,se  SWE,FW,Real Sociedad,22-018,1999,3.5,52,48,4,0,1,13,0,3,0,0,0,0,36,10,6,11,36,0,1,1,42,0,1,1,2
204,Isco,es  ESP,MF,Real Madrid,29-171,1992,1.9,128,118,10,7,1,22,3,3,3,0,2,0,102,6,20,12,114,1,0,0,112,1,2,2,2
205,Nicolas Jackson,sn  SEN,FW,Villarreal,20-111,2001,0.0,1,1,0,0,0,0,0,0,0,0,0,0,1,0,0,0,1,0,0,0,1,0,0,0,0
206,Jakub Jankto,cz  CZE,"MF,DF",Getafe,25-263,1996,2.6,96,87,9,1,0,25,3,8,1,0,1,0,61,13,22,68,13,4,7,2,71,2,3,2,4
207,Adnan Januzaj,be  BEL,"FW,MF",Real Sociedad,26-246,1995,2.7,94,75,19,6,1,20,9,9,13,1,9,0,56,14,24,85,7,0,0,0,60,0,4,5,4
208,Jason,es  ESP,MF,Valencia,27-095,1994,0.7,15,12,3,1,0,2,1,2,0,0,0,0,9,3,3,1,11,1,2,0,11,0,1,0,1
209,Luis Javier Suárez,co  COL,FW,Granada,23-311,1997,6.3,97,95,2,0,0,31,3,5,0,0,0,0,55,15,27,18,64,4,0,2,53,0,5,5,7
210,Álvaro Jiménez,es  ESP,"MF,FW",Cádiz,26-143,1995,1.6,40,37,3,0,0,11,4,10,1,0,1,0,19,9,12,5,29,2,2,1,23,0,3,0,3
211,Joaquín,es  ESP,"FW,MF",Betis,40-080,1981,0.7,44,41,3,0,0,9,2,3,1,0,1,0,31,7,6,1,41,0,2,0,37,0,0,0,2
212,Frenkie de Jong,nl  NED,MF,Barcelona,24-150,1997,5.5,386,378,8,6,4,82,6,9,0,0,0,0,320,34,32,22,342,9,2,3,353,1,2,4,6
213,Luuk de Jong,nl  NED,FW,Barcelona,31-043,1990,2.3,60,57,3,0,0,18,0,0,0,0,0,0,48,7,5,8,46,2,0,0,50,0,0,3,0
214,Joan Jordán,es  ESP,MF,Sevilla,27-095,1994,4.9,320,315,5,5,0,60,17,2,0,0,0,0,242,38,40,48,255,15,0,2,283,0,3,8,3
215,Josan,es  ESP,DF,Elche,31-310,1989,3.6,126,108,18,0,0,19,3,17,0,0,0,0,65,35,26,12,92,3,18,0,87,1,2,10,9
216,Willian José,br  BRA,FW,Betis,29-320,1991,2.9,78,71,7,0,1,24,3,0,0,0,0,0,49,19,10,6,63,2,0,6,59,2,3,4,2
217,Joselu,es  ESP,FW,Alavés,31-196,1990,5.7,193,182,11,0,0,74,1,10,0,0,0,0,79,57,57,28,85,22,0,10,126,2,2,9,3
218,Josema,es  ESP,DF,Elche,25-125,1996,0.7,10,8,2,2,0,2,0,0,0,0,0,0,3,2,5,7,2,0,0,0,6,0,1,2,0
219,Luka Jović,rs  SRB,"FW,MF",Real Madrid,23-290,1997,0.7,12,11,1,1,0,6,1,1,0,0,0,0,5,3,4,6,3,1,0,0,8,0,0,0,0
220,José Juan Macías,mx  MEX,FW,Getafe,22-017,1999,2.2,45,43,2,0,0,10,0,4,0,0,0,0,29,7,9,4,32,4,0,1,30,0,1,3,2
221,Juanmi,es  ESP,FW,Betis,28-142,1993,3.9,87,84,3,1,0,12,2,1,0,0,0,0,62,15,10,12,66,6,1,0,70,0,2,5,5
222,Lago Junior,ci  CIV,"FW,MF",Mallorca,30-282,1990,1.8,46,45,1,0,0,12,0,4,0,0,0,0,26,9,11,8,31,1,1,0,26,0,1,1,5
223,Vinicius Júnior,br  BRA,"FW,MF",Real Madrid,21-089,2000,6.3,242,236,6,1,0,37,5,19,2,1,0,0,200,22,20,27,210,2,3,0,196,1,1,8,13
224,Jens Jønsson,dk  DEN,MF,Cádiz,28-272,1993,4.0,81,79,2,2,0,26,0,1,0,0,0,0,52,9,20,11,55,7,0,0,61,0,2,2,1
225,Lee Kangin,kr  KOR,MF,Mallorca,20-232,2001,2.7,100,76,24,10,0,17,11,5,12,2,5,1,64,7,29,84,12,3,1,0,78,0,4,3,1
226,Kike,es  ESP,"FW,MF",Osasuna,31-318,1989,6.7,162,159,3,0,0,47,6,8,0,0,0,0,108,25,29,41,91,13,0,5,116,1,3,7,4
227,Koba Koindredi,fr  FRA,MF,Valencia,19-347,2001,0.3,9,9,0,0,0,1,1,0,0,0,0,0,8,0,1,8,1,0,0,0,9,0,0,0,0
228,Koke,es  ESP,MF,Atlético Madrid,29-274,1992,4.7,251,239,12,8,0,27,10,1,4,0,4,0,188,28,35,17,230,4,0,0,214,0,2,5,7
229,Geoffrey Kondogbia,cf  CTA,"MF,DF",Atlético Madrid,28-236,1993,3.9,211,208,3,3,0,45,15,0,0,0,0,0,166,15,30,169,31,2,0,0,186,1,3,6,2
230,Jules Koundé,fr  FRA,DF,Sevilla,22-331,1998,6.0,420,406,14,14,0,50,12,1,0,0,0,0,361,23,36,44,354,14,0,0,390,0,5,3,5
231,Toni Kroos,de  GER,MF,Real Madrid,31-278,1990,0.7,44,39,5,0,0,1,6,0,5,2,2,1,34,3,7,2,42,0,0,0,38,2,0,1,0
232,Takefusa Kubo,jp  JPN,"MF,FW",Mallorca,20-127,2001,4.6,110,105,5,2,0,23,1,4,3,0,2,0,88,8,14,85,19,4,0,1,87,1,1,3,4
233,Víctor Laguardia,es  ESP,DF,Alavés,31-338,1989,6.0,236,222,14,14,0,27,13,0,0,0,0,0,152,14,70,15,200,14,0,0,203,1,2,2,3
234,Érik Lamela,ar  ARG,"FW,MF",Sevilla,29-219,1992,3.9,145,138,7,3,0,36,5,4,4,2,0,1,108,20,17,121,18,3,0,1,118,1,2,7,5
235,Toni Lato,es  ESP,DF,Valencia,23-322,1997,3.5,184,144,40,4,0,25,6,12,0,0,0,0,98,49,37,126,15,6,36,0,148,0,1,6,4
236,Robin Le Normand,fr  FRA,DF,Real Sociedad,24-332,1996,8.0,502,481,21,18,0,39,8,0,0,0,0,0,404,27,71,36,411,29,3,1,462,1,7,2,0
237,Jeremías Ledesma,ar  ARG,GK,Cádiz,28-238,1993,8.0,227,119,108,26,0,3,11,0,0,0,0,0,25,3,199,5,159,0,0,11,97,1,9,5,1
238,Wu Lei,cn  CHN,"MF,FW",Espanyol,29-324,1991,2.5,43,43,0,0,0,14,2,3,0,0,0,0,19,12,12,4,25,8,0,1,32,0,2,1,1
239,Florian Lejeune,fr  FRA,DF,Alavés,30-142,1991,3.0,140,133,7,6,0,13,13,0,0,0,0,0,93,12,35,18,109,10,0,1,124,0,2,2,1
240,Iñigo Lekue,es  ESP,DF,Athletic Club,28-158,1993,7.4,386,294,92,8,0,31,9,12,0,0,0,0,178,88,120,50,229,18,84,0,273,0,9,21,10
241,Thomas Lemar,fr  FRA,MF,Atlético Madrid,25-331,1995,3.8,182,161,21,2,2,26,7,5,12,3,7,0,123,33,26,139,28,5,7,0,146,0,1,7,5
242,Clément Lenglet,fr  FRA,DF,Barcelona,26-114,1995,1.1,114,109,5,3,1,18,1,0,0,0,0,0,99,9,6,102,6,1,2,0,104,0,0,4,2
243,Marcos Llorente,es  ESP,"MF,DF",Atlético Madrid,26-252,1995,7.7,365,331,34,0,0,38,5,23,0,0,0,0,257,62,46,19,302,5,33,3,291,3,8,11,20
244,Julen Lobete,es  ESP,FW,Real Sociedad,21-021,2000,2.4,44,40,4,1,0,8,0,0,0,0,0,0,36,5,3,4,37,0,0,0,34,0,0,3,1
245,Renan Lodi,br  BRA,DF,Atlético Madrid,23-184,1998,2.5,139,122,17,1,0,13,5,14,1,0,0,0,79,30,30,95,16,8,15,1,104,0,4,6,8
246,David López,es  ESP,MF,Espanyol,32-000,1989,2.6,94,90,4,4,1,24,1,0,0,0,0,0,62,13,19,16,64,7,0,0,78,0,2,3,3
247,Diego López,es  ESP,GK,Espanyol,39-340,1981,8.0,267,146,121,35,0,10,9,0,0,0,0,0,130,19,118,25,196,0,0,33,178,1,9,2,1
248,Javi López,es  ESP,DF,Alavés,19-281,2002,1.2,52,36,16,2,0,6,0,3,0,0,0,0,31,8,13,33,2,3,14,0,40,0,0,1,1
249,Unai López,es  ESP,MF,Rayo Vallecano,25-344,1995,2.1,169,155,14,7,0,46,15,3,7,2,4,0,115,23,31,4,157,4,0,1,137,1,3,7,4
250,Anthony Lozano,hn  HON,"FW,MF",Cádiz,28-167,1993,3.4,52,50,2,0,1,17,2,3,0,0,0,0,28,10,14,9,36,4,0,0,33,0,0,4,4
251,José Luis Gayà,es  ESP,DF,Valencia,26-137,1995,3.5,134,101,33,3,0,17,7,6,0,0,0,0,58,29,47,85,12,5,30,0,100,1,1,3,3
252,José Luis Morales,es  ESP,"FW,MF",Levante,34-078,1987,6.4,173,154,19,4,0,33,12,12,7,3,4,0,101,34,38,27,130,6,3,1,122,1,5,8,9
253,Florentino Luís,pt  POR,MF,Getafe,22-051,1999,3.5,145,143,2,2,0,28,6,1,0,0,0,0,103,23,19,12,122,9,0,0,125,0,4,4,5
254,Darwin Machís,ve  VEN,"FW,MF",Granada,28-244,1993,3.0,62,60,2,0,0,19,4,3,1,1,0,0,36,11,15,13,43,2,0,2,35,0,4,4,5
255,Pablo Maffeo,es  ESP,DF,Mallorca,24-089,1997,5.4,221,158,63,6,1,24,4,8,0,0,0,0,105,34,82,19,126,11,57,2,156,1,1,5,6
256,Nemanja Maksimović,rs  SRB,MF,Getafe,26-256,1995,7.5,224,215,9,3,0,37,6,2,2,0,0,0,147,28,49,25,164,22,4,1,175,1,6,5,4
257,Hugo Mallo,es  ESP,DF,Celta Vigo,30-109,1991,7.0,458,379,79,5,0,61,3,22,0,0,0,0,256,107,95,55,299,17,74,1,345,4,7,14,13
258,Mickael Malsa,mq  MTQ,MF,Levante,25-362,1995,1.6,70,69,1,1,2,10,1,0,0,0,0,0,51,6,13,5,61,1,0,0,60,0,1,3,1
259,Giorgi Mamardashvili,ge  GEO,GK,Valencia,21-010,2000,6.0,154,87,67,22,0,10,7,0,0,0,0,0,46,5,103,92,36,0,0,21,91,1,5,0,1
260,Aïssa Mandi,dz  ALG,DF,Villarreal,29-352,1991,5.0,300,283,17,17,0,31,8,0,0,0,0,0,275,11,14,31,262,6,0,0,287,0,3,2,1
261,Maranhão,br  BRA,"FW,MF",Valencia,24-354,1996,1.9,40,38,2,0,0,13,3,0,2,1,1,0,25,8,7,4,30,2,0,0,28,1,1,2,2
262,Nikola Maraš,rs  SRB,DF,Rayo Vallecano,25-294,1995,1.1,30,29,1,1,0,15,1,0,0,0,0,0,24,1,5,5,23,1,0,0,26,0,1,1,1
263,Marcelo,br  BRA,DF,Real Madrid,33-150,1988,0.0,4,3,1,0,0,0,0,0,0,0,0,0,2,2,0,1,2,0,1,0,3,0,0,0,1
264,Iván Marcone,ar  ARG,MF,Elche,31-128,1990,3.7,158,150,8,8,0,32,7,0,0,0,0,0,113,20,25,8,138,6,0,4,137,0,3,4,7
265,Óscar de Marcos,es  ESP,DF,Athletic Club,32-178,1989,2.0,103,76,27,5,0,6,2,4,0,0,0,0,55,19,29,2,68,9,22,0,74,0,0,6,6
266,José María Giménez,uy  URU,DF,Atlético Madrid,26-262,1995,6.0,234,219,15,15,0,12,11,0,0,0,0,0,181,15,38,26,189,13,0,2,217,2,2,0,1
267,Roger Martí,es  ESP,FW,Levante,30-279,1991,6.4,114,109,5,0,1,36,3,2,0,0,0,0,74,23,17,8,97,3,0,3,74,0,6,10,5
268,Martín,es  ESP,"MF,DF",Cádiz,22-222,1999,0.3,9,8,1,1,0,3,0,1,0,0,0,0,0,1,8,0,4,2,0,0,5,0,0,0,0
269,Andrés Martín,es  ESP,"FW,MF",Rayo Vallecano,22-090,1999,1.3,13,9,4,1,0,1,0,1,1,1,0,0,9,2,2,11,2,0,0,0,9,0,0,0,1
270,Iván Martín,es  ESP,"MF,FW",Alavés,22-237,1999,0.8,35,35,0,0,0,14,3,2,0,0,0,0,22,8,5,28,5,1,0,1,27,0,1,2,2
271,Iñigo Martínez,es  ESP,DF,Athletic Club,30-145,1991,8.0,347,318,29,29,0,37,25,3,0,0,0,0,202,31,114,241,61,31,0,2,269,1,11,10,6
272,Javi Martínez,es  ESP,MF,Osasuna,21-291,1999,2.4,102,98,4,0,0,11,6,8,1,0,0,1,66,19,17,7,85,5,3,0,71,0,3,4,9
273,Pablo Martínez,es  ESP,MF,Levante,23-229,1998,4.8,156,146,10,7,4,31,4,7,1,0,0,1,91,27,38,19,121,7,1,1,101,1,3,7,11
274,Omar Mascarell,es  ESP,MF,Elche,28-249,1993,4.0,175,169,6,5,0,44,2,0,0,0,0,0,113,35,27,34,129,6,0,1,154,0,0,2,7
275,Jaime Mata,es  ESP,FW,Getafe,32-350,1988,4.0,91,87,4,0,0,30,3,4,0,0,0,0,52,15,24,18,52,5,2,3,61,0,2,4,5
276,Luís Maximiano,pt  POR,GK,Granada,22-277,1999,4.8,165,98,67,14,0,3,2,0,0,0,0,0,41,10,114,13,110,0,0,17,81,0,5,0,1
277,Jordi Mboula,es  ESP,FW,Mallorca,22-207,1999,3.3,62,61,1,0,0,14,1,7,0,0,0,0,38,11,13,9,38,8,1,0,35,0,2,2,3
278,Óscar Melendo,es  ESP,MF,Espanyol,24-047,1997,1.8,52,50,2,0,2,5,0,0,0,0,0,0,46,0,6,41,10,1,0,0,50,1,0,0,0
279,Gonzalo Melero,es  ESP,MF,Levante,27-280,1994,5.6,222,215,7,7,1,49,8,1,0,0,0,0,178,30,14,16,194,7,0,3,188,1,0,8,6
280,Brais Méndez,es  ESP,MF,Celta Vigo,24-275,1997,6.2,317,310,7,0,1,49,12,7,1,0,1,0,217,52,48,250,39,13,5,2,247,0,8,11,10
281,Édgar Méndez,es  ESP,"FW,MF",Alavés,31-280,1990,1.7,28,26,2,1,0,10,1,5,0,0,0,0,15,5,8,3,21,0,1,0,18,0,3,1,1
282,Fran Mérida,es  ESP,MF,Espanyol,31-219,1990,1.5,88,85,3,3,0,8,3,0,0,0,0,0,43,18,27,66,14,7,0,1,60,1,2,6,3
283,Mikel Merino,es  ESP,MF,Real Sociedad,25-109,1996,7.9,437,430,7,6,0,78,17,7,0,0,0,0,297,57,83,363,32,18,1,1,352,3,5,16,11
284,Martín Merquelanz,es  ESP,FW,Rayo Vallecano,26-119,1995,1.9,69,62,7,4,0,13,5,4,3,2,1,0,43,7,19,49,10,5,0,1,49,0,3,3,4
285,Matt Miazga,us  USA,DF,Alavés,26-082,1995,4.1,151,143,8,8,0,18,11,0,0,0,0,0,107,16,28,19,118,9,0,0,131,0,3,6,1
286,Miguel,es  ESP,"FW,MF",Alavés,22-036,1999,1.5,35,34,1,0,0,8,1,2,0,0,0,0,22,6,7,4,26,2,0,2,23,1,0,0,5
287,Éder Militão,br  BRA,DF,Real Madrid,23-264,1998,8.0,456,425,31,12,0,31,14,4,0,0,0,0,373,30,53,28,390,25,6,1,416,1,5,5,4
288,Luis Milla,es  ESP,MF,Granada,27-002,1994,5.7,171,145,26,16,0,17,11,3,7,3,3,1,105,17,49,19,140,9,0,0,127,0,5,5,2
289,Pere Milla,es  ESP,"FW,MF",Elche,29-016,1992,2.8,81,77,4,0,0,24,2,0,1,1,0,0,58,11,12,48,17,5,2,5,56,1,3,3,5
290,Santi Mina,es  ESP,FW,Celta Vigo,25-306,1995,7.7,162,157,5,0,0,58,4,2,0,0,0,0,85,56,21,7,113,11,2,5,111,0,4,6,11
291,Óscar Mingueza,es  ESP,DF,Barcelona,22-149,1999,3.3,234,209,25,3,1,22,4,18,0,0,0,0,173,27,34,31,177,4,22,0,195,0,3,4,5
292,Rafa Mir,es  ESP,FW,Sevilla,24-113,1997,2.7,49,45,4,0,0,22,1,2,0,0,0,0,23,15,11,9,26,2,0,2,34,0,3,2,0
293,Jorge Miramón,es  ESP,DF,Levante,32-129,1989,6.0,271,219,52,5,0,35,10,9,0,0,0,0,122,85,64,12,188,20,47,0,202,1,11,10,13
294,Juan Miranda,es  ESP,DF,Betis,21-263,2000,3.6,205,165,40,5,0,19,4,13,0,0,0,0,116,37,52,155,4,7,35,0,165,1,2,6,2
295,Stefan Mitrović,rs  SRB,DF,Getafe,31-140,1990,4.0,147,139,8,8,0,21,5,0,0,0,0,0,89,10,48,71,53,14,0,2,114,0,4,4,0
296,Luka Modrić,hr  CRO,MF,Real Madrid,36-030,1985,4.0,331,301,30,20,0,40,20,10,8,2,2,0,254,35,42,27,297,4,0,1,287,2,2,7,9
297,Johan Mojica,co  COL,DF,Elche,29-049,1992,7.9,454,362,92,9,0,62,20,32,1,0,1,0,211,126,117,335,18,16,82,1,343,2,7,13,28
298,Jorge Molina,es  ESP,FW,Granada,39-170,1982,2.0,55,53,2,0,0,20,2,1,0,0,0,0,23,13,19,16,17,10,0,4,28,0,2,2,3
299,Jon Moncayola,es  ESP,MF,Osasuna,23-149,1998,6.2,277,266,11,8,0,53,12,10,0,0,0,0,160,47,70,26,226,16,3,0,208,0,6,9,8
300,Monchu,es  ESP,MF,Granada,22-026,1999,3.8,121,118,3,2,0,21,1,1,0,0,0,0,69,22,30,10,95,9,1,1,92,0,7,3,1
301,Gonzalo Montiel,ar  ARG,DF,Sevilla,24-281,1997,1.1,76,68,8,0,0,13,3,5,0,0,0,0,44,15,17,4,60,2,8,1,57,0,1,3,2
302,Ángel Montoro,es  ESP,MF,Granada,33-106,1988,6.2,214,180,34,16,0,31,17,4,14,6,5,3,112,39,63,16,186,8,0,1,155,0,7,6,9
303,Martín Montoya,es  ESP,DF,Betis,30-178,1991,3.8,227,197,30,4,0,19,4,8,0,0,0,0,165,35,27,28,165,5,26,0,193,0,5,1,3
304,Jon Morcillo,es  ESP,"MF,FW",Athletic Club,23-024,1998,0.4,18,18,0,0,0,2,1,3,0,0,0,0,9,3,6,15,0,3,0,0,10,0,3,0,2
305,Alberto Moreno,es  ESP,"MF,DF",Villarreal,29-096,1992,4.2,253,229,24,7,0,35,1,5,3,1,0,0,200,24,29,219,15,3,14,1,210,5,5,3,10
306,Álex Moreno,es  ESP,DF,Betis,28-123,1993,3.6,166,130,36,5,0,24,2,15,0,0,0,0,94,44,28,118,9,3,31,0,127,1,3,6,7
307,Gerard Moreno,es  ESP,FW,Villarreal,29-185,1992,3.0,79,77,2,0,1,23,2,2,0,0,0,0,51,16,12,56,14,3,1,0,54,0,2,5,6
308,Tete Morente,es  ESP,"MF,FW",Elche,24-309,1996,1.0,39,37,2,0,0,3,1,3,2,0,1,0,26,8,5,4,29,3,0,1,31,0,0,1,1
309,Manu Morlanes,es  ESP,MF,Espanyol,22-270,1999,2.7,126,119,7,7,0,11,3,0,0,0,0,0,107,5,14,23,96,5,0,0,113,1,0,4,1
310,Toni Moya,es  ESP,MF,Alavés,23-203,1998,2.7,123,96,27,15,0,12,17,5,12,4,6,2,73,13,37,9,108,5,0,0,92,0,4,6,1
311,Iker Muniain,es  ESP,MF,Athletic Club,28-294,1992,6.6,279,218,61,20,0,28,14,19,27,2,15,1,181,35,63,17,251,5,5,0,209,1,7,7,5
312,Aihen Muñoz,es  ESP,DF,Real Sociedad,24-054,1997,7.8,405,317,88,14,1,34,4,21,0,0,0,0,249,73,83,275,29,20,74,0,316,1,7,14,20
313,Jeison Murillo,co  COL,DF,Celta Vigo,29-135,1992,4.8,330,317,13,13,0,20,19,0,0,0,0,0,269,18,43,71,237,13,0,2,295,0,5,4,2
314,Yunus Musah,us  USA,MF,Valencia,18-314,2002,3.3,91,85,6,1,0,25,1,9,0,0,0,0,69,15,7,9,70,2,5,1,67,0,2,4,6
315,Shkodran Mustafi,de  GER,DF,Levante,29-175,1992,2.1,91,85,6,6,0,13,9,0,0,0,0,0,54,9,28,10,70,9,0,0,67,0,2,2,1
316,Nacho,es  ESP,DF,Real Madrid,31-264,1990,6.9,439,406,33,10,0,20,4,6,0,0,0,0,359,41,39,93,314,8,21,0,409,0,5,4,6
317,Roberto Navarro,es  ESP,"MF,FW",Real Sociedad,19-180,2002,1.4,59,58,1,1,1,12,1,1,0,0,0,0,37,13,9,2,50,5,0,0,48,1,0,2,3
318,Ximo Navarro,es  ESP,DF,Alavés,31-259,1990,5.0,192,142,50,4,0,20,9,11,0,0,0,0,92,29,71,13,122,5,46,1,129,2,11,5,9
319,Jesús Navas,es  ESP,DF,Sevilla,35-322,1985,5.9,401,339,62,5,0,46,22,25,1,0,1,0,221,89,91,11,317,13,56,2,316,2,9,11,9
320,Loum Ndiaye,sn  SEN,MF,Alavés,24-283,1996,4.5,147,144,3,3,0,26,7,1,0,0,0,0,102,20,25,10,125,4,0,0,117,0,4,5,3
321,Álvaro Negredo,es  ESP,FW,Cádiz,36-050,1985,4.4,94,84,10,0,0,34,2,2,0,0,0,0,39,23,32,49,12,9,2,3,53,0,4,5,1
322,Neto,br  BRA,GK,Barcelona,32-082,1989,2.0,97,76,21,5,0,24,2,0,0,0,0,0,54,1,42,10,74,0,0,11,78,0,2,0,0
323,Carlos Neva,es  ESP,DF,Granada,25-119,1996,7.4,248,184,64,2,0,28,3,13,0,0,0,0,109,59,80,153,23,8,62,0,176,0,6,10,13
324,Saúl Ñíguez,es  ESP,"DF,MF",Atlético Madrid,26-322,1994,2.2,119,98,21,0,0,17,2,3,0,0,0,0,64,37,18,73,16,3,21,0,96,0,4,1,2
325,Fernando Niño,es  ESP,FW,Mallorca,20-350,2000,4.3,85,77,8,0,0,27,1,0,0,0,0,0,47,21,17,3,47,11,0,7,60,2,2,2,2
326,Nolito,es  ESP,MF,Celta Vigo,34-359,1986,4.7,172,166,6,3,1,35,8,3,1,1,0,0,115,23,34,14,149,5,2,0,139,1,2,7,3
327,Randy Ntekja,fr  FRA,FW,Rayo Vallecano,23-307,1997,4.5,92,87,5,0,0,25,0,0,0,0,0,0,57,19,16,62,12,6,0,2,61,0,1,6,4
328,Unai Núñez,es  ESP,DF,Athletic Club,24-252,1997,1.0,53,52,1,1,0,14,2,0,0,0,0,0,32,3,18,9,37,3,0,0,40,0,3,2,2
329,Jan Oblak,si  SVN,GK,Atlético Madrid,28-275,1993,8.0,214,142,72,16,0,3,4,0,0,0,0,0,109,17,88,16,144,1,0,41,152,1,2,1,0
330,Lucas Ocampos,ar  ARG,FW,Sevilla,27-090,1994,2.4,72,69,3,1,0,11,3,7,0,0,0,0,50,8,14,5,61,2,2,1,53,1,1,2,3
331,Brian Oliván,es  ESP,DF,Mallorca,27-191,1994,7.0,283,227,56,7,1,29,10,15,0,0,0,0,142,47,94,205,18,11,47,1,193,3,10,9,6
332,Mathías Olivera,uy  URU,DF,Getafe,23-343,1997,7.6,354,291,63,9,0,63,9,16,0,0,0,0,215,61,78,238,26,21,54,2,277,1,6,10,11
333,Javier Ontiveros,es  ESP,"MF,FW",Osasuna,24-030,1997,0.3,21,20,1,1,0,4,1,0,0,0,0,0,16,3,2,6,12,2,0,1,17,0,1,1,0
334,Pedro Ortiz,es  ESP,MF,Sevilla,21-051,2000,0.1,14,14,0,0,1,0,2,0,0,0,0,0,13,0,1,12,2,0,0,0,14,0,0,0,0
335,Milutin Osmajić,me  MNE,"FW,MF",Cádiz,22-076,1999,1.8,37,34,3,0,0,20,0,0,0,0,0,0,19,10,8,3,20,3,0,1,19,0,1,2,2
336,Mikel Oyarzabal,es  ESP,"MF,FW",Real Sociedad,24-171,1997,7.1,276,232,44,15,1,51,18,19,23,12,8,1,173,47,56,217,33,9,5,1,194,1,8,8,15
337,Fernando Pacheco,es  ESP,GK,Alavés,29-144,1992,6.0,191,113,78,18,0,11,7,0,0,0,0,0,66,11,114,124,35,0,0,12,136,0,8,0,0
338,Jon Pacheco,es  ESP,DF,Real Sociedad,20-274,2001,0.1,4,4,0,0,0,0,0,0,0,0,0,0,3,0,1,3,0,1,0,0,4,0,0,0,0
339,Gavi Paez,es  ESP,"MF,FW",Barcelona,17-065,2004,3.0,217,212,5,2,1,30,1,3,1,0,0,0,188,9,20,24,176,10,2,0,196,0,2,4,2
340,Helibelton Palacios,co  COL,DF,Elche,28-122,1993,4.5,226,174,52,4,0,17,4,8,0,0,0,0,139,33,54,18,150,5,48,3,177,0,2,8,13
341,Isaac Palazón Camacho,es  ESP,"FW,MF",Rayo Vallecano,26-286,1994,5.9,170,164,6,4,1,67,4,5,2,1,1,0,108,21,41,133,12,15,0,2,128,0,4,5,4
342,Daniel Parejo,es  ESP,MF,Villarreal,32-176,1989,3.4,280,252,28,15,1,44,14,7,12,8,0,0,219,24,37,27,251,2,0,0,245,1,3,8,4
343,Javier Pastore,ar  ARG,"MF,FW",Elche,32-111,1989,0.7,44,40,4,3,0,11,2,2,0,0,0,0,28,10,6,1,39,1,1,1,33,0,1,1,2
344,Gabriel Paulista,br  BRA,DF,Valencia,30-317,1990,8.0,271,236,35,27,0,38,17,0,0,0,0,0,159,34,78,44,193,23,1,3,222,1,2,4,1
345,Alfonso Pedraza,es  ESP,DF,Villarreal,25-183,1996,2.3,114,89,25,3,0,24,5,11,0,0,0,0,72,29,13,85,6,1,22,0,92,0,1,2,5
346,Pedri,es  ESP,MF,Barcelona,18-318,2002,1.7,83,80,3,1,0,16,1,0,2,0,0,0,75,5,3,17,65,0,0,1,76,0,1,1,2
347,Pedrosa,es  ESP,DF,Espanyol,23-149,1998,6.5,259,194,65,10,1,33,8,14,0,0,0,0,123,73,63,169,21,12,55,0,184,0,11,9,14
348,Facundo Pellistri,uy  URU,"MF,FW",Alavés,19-293,2001,2.2,42,41,1,1,0,7,0,1,0,0,0,0,31,7,4,3,32,6,0,1,31,0,0,2,6
349,Rubén Peña,es  ESP,"FW,DF",Villarreal,30-083,1991,0.6,34,33,1,0,0,6,0,4,0,0,0,0,24,2,8,4,27,2,1,0,27,0,1,0,0
350,Alberto Perea,es  ESP,"MF,FW",Cádiz,30-294,1990,1.9,69,63,6,1,0,10,6,7,2,1,0,1,39,11,19,17,46,3,3,0,54,0,1,2,2
351,Victor Perea,es  ESP,DF,Espanyol,21-191,2000,0.0,3,1,2,0,0,0,0,0,0,0,0,0,1,0,2,0,1,0,2,0,2,0,0,0,0
352,Iñigo Pérez,es  ESP,MF,Osasuna,33-264,1988,0.9,45,37,8,2,0,7,5,3,5,2,2,1,19,11,15,37,5,1,1,1,31,0,0,3,2
353,Lucas Pérez,es  ESP,FW,Elche,33-029,1988,3.3,64,52,12,2,0,13,3,3,8,6,2,0,39,10,15,50,10,0,0,3,40,2,3,2,2
354,Germán Pezzella,ar  ARG,DF,Betis,30-104,1991,4.7,209,198,11,10,0,16,4,0,0,0,0,0,161,21,27,30,160,12,1,0,183,1,4,0,1
355,Pablo Piatti,ar  ARG,"MF,DF",Elche,32-192,1989,1.2,30,30,0,0,0,8,0,0,0,0,0,0,21,5,4,22,5,0,0,0,24,0,1,1,0
356,Tomás Pina Isla,es  ESP,MF,Alavés,33-360,1987,4.3,174,169,5,4,2,29,3,1,0,0,0,0,130,26,18,88,73,9,1,0,149,1,3,6,5
357,Yeremi Pino,es  ESP,"FW,MF",Villarreal,18-354,2002,4.5,145,141,4,1,0,23,3,7,0,0,0,0,120,14,11,10,123,5,2,1,121,0,0,8,4
358,Gerard Piqué,es  ESP,DF,Barcelona,34-249,1987,4.5,301,291,10,7,0,28,10,0,0,0,0,0,249,16,36,30,251,8,1,1,276,0,1,5,0
359,Pere Pons,es  ESP,MF,Alavés,28-231,1993,1.9,76,72,4,4,0,10,2,0,0,0,0,0,57,9,10,12,61,1,0,0,64,1,0,3,1
360,Portu,es  ESP,"FW,MF",Real Sociedad,29-141,1992,4.5,138,130,8,0,2,20,2,11,4,1,1,0,99,21,18,7,124,3,1,1,100,0,1,7,9
361,Sergio Postigo,es  ESP,DF,Levante,32-339,1988,2.1,69,67,2,2,0,4,2,0,0,0,0,0,45,5,19,5,61,3,0,0,52,0,1,2,1
362,Darío Poveda,es  ESP,"FW,MF",Getafe,24-210,1997,0.5,15,15,0,0,0,2,1,2,0,0,0,0,9,2,4,2,11,1,0,0,8,0,3,1,1
363,Abdón Prats,es  ESP,FW,Mallorca,28-306,1992,1.6,40,36,4,0,0,14,3,1,0,0,0,0,19,11,10,20,9,1,0,4,31,0,1,1,0
364,Javi Puado,es  ESP,MF,Espanyol,23-137,1998,2.1,58,57,1,0,0,8,1,2,0,0,0,0,44,7,7,5,45,4,1,2,48,1,2,0,3
365,Antonio Puertas,es  ESP,"MF,FW",Granada,29-230,1992,4.8,100,99,1,1,0,27,2,4,0,0,0,0,62,16,22,19,63,9,0,2,62,0,5,6,8
366,Riqui Puig,es  ESP,MF,Barcelona,22-057,1999,0.8,77,75,2,1,0,9,2,0,1,0,0,0,67,5,5,0,76,0,0,1,73,0,1,1,0
367,Yacine Qasmi,ma  MAR,MF,Rayo Vallecano,30-279,1991,0.0,3,3,0,0,0,2,0,0,0,0,0,0,0,1,2,0,0,1,0,0,1,0,0,0,0
368,Quini,es  ESP,DF,Granada,32-015,1989,3.3,99,68,31,1,0,10,3,3,1,0,1,0,34,27,38,5,56,7,29,0,71,0,2,5,2
369,Dani Raba,es  ESP,MF,Villarreal,25-345,1995,0.4,13,12,1,1,1,5,2,2,0,0,0,0,8,1,4,11,1,1,0,0,8,0,1,0,0
370,Uroš Račić,rs  SRB,MF,Valencia,23-206,1998,1.8,61,60,1,0,0,19,6,1,0,0,0,0,29,12,20,5,43,4,0,2,41,0,5,1,2
371,Nemanja Radoja,rs  SRB,MF,Levante,28-245,1993,3.5,115,113,2,1,0,24,3,0,0,0,0,0,87,16,12,23,87,3,0,0,99,0,1,3,3
372,Antonio Raillo,es  ESP,DF,Mallorca,30-001,1991,1.0,38,34,4,3,0,2,1,0,0,0,0,0,27,3,8,11,23,3,0,0,32,0,0,1,0
373,Ivan Rakitić,hr  CRO,MF,Sevilla,33-213,1988,3.4,231,219,12,9,0,24,20,1,1,0,0,0,167,27,37,24,194,7,1,3,208,1,5,3,2
374,Sandro Ramírez,es  ESP,FW,Getafe,26-092,1995,4.0,109,95,14,0,0,26,2,7,4,4,0,0,73,21,15,10,82,5,3,3,78,1,4,4,8
375,Lluís Recasens,es  ESP,DF,Espanyol,19-313,2001,0.5,12,12,0,0,0,1,0,0,0,0,0,0,7,2,3,2,8,1,0,0,8,0,0,0,0
376,Manolo Reina,es  ESP,GK,Mallorca,36-191,1985,7.0,217,130,87,26,1,10,8,0,0,0,0,0,98,9,110,14,163,0,0,31,148,2,10,0,1
377,Karim Rekik,nl  NED,DF,Sevilla,26-311,1994,2.9,203,188,15,2,1,16,2,3,0,0,0,0,167,16,20,144,37,7,13,0,183,1,4,1,1
378,Álex Remiro,es  ESP,GK,Real Sociedad,26-199,1995,7.0,208,161,47,10,0,13,9,0,0,0,0,0,111,14,83,26,146,0,0,27,174,1,3,1,1
379,Nico Ribaudo,es  ESP,"MF,FW",Espanyol,20-181,2001,2.9,99,96,3,1,0,18,3,2,1,1,0,0,65,10,24,11,78,4,1,2,78,0,2,1,4
380,Luis Rioja,es  ESP,"MF,FW",Alavés,27-358,1993,6.2,174,159,15,5,0,37,6,21,6,3,2,0,106,31,37,134,20,4,4,2,110,1,4,11,10
381,Rober,es  ESP,DF,Levante,26-235,1995,4.9,187,182,5,5,0,29,6,0,0,0,0,0,115,27,45,36,129,17,0,2,147,1,4,6,6
382,Sergi Roberto,es  ESP,"MF,DF",Barcelona,29-244,1992,2.9,168,161,7,5,0,23,2,5,0,0,0,0,142,9,17,29,134,3,2,0,150,0,5,3,2
383,Rubén Rochina,es  ESP,FW,Granada,30-200,1991,2.2,77,68,9,4,0,16,5,4,4,2,1,0,38,11,28,58,10,1,1,2,46,3,3,4,3
384,Enzo Roco,cl  CHI,DF,Elche,29-054,1992,6.6,228,212,16,16,0,22,9,0,0,0,0,0,163,27,38,25,177,15,0,2,205,0,4,3,2
385,Rodrigo,es  ESP,FW,Betis,21-146,2000,3.7,157,153,4,1,1,22,3,6,1,0,0,0,126,13,18,145,8,2,2,0,120,0,4,11,5
386,Kévin Rodrigues,pt  POR,FW,Rayo Vallecano,27-218,1994,0.2,9,9,0,0,0,2,0,1,0,0,0,0,7,1,1,6,3,0,0,0,5,0,0,1,0
387,Óscar Rodríguez Arnaiz,es  ESP,"FW,MF",Sevilla,23-103,1998,3.2,148,135,13,3,1,20,10,5,9,0,7,0,110,11,27,19,121,4,1,2,119,0,3,6,5
388,Ángel Rodríguez,es  ESP,FW,Mallorca,34-166,1987,1.0,14,13,1,0,0,4,0,0,0,0,0,0,8,4,2,2,10,0,0,1,11,0,2,0,1
389,Dani Rodríguez,es  ESP,"FW,MF",Mallorca,33-125,1988,7.0,181,171,10,4,2,46,7,6,4,1,0,1,118,21,42,28,133,10,1,1,131,1,7,6,8
390,Guido Rodríguez,ar  ARG,MF,Betis,27-180,1994,6.0,337,320,17,17,0,60,5,1,0,0,0,0,251,39,47,31,279,20,0,1,293,0,7,8,6
391,Rodrygo,br  BRA,"FW,MF",Real Madrid,20-273,2001,2.8,107,97,10,1,0,10,1,5,7,3,2,0,81,11,15,10,90,3,2,1,87,2,1,1,3
392,Iván Romero,es  ESP,FW,Sevilla,20-182,2001,0.0,0,0,0,0,0,0,0,0,0,0,0,0,0,0,0,0,0,0,0,0,0,0,0,0,0
393,Aitor Ruibal,es  ESP,FW,Betis,25-201,1996,3.1,91,89,2,0,0,19,0,7,0,0,0,0,70,9,12,7,79,2,2,0,67,1,2,3,6
394,Isma Ruiz,es  ESP,MF,Granada,20-237,2001,0.1,1,1,0,0,0,0,0,0,0,0,0,0,0,0,1,0,1,0,0,0,1,0,0,0,0
395,Víctor Ruiz,es  ESP,DF,Betis,32-257,1989,4.1,271,267,4,4,0,31,6,0,0,0,0,0,217,11,43,198,51,11,0,1,239,1,4,5,2
396,Gerónimo Rulli,ar  ARG,GK,Villarreal,29-142,1992,6.0,246,180,66,14,0,15,4,0,0,0,0,0,178,9,59,33,184,0,0,26,202,0,7,4,0
397,Franco Russo,ar  ARG,DF,Mallorca,26-349,1994,2.5,111,104,7,6,0,13,3,0,0,0,0,0,79,10,22,19,81,8,0,0,85,0,4,4,4
398,Mathew Ryan,au  AUS,GK,Real Sociedad,29-184,1992,1.0,32,22,10,4,0,0,0,0,0,0,0,0,13,2,17,4,23,0,1,4,26,0,0,0,0
399,Salvi,es  ESP,"MF,FW",Cádiz,30-193,1991,7.3,150,136,14,4,0,27,4,24,2,0,2,0,73,34,43,16,116,6,8,1,90,1,3,7,8
400,Oihan Sancet,es  ESP,FW,Athletic Club,21-167,2000,2.5,57,57,0,0,0,9,1,0,0,0,0,0,34,10,13,4,48,3,0,1,45,0,1,2,1
401,Antonio Sánchez,es  ESP,FW,Mallorca,24-281,1997,0.4,16,16,0,0,0,2,0,0,0,0,0,0,12,4,0,7,9,0,0,0,13,0,0,0,1
402,Germán Sánchez,es  ESP,DF,Granada,34-343,1986,5.9,166,156,10,10,0,16,2,0,0,0,0,0,96,21,49,24,121,15,0,1,129,2,4,1,2
403,Manuel Sánchez,es  ESP,DF,Osasuna,21-046,2000,5.9,287,216,71,1,0,45,10,12,0,0,0,0,151,77,59,173,32,9,70,1,225,1,4,8,11
404,Oier Sanjurjo,es  ESP,MF,Osasuna,35-137,1986,2.6,101,99,2,0,1,19,2,3,0,0,0,0,54,29,18,14,72,5,1,1,71,0,0,2,6
405,Sergio Santos,es  ESP,DF,Real Madrid,20-279,2001,0.1,7,6,1,0,0,0,0,1,0,0,0,0,5,1,1,0,6,0,1,0,7,0,0,0,0
406,Joan Sastre Vanrell,es  ESP,DF,Mallorca,24-162,1997,2.8,106,85,21,3,1,14,4,6,0,0,0,0,52,24,30,11,69,5,18,0,76,1,4,3,3
407,Esteban Saveljich,me  MNE,DF,Rayo Vallecano,30-142,1991,5.6,153,147,6,6,0,19,4,2,0,0,0,0,114,12,27,18,120,8,0,0,129,1,4,1,1
408,Stefan Savić,me  MNE,DF,Atlético Madrid,30-274,1991,8.0,437,426,11,9,0,37,21,1,0,0,0,0,320,45,72,33,362,29,2,1,375,1,9,15,7
409,Aleksandar Sedlar,rs  SRB,DF,Mallorca,29-300,1991,1.5,55,54,1,1,0,8,2,0,0,0,0,0,36,11,8,9,39,4,0,1,46,0,2,0,3
410,Nicolás Serrano,es  ESP,"FW,MF",Athletic Club,18-218,2003,0.2,15,15,0,0,0,1,0,1,0,0,0,0,9,6,0,10,5,0,0,0,10,0,1,0,2
411,Salva Sevilla,es  ESP,MF,Mallorca,37-205,1984,3.6,183,149,34,21,1,22,9,3,13,3,1,0,130,20,33,24,153,4,0,2,153,2,1,1,3
412,David Silva,es  ESP,MF,Real Sociedad,35-274,1986,3.1,146,143,3,2,0,24,3,0,0,0,0,0,116,12,18,121,22,3,0,0,128,0,2,5,3
413,Jonathan Silva,ar  ARG,"MF,DF",Getafe,27-102,1994,1.2,57,51,6,1,0,9,1,1,0,0,0,0,30,11,16,48,2,2,5,0,39,0,0,3,7
414,Rui Silva,pt  POR,GK,Betis,27-244,1994,5.0,142,94,48,13,0,5,2,0,0,0,0,0,83,5,54,69,51,0,0,18,116,0,4,1,2
415,Unai Simón,es  ESP,GK,Athletic Club,24-120,1997,6.0,178,113,65,8,0,4,7,0,0,0,0,0,76,9,93,21,118,0,0,31,127,0,7,2,0
416,Antonio Sivera,es  ESP,GK,Alavés,25-059,1996,1.0,34,20,14,1,0,5,2,0,0,0,0,0,11,0,23,7,25,0,0,2,19,0,4,1,0
417,Augusto Solari,ar  ARG,"MF,DF",Celta Vigo,29-279,1992,2.1,138,126,12,1,0,17,6,13,1,0,1,0,86,23,29,3,116,9,10,0,98,0,4,3,4
418,Roberto Soldado,es  ESP,FW,Levante,36-135,1985,0.6,9,8,1,0,0,2,0,0,0,0,0,0,5,2,2,1,6,1,0,0,6,0,0,1,0
419,Carlos Soler,es  ESP,MF,Valencia,24-280,1997,4.0,127,102,25,12,1,19,12,10,13,1,10,2,59,22,46,19,98,4,0,2,85,0,7,4,6
420,Son,es  ESP,DF,Levante,27-193,1994,2.2,106,84,22,5,0,12,4,5,0,0,0,0,63,21,22,11,74,4,17,0,79,2,6,1,2
421,David Soria,es  ESP,GK,Getafe,28-188,1993,8.0,242,161,81,26,0,8,10,0,0,0,0,0,70,8,164,5,194,0,0,20,147,1,8,5,0
422,Alberto Soro,es  ESP,"MF,FW",Granada,22-214,1999,2.4,55,54,1,0,0,18,2,3,0,0,0,0,34,12,9,41,7,4,0,0,39,0,1,1,3
423,Damián Suárez,uy  URU,"DF,MF",Getafe,33-165,1988,5.8,355,258,97,22,0,37,31,26,10,4,3,1,149,74,132,27,242,12,65,1,257,1,7,6,16
424,Denis Suárez,es  ESP,MF,Celta Vigo,27-276,1994,5.3,354,315,39,10,2,49,18,9,17,5,7,3,257,37,60,46,296,6,4,0,280,2,5,9,15
425,Luis Suárez,uy  URU,FW,Atlético Madrid,34-258,1987,5.3,112,106,6,0,2,30,5,3,0,0,0,0,68,28,16,20,82,5,0,3,83,1,3,5,5
426,Mario Suárez,es  ESP,DF,Rayo Vallecano,34-227,1987,1.0,24,22,2,2,0,2,0,0,0,0,0,0,16,4,4,2,20,2,0,0,20,0,0,1,0
427,Suso,es  ESP,FW,Sevilla,27-324,1993,2.3,97,92,5,1,0,22,5,4,2,1,0,0,66,18,13,82,7,3,2,1,72,1,4,4,5
428,Mamadou Sylla,sn  SEN,FW,Alavés,27-203,1994,2.5,31,29,2,0,0,9,3,3,0,0,0,0,15,8,8,2,18,6,0,0,16,0,3,0,2
429,Alexander Sørloth,no  NOR,FW,Real Sociedad,25-308,1995,1.9,61,57,4,0,0,22,0,2,1,0,0,0,32,16,13,27,15,6,0,0,41,0,1,1,3
430,Tachi,es  ESP,DF,Alavés,24-029,1997,1.1,36,31,5,3,0,3,2,0,0,0,0,0,18,3,15,1,32,1,2,0,28,0,1,1,0
431,Renato Tapia,pe  PER,MF,Celta Vigo,26-073,1995,6.5,362,348,14,14,0,34,17,0,0,0,0,0,250,44,68,28,308,18,0,4,295,2,8,7,8
432,Cristian Tello,es  ESP,"FW,MF",Betis,30-059,1991,2.0,85,84,1,0,0,17,1,1,1,0,1,0,61,19,5,24,55,4,0,1,58,1,0,6,8
433,Marc-André ter Stegen,de  GER,GK,Barcelona,29-162,1992,5.0,192,153,39,6,0,10,1,0,0,0,0,0,138,6,48,39,138,0,0,15,162,1,1,1,1
434,David Timor,es  ESP,MF,Getafe,31-357,1989,2.0,97,90,7,5,0,11,9,1,2,0,2,0,63,11,23,82,4,6,0,1,80,0,1,1,0
435,Raúl de Tomás,es  ESP,FW,Espanyol,26-357,1994,7.7,140,132,8,1,0,33,8,7,0,0,0,0,98,16,26,38,90,5,0,2,108,0,1,7,5
436,Pau Torres,es  ESP,DF,Villarreal,24-266,1997,4.0,290,281,9,9,0,27,11,0,0,0,0,0,260,10,20,251,36,1,0,0,267,0,2,7,2
437,Roberto Torres,es  ESP,"FW,MF",Osasuna,32-216,1989,3.4,170,146,24,7,2,26,11,11,12,5,5,0,90,35,45,40,117,5,5,2,108,1,3,13,14
438,Lucas Torró,es  ESP,MF,Osasuna,27-082,1994,6.5,317,315,2,2,0,70,9,0,0,0,0,0,227,33,57,36,233,23,0,1,255,1,7,10,5
439,Óscar Trejo,ar  ARG,"MF,FW",Rayo Vallecano,33-166,1988,5.0,183,159,24,10,0,42,6,10,9,6,2,0,117,24,42,14,152,11,0,1,137,3,3,6,4
440,Manu Trigueros,es  ESP,MF,Villarreal,29-357,1991,4.7,239,224,15,10,2,45,4,3,5,3,0,1,179,34,26,74,150,6,0,6,193,1,2,11,4
441,Kieran Trippier,eng  ENG,DF,Atlético Madrid,31-020,1990,4.8,346,287,59,3,1,30,14,11,4,0,4,0,188,84,74,15,257,11,52,1,282,2,5,9,6
442,Beñat Turrientes,es  ESP,MF,Real Sociedad,19-251,2002,0.9,37,36,1,1,0,1,0,0,0,0,0,0,30,3,4,6,27,4,0,0,33,0,0,0,0
443,Enes Ünal,tr  TUR,FW,Getafe,24-152,1997,5.1,110,102,8,0,0,40,3,3,0,0,0,0,57,21,32,9,63,17,0,1,68,0,5,7,7
444,Álvaro Vadillo,es  ESP,"MF,DF",Espanyol,27-027,1994,0.1,10,8,2,1,0,2,1,0,0,0,0,0,6,1,3,0,8,1,1,0,7,0,0,0,1
445,Óscar Valentín,es  ESP,MF,Rayo Vallecano,27-050,1994,3.6,140,135,5,5,0,36,3,0,0,0,0,0,112,10,18,16,113,8,0,0,125,0,1,0,2
446,Germán Valera,es  ESP,"FW,MF",Real Sociedad,19-207,2002,0.6,17,17,0,0,0,2,0,0,0,0,0,0,16,1,0,16,1,0,0,0,14,0,1,0,0
447,Martin Valjent,sk  SVK,DF,Mallorca,25-302,1995,7.8,301,279,22,20,0,34,13,0,0,0,0,0,221,14,66,60,218,17,1,0,269,1,6,3,1
448,Manu Vallejo,es  ESP,"FW,MF",Valencia,24-237,1997,0.4,14,14,0,0,0,6,1,1,0,0,0,0,8,2,4,1,8,3,0,1,10,0,1,0,0
449,Federico Valverde,uy  URU,"MF,DF",Real Madrid,23-079,1998,7.7,421,419,2,1,1,38,14,15,0,0,0,0,338,39,44,30,378,8,1,0,368,1,4,5,12
450,José Luis García Vayá,es  ESP,MF,Levante,23-059,1998,3.5,148,139,9,5,0,28,12,2,3,3,0,0,88,26,34,6,131,6,0,1,113,0,0,6,4
451,Jesus Vazquez,es  ESP,"DF,MF",Valencia,18-280,2003,0.2,19,16,3,0,0,6,0,1,0,0,0,0,12,5,2,11,2,2,3,0,15,0,0,1,1
452,Kevin Vázquez,es  ESP,DF,Celta Vigo,28-200,1993,1.0,72,58,14,1,0,5,0,3,0,0,0,0,42,17,13,6,51,2,13,0,55,0,0,6,2
453,Lucas Vázquez,es  ESP,DF,Real Madrid,30-100,1991,3.9,264,244,20,5,0,18,10,13,1,0,1,0,185,28,51,22,223,1,14,3,212,1,5,10,5
454,Unai Vencedor Paris,es  ESP,MF,Athletic Club,20-328,2000,6.0,229,219,10,6,0,33,3,6,3,0,3,0,145,29,55,28,184,10,0,1,169,1,6,14,6
455,Gonzalo Verdú,es  ESP,DF,Elche,32-353,1988,5.1,209,204,5,5,0,8,9,1,0,0,0,0,173,8,28,13,190,5,0,0,191,1,1,1,2
456,Mikel Vesga,es  ESP,MF,Athletic Club,28-141,1993,1.8,81,79,2,2,0,13,1,2,0,0,0,0,52,12,17,51,21,7,0,0,64,0,1,5,3
457,Rúben Vezo,pt  POR,DF,Levante,27-167,1994,5.1,234,219,15,13,1,28,10,0,0,0,0,0,155,24,55,46,170,11,1,1,196,0,7,3,1
458,Aleix Vidal,es  ESP,"MF,DF",Espanyol,32-049,1989,3.6,148,129,19,6,0,15,9,7,1,1,0,0,91,25,32,13,116,6,12,0,121,0,3,4,3
459,Nacho Vidal,es  ESP,DF,Osasuna,26-258,1995,7.1,405,293,112,6,0,61,12,16,0,0,0,0,169,113,123,32,216,33,106,1,301,2,13,14,16
460,Dídac Vilà,es  ESP,DF,Espanyol,32-122,1989,1.6,63,50,13,3,0,6,0,2,0,0,0,0,37,16,10,44,5,2,10,0,52,0,1,0,4
461,Asier Villalibre,es  ESP,FW,Athletic Club,24-009,1997,1.9,42,42,0,0,0,10,1,1,0,0,0,0,23,14,5,12,21,3,0,1,19,1,2,2,4
462,Vitolo,es  ESP,"MF,DF",Getafe,31-341,1989,2.2,106,96,10,2,0,10,0,2,1,0,0,0,81,17,8,11,86,1,7,0,88,0,3,4,4
463,Daniel Vivian,es  ESP,DF,Athletic Club,22-086,1999,7.0,251,233,18,18,0,19,12,0,0,0,0,0,186,20,45,33,196,17,0,1,216,1,5,3,1
464,Šime Vrsaljko,hr  CRO,DF,Atlético Madrid,29-272,1992,0.3,35,28,7,1,0,1,1,3,0,0,0,0,13,4,18,1,24,3,6,1,21,0,3,2,0
465,Nikola Vukčević,me  MNE,MF,Levante,29-300,1991,0.4,21,21,0,0,0,2,0,0,0,0,0,0,14,3,4,19,1,1,0,0,19,0,0,0,0
466,Daniel Wass,dk  DEN,MF,Valencia,32-131,1989,7.3,286,259,27,18,0,51,10,7,2,1,1,0,182,45,59,19,245,12,1,1,232,0,7,8,4
467,Iñaki Williams,es  ESP,FW,Athletic Club,27-116,1994,6.9,122,121,1,0,0,27,3,14,0,0,0,0,68,28,26,7,91,10,0,5,77,1,3,7,10
468,Nico Williams,es  ESP,MF,Athletic Club,19-089,2002,2.6,72,72,0,0,0,11,0,8,0,0,0,0,51,15,6,12,55,1,0,2,55,0,2,3,3
469,Okay Yokuşlu,tr  TUR,"MF,DF",Celta Vigo,27-214,1994,0.1,7,7,0,0,0,2,0,0,0,0,0,0,5,0,2,0,5,2,0,0,6,0,0,0,0
470,Joseba Zaldúa,es  ESP,DF,Real Sociedad,29-107,1992,1.8,90,75,15,0,0,5,0,5,0,0,0,0,53,18,19,8,56,6,15,2,73,0,1,3,2
471,Oier Zarraga,es  ESP,MF,Athletic Club,22-278,1999,1.7,65,65,0,0,0,14,1,1,0,0,0,0,53,6,6,10,51,2,0,0,51,0,2,4,2
472,Luca Zidane,fr  FRA,"MF,GK",Rayo Vallecano,23-149,1998,0.2,4,4,0,0,0,0,0,0,0,0,0,0,4,0,0,0,2,0,0,2,4,0,0,0,0
473,Igor Zubeldia,es  ESP,DF,Real Sociedad,24-193,1997,1.3,87,86,1,1,1,8,2,0,0,0,0,0,64,8,15,3,74,6,0,0,76,1,2,0,0
474,Martín Zubimendi,es  ESP,MF,Real Sociedad,22-249,1999,6.3,287,282,5,5,1,41,9,1,0,0,0,0,205,36,46,61,198,10,0,3,248,3,4,7,5
