,Player,Nation,Pos,Squad,Age,Born,90s,Att,Live_Pass Types,Dead_Pass Types,FK_Pass Types,TB_Pass Types,Press_Pass Types,Sw_Pass Types,Crs_Pass Types,CK_Pass Types,In_Corner Kicks,Out_Corner Kicks,Str_Corner Kicks,Ground_Height,Low_Height,High_Height,Left_Body Parts,Right_Body Parts,Head_Body Parts,TI_Body Parts,Other_Body Parts,Cmp,Off_Outcomes,Out_Outcomes,Int_Outcomes,Blocks_Outcomes
0,Gennaro Acampora,it  ITA,"MF,FW",Spezia,26-357,1994,4.4,193,191,2,1,0,29,6,7,1,0,0,0,156,14,23,169,19,4,0,1,160,2,6,4,3
1,Francesco Acerbi,it  ITA,DF,Lazio,33-039,1988,22.3,1434,1361,73,32,0,129,47,23,0,0,0,0,1015,160,259,1071,241,72,20,4,1255,2,22,16,13
2,Andrea Adorante,it  ITA,FW,Parma,21-044,2000,0.1,0,0,0,0,0,0,0,0,0,0,0,0,0,0,0,0,0,0,0,0,0,0,0,0,0
3,Lucien Agoume,fr  FRA,MF,Spezia,19-040,2002,7.8,429,417,12,11,1,60,19,0,0,0,0,0,319,38,72,68,332,18,1,2,381,3,5,8,1
4,Kevin Agudelo,co  COL,FW,Spezia,22-127,1998,11.1,243,232,11,0,0,70,8,4,2,0,0,0,172,40,31,197,29,2,1,2,174,1,10,5,17
5,Jean-Daniel Akpa-Akpro,ci  CIV,"MF,FW",Lazio,28-161,1992,7.8,240,236,4,2,2,33,4,1,0,0,0,0,179,35,26,43,184,8,0,2,192,1,7,8,11
6,Luis Alberto,es  ESP,MF,Lazio,28-174,1992,19.9,1330,1143,187,54,11,209,48,25,83,40,22,11,962,136,232,60,1231,12,15,6,1033,9,16,26,31
7,Bruno Alves,pt  POR,DF,Parma,39-114,1981,15.1,811,781,30,24,0,47,52,6,0,0,0,0,567,80,164,124,620,36,3,2,704,3,12,3,2
8,Sofyan Amrabat,ma  MAR,MF,Fiorentina,24-212,1996,22.1,1238,1182,56,38,0,149,62,5,0,0,0,0,969,98,171,81,1107,32,3,5,1108,3,12,19,26
9,Djavan Anderson,nl  NED,DF,Lazio,25-334,1995,0.8,33,26,7,0,0,5,0,1,0,0,0,0,20,10,3,2,22,1,7,0,24,0,0,2,1
10,Nícolas Andrade,br  BRA,GK,Udinese,32-343,1988,2.0,40,28,12,3,0,3,0,0,0,0,0,0,25,1,14,9,25,0,0,5,33,0,0,0,0
11,Davide Angelo Ghislandi,it  ITA,DF,Atalanta,19-278,2001,0.1,3,3,0,0,0,0,0,0,0,0,0,0,3,0,0,0,3,0,0,0,3,0,0,0,0
12,Philip Ankhrah,gh  GHA,MF,Hellas Verona,18-175,2002,0.1,0,0,0,0,0,0,0,0,0,0,0,0,0,0,0,0,0,0,0,0,0,0,0,0,0
13,Cristian Ansaldi,ar  ARG,DF,Torino,34-182,1986,11.0,559,425,134,24,0,54,46,74,16,4,10,1,236,105,218,199,257,6,94,2,380,1,22,10,15
14,Valentin Antov,bg  BUL,DF,Bologna,20-132,2000,0.8,54,51,3,3,0,1,4,0,0,0,0,0,46,5,3,8,44,2,0,0,50,0,1,0,0
15,Tolgay Arslan,de  GER,MF,Udinese,30-217,1990,15.8,682,652,30,26,1,86,23,2,2,1,1,0,520,76,86,74,568,26,2,1,576,5,5,17,10
16,Kwadwo Asamoah,gh  GHA,DF,Cagliari,32-102,1988,0.5,22,19,3,0,0,1,0,0,0,0,0,0,15,5,2,17,2,0,3,0,21,0,0,0,1
17,Kristoffer Askildsen,no  NOR,MF,Sampdoria,20-071,2001,0.5,6,6,0,0,0,1,0,0,0,0,0,0,4,1,1,3,2,1,0,0,2,0,1,0,1
18,Emil Audero,it  ITA,GK,Sampdoria,24-062,1997,27.0,892,623,269,79,2,71,15,0,0,0,0,0,387,55,450,75,638,0,0,140,625,2,12,2,1
19,Tommaso Augello,it  ITA,DF,Sampdoria,26-203,1994,24.8,1447,1190,257,25,0,142,21,86,0,0,0,0,790,310,347,1092,64,44,232,2,1093,3,17,31,60
20,Kaan Ayhan,tr  TUR,DF,Sassuolo,26-131,1994,8.5,544,512,32,7,0,32,6,3,0,0,0,0,462,49,33,48,455,10,25,1,503,1,7,6,7
21,Milan Badelj,hr  CRO,MF,Genoa,32-024,1989,19.4,1074,1021,53,42,1,132,49,8,1,1,0,0,717,148,209,179,828,53,2,2,855,5,19,33,17
22,Tiemoué Bakayoko,fr  FRA,MF,Napoli,26-216,1994,16.2,922,898,24,24,0,148,16,0,0,0,0,0,746,100,76,170,700,23,0,4,833,0,8,13,18
23,Keita Baldé,sn  SEN,FW,Sampdoria,26-013,1995,9.0,210,202,8,0,1,58,4,7,2,2,0,0,146,42,22,46,142,8,2,6,154,0,4,9,8
24,Botond Balogh,hu  HUN,DF,Parma,18-288,2002,1.6,70,65,5,2,0,10,3,0,0,0,0,0,43,6,21,7,55,5,3,0,51,0,1,1,4
25,Antonín Barák,cz  CZE,"MF,FW",Hellas Verona,26-108,1994,21.8,882,854,28,13,2,178,18,15,1,0,0,1,592,145,145,652,113,66,11,5,687,9,11,12,37
26,Federico Barba,it  ITA,DF,Benevento,27-201,1993,19.2,951,776,175,46,0,86,20,17,0,0,0,0,588,147,216,662,113,43,122,2,757,3,26,15,24
27,Nicolò Barella,it  ITA,MF,Inter,24-042,1997,23.9,1424,1397,27,15,4,218,27,39,2,2,0,0,1029,198,197,198,1163,26,10,3,1174,2,17,29,44
28,Antonio Barreca,it  ITA,DF,Fiorentina,26-003,1995,0.9,48,33,15,1,0,2,0,4,3,0,2,1,20,11,17,35,0,1,11,0,31,0,0,0,4
29,Musa Barrow,gm  GAM,"FW,MF",Bologna,22-127,1998,24.0,841,752,89,26,2,120,62,57,44,31,9,2,503,137,201,91,677,40,12,4,593,5,14,30,29
30,Paolo Bartolomei,it  ITA,MF,Spezia,31-212,1989,3.6,127,121,6,1,0,14,8,9,4,0,4,0,83,20,24,10,111,4,1,0,92,0,3,0,5
31,Daniele Baselli,it  ITA,MF,Torino,29-009,1992,1.7,83,82,1,1,0,14,1,1,0,0,0,0,51,14,18,7,60,8,0,2,60,1,2,3,4
32,Alessandro Bastoni,it  ITA,DF,Inter,21-342,1999,23.6,1695,1619,76,42,2,149,46,11,0,0,0,0,1271,186,238,1416,188,43,17,7,1509,6,15,30,23
33,Simone Bastoni,it  ITA,DF,Spezia,24-136,1996,12.6,788,638,150,21,3,71,16,33,20,0,18,1,433,181,174,541,111,18,109,1,603,3,25,8,36
34,Bastos,ao  ANG,DF,Lazio,29-359,1991,0.7,42,40,2,2,0,3,0,0,0,0,0,0,35,5,2,17,24,1,0,0,39,0,1,0,0
35,Rodrigo Becão,br  BRA,DF,Udinese,25-061,1996,22.0,934,884,50,45,0,93,25,5,0,0,0,0,741,78,115,81,785,32,5,4,822,3,10,9,11
36,Valon Behrami,ch  SUI,MF,Genoa,35-336,1985,6.2,149,144,5,4,1,26,0,1,0,0,0,0,99,27,23,13,114,13,1,1,111,1,1,5,0
37,Andrea Belotti,it  ITA,FW,Torino,27-091,1993,22.7,534,494,40,2,9,140,21,17,1,1,0,0,350,109,75,99,361,27,2,8,373,3,6,15,32
38,Ahmad Benali,ly  LBY,MF,Crotone,29-042,1992,7.8,447,419,28,20,0,59,13,14,4,3,1,0,355,49,43,92,335,11,4,1,385,0,3,8,12
39,Ismaël Bennacer,dz  ALG,MF,Milan,23-110,1997,8.1,536,513,23,16,1,68,18,4,7,2,3,0,410,35,91,459,49,16,0,2,463,4,2,9,11
40,Rodrigo Bentancur,uy  URU,MF,Juventus,23-289,1997,17.2,1257,1204,53,38,5,144,40,5,11,3,6,0,1019,102,136,251,952,35,3,2,1127,5,13,16,12
41,Domenico Berardi,it  ITA,"FW,MF",Sassuolo,26-232,1994,20.2,994,920,74,28,4,166,48,49,39,15,16,8,687,95,212,854,107,20,6,2,754,3,22,23,42
42,Álex Berenguer,es  ESP,MF,Torino,25-260,1995,1.5,47,44,3,1,0,11,3,2,2,0,2,0,25,10,12,4,39,3,0,1,32,1,2,5,1
43,Bartosz Bereszyński,pl  POL,DF,Sampdoria,28-252,1992,20.0,1029,842,187,31,0,111,14,21,0,0,0,0,622,212,195,79,730,47,156,0,829,3,15,14,38
44,Federico Bernardeschi,it  ITA,"MF,DF",Juventus,27-033,1994,8.6,437,375,62,16,0,39,12,31,28,4,20,2,294,56,87,389,17,10,18,1,330,2,8,11,19
45,Daniel Bessa,it  ITA,"FW,MF",Hellas Verona,28-066,1993,2.1,111,108,3,0,0,18,4,6,3,0,3,0,81,18,12,12,97,0,0,1,96,0,0,0,3
46,Cristiano Biraghi,it  ITA,DF,Fiorentina,28-201,1992,23.4,1407,1071,336,65,3,86,62,131,71,10,48,8,720,281,406,996,173,33,200,1,978,6,22,24,63
47,Davide Biraschi,it  ITA,DF,Genoa,26-262,1994,5.8,361,317,44,7,0,34,5,4,0,0,0,0,235,50,76,12,293,14,37,1,280,3,9,4,11
48,Jeremie Boga,ci  CIV,"FW,MF",Sassuolo,24-077,1997,11.2,394,388,6,2,0,82,2,10,0,0,0,0,328,45,21,32,345,6,4,4,344,1,2,11,12
49,Giacomo Bonaventura,it  ITA,MF,Fiorentina,31-211,1989,16.4,673,638,35,16,1,114,25,19,14,1,11,1,481,82,110,138,497,17,2,8,547,2,5,12,17
50,Kevin Bonifazi,it  ITA,DF,Udinese,24-306,1996,16.5,782,739,43,39,0,83,9,3,0,0,0,0,608,59,115,272,466,24,4,4,688,2,9,9,6
51,Leonardo Bonucci,it  ITA,DF,Juventus,33-324,1987,17.5,1180,1134,46,43,1,68,37,2,0,0,0,0,871,115,194,204,926,29,0,6,1063,4,9,12,9
52,Mehdi Bourabia,ma  MAR,MF,Sassuolo,29-226,1991,5.2,331,318,13,9,0,38,5,2,2,0,2,0,258,27,46,50,258,13,1,1,281,1,1,3,7
53,Jayden Braaf,nl  NED,FW,Udinese,18-202,2002,0.2,6,6,0,0,0,2,0,0,0,0,0,0,6,0,0,0,6,0,0,0,5,0,1,0,0
54,Gleison Bremer,br  BRA,DF,Torino,24-003,1997,20.6,1097,1058,39,37,0,112,35,1,0,0,0,0,829,77,191,222,816,41,2,2,934,3,15,10,20
55,Marcelo Brozović,hr  CRO,MF,Inter,28-125,1992,20.4,1598,1485,113,57,2,178,88,22,54,12,23,4,1137,220,241,230,1299,44,2,4,1394,2,11,23,27
56,Gastón Brugman,uy  URU,MF,Parma,28-195,1992,13.3,786,712,74,45,2,79,38,13,23,6,4,2,536,104,146,104,656,20,0,1,666,1,11,12,13
57,Juan Brunetta,ar  ARG,"FW,MF",Parma,23-313,1997,3.2,109,90,19,4,0,17,11,9,10,0,7,3,76,6,27,10,92,5,1,0,82,0,3,5,5
58,Gianluigi Buffon,it  ITA,GK,Juventus,43-052,1978,5.0,177,137,40,3,0,15,0,0,0,0,0,0,129,11,37,14,137,0,0,26,154,1,2,0,0
59,Alessandro Buongiorno,it  ITA,DF,Torino,21-288,1999,3.8,211,197,14,11,0,10,5,0,0,0,0,0,166,21,24,167,33,5,3,0,185,0,7,3,2
60,Maxime Busi,be  BEL,DF,Parma,21-158,1999,7.0,439,373,66,6,0,23,6,8,0,0,0,0,273,79,87,48,321,7,60,1,367,2,3,12,8
61,Martín Cáceres,uy  URU,DF,Fiorentina,33-348,1987,14.4,705,625,80,26,0,44,27,21,1,0,0,0,450,105,150,153,455,31,53,6,570,2,13,7,21
62,Felipe Caicedo,ec  ECU,FW,Lazio,32-197,1988,9.0,224,219,5,1,0,66,2,0,0,0,0,0,138,50,36,147,37,8,2,11,163,0,4,3,6
63,Davide Calabria,it  ITA,DF,Milan,24-105,1996,23.9,1464,1258,206,30,3,98,28,47,1,0,1,0,878,234,352,107,1114,56,175,1,1143,12,24,29,33
64,Riccardo Calafiori,it  ITA,DF,Roma,18-306,2002,0.2,9,6,3,1,0,1,0,0,0,0,0,0,7,2,0,7,0,0,2,0,8,0,0,1,0
65,Mattia Caldara,it  ITA,DF,Atalanta,26-320,1994,1.0,42,40,2,1,0,6,5,0,0,0,0,0,28,7,7,4,35,2,1,0,40,0,0,0,2
66,Luca Caldirola,it  ITA,DF,Benevento,30-048,1991,10.6,434,406,28,25,0,29,10,1,0,0,0,0,334,29,71,346,60,21,2,1,368,0,7,7,1
67,Hakan Çalhanoğlu,tr  TUR,"MF,FW",Milan,27-041,1994,18.8,1069,902,167,53,4,109,77,46,104,57,33,4,732,93,244,82,953,18,5,6,818,2,19,25,31
68,Fabrizio Caligara,it  ITA,MF,Cagliari,20-343,2000,2.0,68,61,7,4,0,13,1,4,1,1,0,0,45,8,15,45,13,4,2,1,53,0,1,1,1
69,José Callejón,es  ESP,"FW,MF",Fiorentina,34-038,1987,6.1,217,201,16,3,2,33,7,18,1,0,1,0,146,33,38,22,172,7,11,2,157,1,2,5,14
70,Antonio Candreva,it  ITA,"MF,DF",Sampdoria,34-021,1987,18.4,1044,902,142,33,2,114,73,100,62,17,25,8,498,188,358,174,802,14,47,6,676,6,14,28,57
71,Gianluca Caprari,it  ITA,"MF,FW",Benevento,27-234,1993,18.1,604,510,94,21,1,110,23,29,52,17,22,6,422,62,120,73,511,9,7,2,437,3,7,8,25
72,Francesco Caputo,it  ITA,FW,Sassuolo,33-227,1987,18.1,397,351,46,0,1,94,2,3,0,0,0,0,302,59,36,70,297,9,0,10,313,0,7,12,13
73,Andrea Carboni,it  ITA,DF,Cagliari,20-045,2001,4.1,167,144,23,11,0,15,7,2,0,0,0,0,104,14,49,120,27,6,12,1,130,0,4,8,3
74,Giuseppe Caso,it  ITA,MF,Genoa,22-102,1998,0.1,3,3,0,0,0,2,0,0,0,0,0,0,2,1,0,0,3,0,0,0,1,0,0,0,2
75,Francesco Cassata,it  ITA,"DF,MF",Genoa,23-248,1997,0.6,16,16,0,0,0,2,3,0,0,0,0,0,11,2,3,0,16,0,0,0,11,0,1,0,1
76,Samu Castillejo,es  ESP,FW,Milan,26-062,1995,10.3,367,345,22,8,1,53,10,22,6,1,0,0,279,37,51,300,50,5,8,1,289,2,3,12,13
77,Gaetano Castrovilli,it  ITA,MF,Fiorentina,24-032,1997,19.1,634,605,29,14,2,107,33,23,6,0,2,4,450,89,95,100,503,9,9,5,485,6,12,9,33
78,Danilo Cataldi,it  ITA,MF,Lazio,26-227,1994,3.5,272,249,23,11,0,35,12,6,10,5,3,1,187,34,51,53,206,7,2,2,225,1,3,2,4
79,Luca Ceppitelli,it  ITA,DF,Cagliari,31-222,1989,10.5,555,527,28,21,0,36,12,4,0,0,0,0,381,56,118,88,422,26,6,3,467,0,7,6,7
80,Alberto Cerri,it  ITA,FW,Cagliari,24-339,1996,2.1,71,66,5,0,1,22,0,2,0,0,0,0,36,23,12,9,41,8,0,3,50,0,2,0,6
81,Julian Chabot,de  GER,DF,Spezia,23-037,1998,15.1,857,798,59,52,0,72,46,2,0,0,0,0,651,78,128,687,89,48,7,1,755,1,20,10,5
82,Giorgio Chiellini,it  ITA,DF,Juventus,36-219,1984,7.8,563,537,26,19,0,24,11,1,0,0,0,0,446,51,66,406,131,10,4,4,513,4,7,4,1
83,Vlad Chiricheș,ro  ROU,DF,Sassuolo,31-127,1989,12.5,882,863,19,18,0,77,10,1,0,0,0,0,749,66,67,72,759,22,1,3,811,0,2,7,5
84,Luca Cigarini,it  ITA,MF,Crotone,34-274,1986,5.0,357,317,40,28,0,45,7,1,11,5,2,0,238,45,74,50,295,6,1,1,300,3,3,3,5
85,Antonio Cioffi,it  ITA,FW,Napoli,18-092,2002,0.1,11,11,0,0,0,1,0,0,0,0,0,0,10,0,1,0,11,0,0,0,10,0,0,0,1
86,Ebrima Colley,gm  GAM,"FW,MF",Hellas Verona,21-048,2000,7.3,225,222,3,0,1,63,2,8,0,0,0,0,164,39,22,25,181,13,0,4,163,1,5,5,15
87,Omar Colley,gm  GAM,DF,Sampdoria,28-148,1992,18.8,830,798,32,31,0,77,27,4,0,0,0,0,523,88,219,553,187,55,1,3,667,3,17,12,6
88,Lorenzo Colombo,it  ITA,FW,Milan,19-013,2002,1.0,14,14,0,0,0,7,0,1,0,0,0,0,9,1,4,7,4,2,0,0,8,0,1,0,3
89,Andrea Consigli,it  ITA,GK,Sassuolo,34-053,1987,26.0,961,715,246,76,1,50,14,0,0,0,0,0,565,47,349,47,772,1,0,113,771,3,11,5,3
90,Alex Cordaz,it  ITA,GK,Crotone,38-079,1983,28.0,1083,772,311,87,0,103,16,0,0,0,0,0,599,48,436,109,815,1,0,120,818,0,12,5,4
91,Andreas Cornelius,dk  DEN,FW,Parma,28-005,1993,14.4,360,338,22,0,1,126,8,6,0,0,0,0,180,93,87,189,55,32,1,18,253,4,4,4,18
92,Joaquín Correa,ar  ARG,FW,Lazio,26-220,1994,15.2,553,521,32,1,0,116,13,7,12,9,1,2,433,72,48,49,480,6,5,11,460,5,2,12,15
93,Angelo da Costa Júnior,br  BRA,GK,Bologna,37-129,1983,6.0,287,226,61,19,0,11,3,0,0,0,0,0,208,7,72,5,253,1,0,23,249,0,2,2,0
94,Douglas Costa,br  BRA,"MF,FW",Juventus,30-188,1990,0.5,27,23,4,0,0,6,0,1,4,3,0,1,19,2,6,26,1,0,0,0,20,0,1,1,1
95,Mamadou Coulibaly,sn  SEN,MF,Udinese,22-046,1999,2.0,82,82,0,0,1,12,2,1,0,0,0,0,53,13,16,19,55,8,0,0,63,0,2,1,6
96,Alessio Cragno,it  ITA,GK,Cagliari,26-266,1994,28.0,766,470,296,70,0,42,14,0,0,0,0,0,343,32,391,78,542,0,0,107,536,1,24,2,3
97,Domenico Criscito,it  ITA,DF,Genoa,34-081,1986,15.2,788,719,69,37,0,62,23,11,2,0,1,1,516,88,184,589,108,47,30,5,645,5,12,13,9
98,Bryan Cristante,it  ITA,"DF,MF",Roma,26-018,1995,14.9,965,918,47,45,1,98,31,5,1,0,1,0,687,100,178,88,840,17,1,1,818,1,9,23,11
99,Giovanni Crociata,it  ITA,"DF,MF",Crotone,23-222,1997,0.3,16,15,1,0,0,0,0,2,0,0,0,0,12,1,3,2,13,0,1,0,11,0,1,1,0
100,Juan Cuadrado,co  COL,DF,Juventus,32-299,1988,15.1,1119,976,143,24,2,88,52,39,32,10,14,3,751,200,168,106,894,21,87,4,952,6,8,22,14
101,Giuseppe Cuomo,it  ITA,DF,Crotone,23-047,1998,6.8,352,331,21,12,0,37,4,0,0,0,0,0,249,37,66,121,200,13,9,1,289,1,12,9,6
102,Patrick Cutrone,it  ITA,"FW,MF",Fiorentina,23-077,1998,2.2,56,53,3,0,0,13,1,2,0,0,0,0,37,13,6,9,41,1,0,1,44,0,4,0,2
103,Wylan Cyprien,fr  FRA,MF,Parma,26-052,1995,4.6,289,265,24,11,0,40,13,3,13,2,9,1,219,30,40,34,246,7,0,1,243,1,3,5,3
104,Lennart-Marten Czyborra,de  GER,DF,Genoa,21-322,1999,13.0,576,461,115,7,0,51,3,17,0,0,0,0,317,135,124,355,88,20,108,1,429,2,7,16,19
105,Danilo D'Ambrosio,it  ITA,DF,Inter,32-193,1988,4.6,281,254,27,11,0,25,5,3,0,0,0,0,215,40,26,58,193,5,16,3,248,2,0,8,4
106,Bryan Dabo,bf  BFA,MF,Benevento,29-031,1992,7.5,318,309,9,7,0,72,7,6,1,0,1,0,200,52,66,61,198,24,0,2,235,1,6,7,11
107,Diogo Dalot,pt  POR,DF,Milan,22-003,1999,7.5,399,325,74,6,0,42,13,12,2,0,0,0,223,71,105,42,260,21,66,0,296,2,9,13,10
108,Mikkel Damsgaard,dk  DEN,"MF,FW",Sampdoria,20-261,2000,14.6,578,539,39,5,1,115,18,28,20,13,4,0,388,90,100,74,452,20,10,7,407,1,8,17,27
109,Danilo,br  BRA,DF,Juventus,29-249,1991,23.5,1826,1679,147,30,2,149,28,14,1,1,0,0,1383,230,213,233,1420,33,116,9,1622,5,23,29,24
110,Andrea Danzi,it  ITA,"MF,DF",Hellas Verona,22-024,1999,1.2,39,39,0,0,0,6,0,0,0,0,0,0,20,8,11,11,25,1,0,1,25,2,0,0,5
111,Paweł Dawidowicz,pl  POL,DF,Hellas Verona,25-305,1995,13.5,550,518,32,22,0,57,7,5,0,0,0,0,386,55,109,171,306,38,10,2,462,2,9,8,10
112,Sebastien De Maio,fr  FRA,DF,Udinese,34-016,1987,8.9,361,344,17,16,0,39,2,1,0,0,0,0,254,39,68,38,273,31,1,1,311,1,7,0,2
113,Rodrigo De Paul,ar  ARG,MF,Udinese,26-301,1994,25.8,1472,1283,189,103,7,215,85,86,76,23,38,4,927,181,364,30,1410,11,10,6,1067,14,28,43,51
114,Mattia De Sciglio,it  ITA,DF,Juventus,28-152,1992,0.3,12,12,0,0,0,3,0,1,0,0,0,0,8,3,1,3,8,1,0,0,9,0,0,0,1
115,Lorenzo De Silvestri,it  ITA,DF,Bologna,32-302,1988,17.9,993,810,183,25,0,97,13,26,0,0,0,0,523,189,281,82,673,56,158,1,757,1,19,22,26
116,Grégoire Defrel,mq  MTQ,"MF,FW",Sassuolo,29-277,1991,10.2,297,286,11,3,0,57,2,7,0,0,0,0,240,31,26,254,27,9,0,2,251,0,4,2,8
117,Lorenzo Del Pinto,it  ITA,MF,Benevento,30-277,1990,0.1,7,6,1,1,0,0,0,0,0,0,0,0,5,2,0,0,6,1,0,0,4,0,0,1,0
118,Cristian Dell'Orco,it  ITA,DF,Spezia,27-039,1994,2.8,135,112,23,8,0,12,6,0,0,0,0,0,78,28,29,86,17,11,15,1,104,0,2,2,4
119,Merih Demiral,tr  TUR,DF,Juventus,23-016,1998,10.2,631,609,22,16,0,34,12,0,0,0,0,0,538,35,58,80,503,29,6,0,587,0,6,3,3
120,Diego Demme,de  GER,MF,Napoli,29-120,1991,11.0,792,776,16,15,4,90,17,5,0,0,0,0,652,69,71,71,705,9,1,3,714,3,7,10,11
121,Stefano Denswil,nl  NED,DF,Bologna,27-318,1993,1.3,79,70,9,5,0,7,4,0,0,0,0,0,60,8,11,60,12,2,4,0,64,0,2,1,6
122,Kastriot Dermaku,al  ALB,DF,Parma,29-065,1992,1.1,39,37,2,2,0,4,1,0,0,0,0,0,34,1,4,6,32,1,0,0,35,0,0,0,1
123,Kiril Despodov,bg  BUL,FW,Cagliari,24-130,1996,0.1,0,0,0,0,0,0,0,0,0,0,0,0,0,0,0,0,0,0,0,0,0,0,0,0,0
124,Mattia Destro,it  ITA,FW,Genoa,30-001,1991,13.2,211,193,18,0,1,48,4,1,0,0,0,0,133,41,37,13,152,17,1,9,147,0,2,8,8
125,Gerard Deulofeu,es  ESP,FW,Udinese,27-008,1994,6.6,247,220,27,2,2,46,8,14,17,7,4,0,189,27,31,21,217,3,5,1,169,0,3,10,21
126,Jacopo Dezi,it  ITA,"FW,MF",Parma,29-039,1992,0.9,43,35,8,0,0,3,1,3,4,0,0,0,28,6,9,7,35,1,0,0,32,0,1,0,1
127,Giovanni Di Lorenzo,it  ITA,DF,Napoli,27-229,1993,25.0,1759,1482,277,48,0,156,28,38,0,0,0,0,1196,361,202,190,1298,22,229,3,1535,1,7,36,46
128,Alessandro Di Pardo,it  ITA,"MF,DF",Juventus,21-246,1999,0.2,9,8,1,0,0,2,0,1,0,0,0,0,5,3,1,3,5,0,1,0,5,1,0,1,0
129,Giuseppe Di Serio,it  ITA,"MF,FW",Benevento,19-244,2001,1.9,43,41,2,1,0,16,0,1,1,0,1,0,27,10,6,8,24,4,0,1,31,0,1,0,2
130,Amad Diallo,ci  CIV,MF,Atalanta,18-253,2002,0.2,10,10,0,0,0,0,0,0,0,0,0,0,9,1,0,5,5,0,0,0,9,0,0,0,0
131,Amadou Diawara,gn  GUI,MF,Roma,23-247,1997,3.8,282,279,3,1,0,34,3,0,0,0,0,0,211,29,42,24,240,13,2,2,249,1,1,2,0
132,Brahim Díaz,es  ESP,"MF,FW",Milan,21-230,1999,9.3,339,319,20,4,1,47,5,5,12,2,2,2,280,29,30,125,200,7,1,3,292,1,2,6,9
133,Daan Dierckx,be  BEL,DF,Parma,18-025,2003,1.0,13,13,0,0,0,2,0,0,0,0,0,0,10,1,2,4,8,1,0,0,11,0,0,0,0
134,Mitchell Dijks,nl  NED,DF,Bologna,28-040,1993,10.7,488,386,102,11,0,27,2,25,0,0,0,0,296,91,101,315,65,14,91,0,368,0,9,20,19
135,Federico Dimarco,it  ITA,DF,Hellas Verona,23-131,1997,20.2,1276,979,297,78,1,123,56,82,75,31,37,3,619,260,397,1023,73,25,144,2,881,6,24,38,56
136,Koffi Djidji,ci  CIV,DF,Crotone,28-111,1992,7.0,291,262,29,13,0,21,8,2,0,0,0,0,202,27,62,13,247,11,16,0,236,0,3,6,5
137,Berat Djimsiti,al  ALB,DF,Atalanta,28-030,1993,19.8,1210,1157,53,29,1,127,19,4,0,0,0,0,918,132,160,265,824,59,24,3,1062,1,11,17,23
138,Nicolás Domínguez,ar  ARG,MF,Bologna,22-266,1998,12.7,598,576,22,18,3,64,8,13,0,0,0,0,431,88,79,108,428,40,3,2,514,4,8,9,7
139,Gianluigi Donnarumma,it  ITA,GK,Milan,22-024,1999,26.0,868,674,194,48,0,58,15,0,0,0,0,0,505,27,336,117,616,0,0,102,667,4,15,1,1
140,Bartłomiej Drągowski,pl  POL,GK,Fiorentina,23-214,1997,27.0,807,533,274,77,0,35,21,0,0,0,0,0,378,41,388,50,600,0,0,133,552,4,17,0,1
141,Denis Drăguș,ro  ROU,"FW,MF",Crotone,21-258,1999,1.9,64,63,1,0,0,7,2,3,0,0,0,0,48,11,5,4,58,0,0,0,48,0,1,4,5
142,Radu Drăgușin,ro  ROU,DF,Juventus,19-046,2002,0.0,1,1,0,0,0,0,0,0,0,0,0,0,1,0,0,0,1,0,0,0,1,0,0,0,0
143,Léo Duarte,br  BRA,DF,Milan,24-247,1996,0.2,13,12,1,1,0,0,0,0,0,0,0,0,13,0,0,1,12,0,0,0,13,0,0,0,0
144,Paulo Dybala,ar  ARG,FW,Juventus,27-126,1993,7.2,417,349,68,14,0,37,24,15,40,5,20,3,294,51,72,358,41,8,3,6,338,2,3,7,13
145,Edin Džeko,ba  BIH,FW,Roma,35-004,1986,14.9,376,348,28,0,3,129,8,10,0,0,0,0,218,95,63,66,231,15,3,16,250,4,7,12,30
146,Steeve-Mike Ebongue,fr  FRA,MF,Genoa,20-029,2001,0.4,19,19,0,0,0,3,0,0,0,0,0,0,17,2,0,0,19,0,0,0,15,0,0,0,2
147,Simone Edera,it  ITA,"DF,MF",Torino,24-071,1997,0.6,22,17,5,4,0,3,1,2,1,0,1,0,17,1,4,18,4,0,0,0,16,0,0,1,2
148,Albin Ekdal,se  SWE,MF,Sampdoria,31-236,1989,21.2,875,820,55,53,2,137,17,3,0,0,0,0,599,131,145,86,701,58,1,6,727,0,14,12,20
149,Elif Elmas,mk  MKD,"MF,FW",Napoli,21-178,1999,6.9,270,262,8,3,0,41,2,4,2,1,0,0,233,19,18,42,221,4,2,1,242,1,0,7,3
150,Manu Emmanuel Gyabuaa,it  ITA,MF,Atalanta,19-181,2001,0.0,1,1,0,0,0,0,0,0,0,0,0,0,1,0,0,0,1,0,0,0,1,0,0,0,0
151,Alan Empereur,br  BRA,DF,Hellas Verona,27-011,1994,2.4,121,118,3,2,0,7,2,0,0,0,0,0,86,13,22,82,28,7,1,0,95,0,2,2,3
152,Christian Eriksen,dk  DEN,MF,Inter,29-035,1992,8.5,574,506,68,16,0,72,26,16,51,22,14,7,386,63,125,122,427,15,0,3,460,1,6,7,12
153,Martin Erlic,hr  CRO,DF,Spezia,23-056,1998,15.0,707,664,43,39,0,55,45,2,0,0,0,0,505,74,128,94,540,55,4,4,598,2,16,10,3
154,Gonzalo Escalante,ar  ARG,MF,Lazio,27-359,1993,7.0,401,394,7,7,0,51,8,0,0,0,0,0,303,44,54,24,339,29,0,0,354,0,5,3,6
155,Nahuel Estévez,ar  ARG,MF,Spezia,25-127,1995,15.0,762,706,56,20,1,108,36,41,31,0,18,3,504,83,175,60,662,22,5,3,569,6,20,15,27
156,Valentin Eysseric,fr  FRA,"MF,FW",Fiorentina,28-361,1992,5.6,221,210,11,4,0,37,12,10,4,0,3,0,145,30,46,39,168,5,3,0,168,0,5,5,15
157,Nicolò Fagioli,it  ITA,MF,Juventus,20-037,2001,0.2,18,17,1,0,0,1,1,0,1,0,1,0,16,0,2,1,17,0,0,0,17,0,0,0,1
158,Iago Falque,es  ESP,"MF,FW",Benevento,31-076,1990,2.7,129,121,8,3,0,25,4,6,4,1,0,2,85,13,31,111,16,0,1,0,97,0,4,1,3
159,Andri Fannar Baldursson,is  ISL,MF,Bologna,19-070,2002,1.4,35,35,0,0,0,4,1,0,0,0,0,0,26,5,4,9,25,1,0,0,28,0,0,2,0
160,Paolo Faragò,it  ITA,"DF,MF",Cagliari,28-037,1993,4.1,225,185,40,3,1,26,3,7,1,1,0,0,125,51,49,56,122,7,36,1,187,0,5,4,5
161,Davide Faraoni,it  ITA,DF,Hellas Verona,29-147,1991,21.8,1030,841,189,19,0,105,17,43,1,1,0,0,469,238,323,95,709,32,169,2,729,8,31,38,31
162,Mohamed Fares,dz  ALG,DF,Lazio,25-034,1996,6.9,318,283,35,4,0,24,6,23,0,0,0,0,203,66,49,244,31,7,31,2,253,0,6,1,16
163,Diego Farias,br  BRA,FW,Spezia,30-315,1990,12.4,458,450,8,2,2,72,11,12,3,0,1,0,367,58,33,31,410,10,3,3,383,2,2,16,13
164,Andrea Favilli,it  ITA,FW,Hellas Verona,23-308,1997,3.3,66,62,4,0,0,21,1,0,0,0,0,0,44,15,7,42,15,4,0,3,49,0,1,1,3
165,Federico Fazio,ar  ARG,DF,Roma,34-004,1987,1.5,125,122,3,2,0,12,3,2,0,0,0,0,102,8,15,18,98,3,1,0,111,0,0,1,2
166,Luiz Felipe,br  BRA,DF,Lazio,23-364,1997,8.3,414,397,17,12,0,22,7,1,0,0,0,0,343,31,40,51,338,16,5,0,375,0,3,5,4
167,Alex Ferrari,it  ITA,DF,Sampdoria,26-263,1994,7.9,381,329,52,13,0,37,6,4,0,0,0,0,248,52,81,47,277,10,38,2,323,2,2,6,8
168,Salvador Ferrer,es  ESP,DF,Spezia,23-059,1998,9.0,,,,,,,,33,,,,,,,,,,,,,,,,,
169,Fernando Forestieri,it  ITA,"FW,MF",Udinese,31-065,1990,3.1,112,106,6,2,1,20,3,8,0,0,0,0,80,12,20,5,97,5,1,1,88,0,2,1,4
170,Daam Foulon,be  BEL,DF,Benevento,21-363,1999,9.9,426,336,90,14,0,38,4,19,1,0,1,0,252,75,99,283,46,15,75,0,315,0,15,6,20
171,Gianluca Frabotta,it  ITA,DF,Juventus,21-270,1999,7.7,484,416,68,8,1,50,7,31,1,0,0,0,319,101,64,367,37,11,59,0,403,1,13,8,17
172,Remo Freuler,ch  SUI,MF,Atalanta,28-340,1992,20.2,1397,1337,60,43,1,164,26,12,2,0,0,0,1102,138,157,211,1099,43,15,8,1219,3,13,28,21
173,Matteo Gabbia,it  ITA,DF,Milan,21-151,1999,6.0,355,346,9,8,0,26,10,0,0,0,0,0,289,25,41,53,269,19,1,1,329,0,2,1,1
174,Manolo Gabbiadini,it  ITA,"FW,MF",Sampdoria,29-115,1991,2.0,35,35,0,0,0,9,1,2,0,0,0,0,18,8,9,24,7,3,0,0,20,2,0,0,3
175,Roberto Gagliardini,it  ITA,MF,Inter,26-348,1994,10.6,472,459,13,11,0,72,15,9,1,0,0,0,371,52,49,49,395,11,1,2,405,2,4,9,8
176,Riccardo Gagliolo,se  SWE,DF,Parma,30-327,1990,17.7,1055,930,125,34,0,86,22,23,0,0,0,0,661,147,247,670,248,35,90,4,848,3,12,24,14
177,Adolfo Gaich,ar  ARG,FW,Benevento,22-043,1999,1.9,28,25,3,0,0,6,1,1,0,0,0,0,16,9,3,2,22,2,0,0,19,0,0,1,1
178,Andrey Galabinov,bg  BUL,FW,Spezia,32-114,1988,4.3,98,80,18,1,1,22,3,1,0,0,0,0,52,26,20,17,64,6,0,5,74,2,2,2,1
179,Gervinho,ci  CIV,"FW,MF",Parma,33-298,1987,17.1,411,397,14,1,1,77,2,18,0,0,0,0,356,34,21,130,275,1,0,5,336,2,3,8,22
180,Paolo Ghiglione,it  ITA,"DF,MF",Genoa,24-047,1997,12.1,470,397,73,5,1,43,16,39,1,0,1,0,230,100,140,50,324,18,67,2,322,0,6,8,27
181,Faouzi Ghoulam,dz  ALG,"DF,FW",Napoli,30-048,1991,3.2,262,214,48,18,0,24,5,19,11,3,5,0,178,44,40,223,11,4,19,0,208,2,6,7,8
182,Kamil Glik,pl  POL,DF,Benevento,33-046,1988,25.6,947,892,55,48,0,80,37,0,0,0,0,0,731,69,147,175,697,49,0,4,845,2,9,8,2
183,Diego Godín,uy  URU,DF,Cagliari,35-033,1986,18.9,921,855,66,60,0,62,12,2,0,0,0,0,632,74,215,187,671,39,1,5,790,5,14,5,5
184,Amer Gojak,ba  BIH,"MF,FW",Torino,24-036,1997,4.4,208,184,24,9,0,32,20,13,12,4,8,0,131,19,58,36,156,12,2,0,149,1,2,5,8
185,Edoardo Goldaniga,it  ITA,DF,Genoa,27-139,1993,14.5,633,578,55,14,1,56,17,13,0,0,0,0,368,79,186,51,491,36,41,4,466,4,12,9,15
186,Vladimir Golemić,si  SVN,DF,Crotone,29-266,1991,19.4,960,888,72,59,0,107,17,3,0,0,0,0,706,91,163,155,724,45,13,4,832,2,17,11,4
187,Pierluigi Gollini,it  ITA,GK,Atalanta,26-003,1995,14.7,401,313,88,18,0,37,13,0,0,0,0,0,212,20,169,19,324,0,0,49,305,1,7,4,2
188,Tomislav Gomelt,hr  CRO,MF,Crotone,26-073,1995,0.2,17,16,1,1,0,1,2,0,0,0,0,0,15,0,2,16,1,0,0,0,16,0,0,0,1
189,Papu Gómez,ar  ARG,"FW,MF",Atalanta,33-034,1988,7.4,432,396,36,13,1,68,21,6,15,6,6,2,309,34,89,64,350,7,5,5,356,3,7,7,7
190,Robin Gosens,de  GER,DF,Atalanta,26-259,1994,20.6,1192,1032,160,11,2,157,18,46,1,0,1,0,781,244,167,885,94,35,148,3,955,2,14,40,44
191,Alberto Grassi,it  ITA,"MF,DF",Parma,26-014,1995,9.0,311,282,29,10,0,38,3,5,0,0,0,0,200,63,48,43,229,12,19,1,249,2,3,7,6
192,Koray Günter,de  GER,DF,Hellas Verona,26-217,1994,13.6,741,715,26,25,0,77,19,1,0,0,0,0,514,99,128,87,555,65,1,3,642,1,15,4,4
193,Emanuel Gyasi,gh  GHA,FW,Spezia,27-069,1994,25.0,718,713,5,1,1,156,8,35,0,0,0,0,607,58,53,123,568,6,4,5,598,2,7,18,24
194,Achraf Hakimi,ma  MAR,DF,Inter,22-137,1998,20.5,1087,933,154,11,0,93,29,74,2,0,1,0,755,224,108,141,782,19,141,0,884,0,16,31,50
195,Samir Handanović,si  SVN,GK,Inter,36-250,1984,27.0,819,652,167,35,0,75,5,0,0,0,0,0,555,49,215,71,617,1,0,118,695,2,11,5,2
196,Lukáš Haraslín,sk  SVK,"FW,MF",Sassuolo,24-299,1996,2.8,101,84,17,3,0,10,7,5,13,3,7,2,70,10,21,14,83,0,1,1,69,0,6,3,3
197,Hans Hateboer,nl  NED,DF,Atalanta,27-071,1994,15.3,795,698,97,8,0,84,8,19,0,0,0,0,569,119,107,142,519,26,89,2,691,1,10,11,15
198,Eduardo Henrique,br  BRA,MF,Crotone,25-308,1995,8.5,337,330,7,5,1,56,4,1,0,0,0,0,253,46,38,20,291,17,2,0,272,0,6,11,8
199,Theo Hernández,fr  FRA,DF,Milan,23-166,1997,23.0,1332,1130,202,27,3,147,25,37,8,2,4,2,886,242,204,1022,86,33,167,1,1076,5,15,39,46
200,Hernani,br  BRA,MF,Parma,26-359,1994,17.8,740,682,58,28,1,116,43,25,19,5,10,0,497,93,150,80,604,27,10,2,586,4,12,15,28
201,Përparim Hetemaj,fi  FIN,MF,Benevento,34-099,1986,16.9,583,566,17,7,2,89,13,23,1,0,1,0,399,69,115,91,438,33,8,4,440,1,13,17,20
202,Aaron Hickey,sco  SCO,DF,Bologna,18-284,2002,8.4,404,323,81,11,0,50,5,6,2,1,0,0,266,67,71,213,110,9,68,2,339,2,5,7,12
203,Wesley Hoedt,nl  NED,DF,Lazio,27-015,1994,9.5,605,592,13,10,0,39,36,0,1,1,0,0,469,41,95,435,142,20,0,1,550,2,10,5,6
204,Elseid Hysaj,al  ALB,DF,Napoli,27-029,1994,11.3,802,684,118,20,0,87,6,8,1,0,0,0,549,126,127,230,449,21,97,0,674,3,8,18,17
205,Simone Iacoponi,it  ITA,DF,Parma,33-325,1987,13.3,726,645,81,31,0,44,35,7,0,0,0,0,493,85,148,64,595,15,48,1,627,1,7,9,18
206,Roger Ibanez,br  BRA,DF,Roma,22-118,1998,21.4,1342,1280,62,54,2,86,42,3,0,0,0,0,1037,144,161,232,1014,58,5,6,1168,2,15,21,25
207,Zlatan Ibrahimović,se  SWE,FW,Milan,39-169,1981,12.2,384,352,32,1,1,113,5,11,1,0,0,0,224,103,57,37,265,26,1,7,263,3,4,9,21
208,Igor,br  BRA,DF,Fiorentina,23-042,1998,10.5,675,645,30,21,3,49,16,1,0,0,0,0,561,43,71,585,55,14,9,1,607,0,7,5,7
209,Ivan Ilić,rs  SRB,MF,Hellas Verona,20-004,2001,14.1,760,706,54,31,1,98,14,9,20,4,8,7,553,80,127,626,66,43,0,3,628,4,15,14,14
210,Josip Iličić,si  SVN,"FW,MF",Atalanta,33-051,1988,14.0,814,744,70,25,5,122,44,50,35,15,15,2,548,116,150,654,141,4,6,8,587,2,14,27,37
211,Ciro Immobile,it  ITA,FW,Lazio,31-029,1990,21.2,619,600,19,3,3,121,10,15,5,4,0,0,453,108,58,61,509,13,4,15,463,2,8,29,27
212,Riccardo Improta,it  ITA,"MF,DF",Benevento,27-092,1993,16.2,618,557,61,9,2,96,16,40,2,1,1,0,350,116,152,142,364,37,50,0,451,1,11,11,30
213,Roberto Inglese,it  ITA,FW,Parma,29-129,1991,6.4,115,103,12,0,1,28,3,3,0,0,0,0,64,25,26,17,74,12,0,4,75,0,2,4,7
214,Lorenzo Insigne,it  ITA,FW,Napoli,29-290,1991,20.0,1159,1062,97,30,4,160,57,38,36,15,1,6,815,144,200,48,1064,15,28,3,923,9,13,34,29
215,Roberto Insigne,it  ITA,"MF,FW",Benevento,26-314,1994,14.3,460,421,39,9,3,85,12,21,23,5,13,0,325,52,83,395,36,19,3,1,360,1,5,9,15
216,Artur Ioniță,md  MDA,MF,Benevento,30-216,1990,23.8,633,617,16,10,0,143,10,15,0,0,0,0,416,103,114,147,368,67,3,6,497,4,10,9,27
217,Ardian Ismajli,al  ALB,DF,Spezia,24-172,1996,8.4,418,403,15,14,0,39,13,1,0,0,0,0,318,35,65,49,337,22,1,1,365,1,4,7,2
218,Armando Izzo,it  ITA,DF,Torino,29-019,1992,13.1,723,672,51,39,0,69,33,9,0,0,0,0,450,74,199,181,472,39,12,3,596,2,16,9,5
219,Mato Jajalo,ba  BIH,MF,Udinese,32-300,1988,0.4,29,27,2,2,0,5,0,0,0,0,0,0,23,2,4,6,23,0,0,0,23,0,0,2,1
220,Jakub Jankto,cz  CZE,MF,Sampdoria,25-061,1996,18.3,614,577,37,9,1,77,18,44,13,4,5,2,371,100,143,499,76,22,15,0,401,8,10,15,26
221,Juan Jesus,br  BRA,DF,Roma,29-284,1991,1.2,99,96,3,3,0,6,1,0,0,0,0,0,85,3,11,88,9,1,0,0,90,1,1,0,2
222,Hamed Junior Traorè,ci  CIV,"FW,MF",Sassuolo,21-033,2000,13.1,540,487,53,8,1,79,25,15,40,17,11,7,425,41,74,78,441,10,2,2,392,4,9,26,21
223,Nikola Kalinić,hr  CRO,FW,Hellas Verona,33-075,1988,7.8,153,135,18,0,0,49,3,2,0,0,0,0,90,40,23,15,122,2,0,6,110,0,3,2,11
224,Pierre Kalulu,fr  FRA,DF,Milan,20-289,2000,6.0,349,328,21,7,0,17,1,6,0,0,0,0,278,28,43,36,282,14,8,4,302,2,4,1,3
225,Yann Karamoh,fr  FRA,"FW,MF",Parma,22-256,1998,14.3,370,365,5,0,3,68,10,20,2,1,0,0,274,50,46,60,291,9,3,3,285,4,4,8,16
226,Augustus Kargbo,sl  SLE,FW,Crotone,21-209,1999,0.4,9,9,0,0,0,2,0,0,0,0,0,0,6,3,0,1,8,0,0,0,6,0,0,1,0
227,Rick Karsdorp,nl  NED,DF,Roma,26-038,1995,20.4,928,781,147,7,3,70,12,35,0,0,0,0,604,208,116,37,725,19,140,2,774,2,11,23,32
228,Franck Kessié,ci  CIV,MF,Milan,24-092,1996,24.8,1338,1306,32,28,5,158,44,8,0,0,0,0,1090,98,150,253,1021,33,4,4,1192,4,13,24,16
229,Omar Khailoti,it  ITA,DF,Bologna,19-197,2001,0.3,21,21,0,0,0,0,0,0,0,0,0,0,19,0,2,17,3,1,0,0,19,0,0,0,1
230,Giorgos Kiriakopoulos,gr  GRE,DF,Sassuolo,25-044,1996,10.5,571,490,81,9,0,45,5,18,2,0,2,0,382,114,75,408,71,17,70,0,478,1,8,10,14
231,Simon Kjær,dk  DEN,DF,Milan,31-360,1989,16.8,932,880,52,48,0,60,29,0,0,0,0,0,716,44,172,145,730,38,0,1,813,5,7,12,7
232,Ragnar Klavan,ee  EST,DF,Cagliari,35-142,1985,6.8,259,246,13,12,0,25,2,0,0,0,0,0,189,28,42,205,38,7,1,4,213,1,3,4,4
233,Justin Kluivert,nl  NED,"FW,MF",Roma,21-320,1999,0.2,11,10,1,0,0,0,2,2,0,0,0,0,3,5,3,3,6,1,1,0,6,0,0,0,1
234,Aleksandr Kokorin,ru  RUS,"FW,MF",Fiorentina,30-002,1991,0.9,26,24,2,0,0,3,0,0,0,0,0,0,19,1,6,1,22,2,1,0,21,0,0,0,2
235,Aleksandar Kolarov,rs  SRB,DF,Inter,35-131,1985,4.3,371,335,36,8,0,34,18,8,7,3,3,0,262,44,65,301,29,14,16,0,318,0,3,6,6
236,Christian Kouamé,ci  CIV,FW,Fiorentina,23-105,1997,8.5,245,231,14,2,1,61,4,5,0,0,0,0,171,46,28,28,176,16,2,4,189,0,2,10,12
237,Kalidou Koulibaly,sn  SEN,DF,Napoli,29-274,1991,17.5,1301,1224,77,44,1,100,33,5,0,0,0,0,1044,98,159,397,862,19,3,7,1171,3,21,18,10
238,Rade Krunić,ba  BIH,"MF,FW",Milan,27-165,1993,6.0,199,193,6,4,0,22,1,2,1,1,0,0,147,24,28,19,158,14,1,1,171,1,2,3,4
239,Juraj Kucka,sk  SVK,"MF,FW",Parma,34-023,1987,21.7,779,761,18,2,6,183,22,12,1,0,1,0,490,139,150,191,467,53,3,6,562,6,21,29,35
240,Dejan Kulusevski,se  SWE,"FW,MF",Juventus,20-330,2000,14.6,570,548,22,5,2,106,11,29,14,3,8,0,456,51,63,434,108,14,1,6,445,3,9,14,25
241,Marash Kumbulla,al  ALB,DF,Roma,21-041,2000,10.8,559,534,25,20,2,50,10,1,0,0,0,0,445,48,66,79,443,18,5,0,493,0,4,3,10
242,Jasmin Kurtić,si  SVN,MF,Parma,32-070,1989,22.8,995,932,63,30,1,130,47,40,21,4,13,2,691,106,198,147,773,45,10,1,811,4,13,10,27
243,Antonino La Gumina,it  ITA,FW,Sampdoria,25-015,1996,3.0,54,49,5,0,0,25,0,2,0,0,0,0,33,10,11,8,36,1,0,3,39,1,0,3,2
244,Sam Lammers,nl  NED,"FW,MF",Atalanta,23-325,1997,2.7,101,99,2,0,0,22,0,0,0,0,0,0,82,11,8,48,41,6,0,1,77,0,3,6,4
245,Gianluca Lapadula,pe  PER,FW,Benevento,31-042,1990,20.0,353,316,37,0,3,100,1,12,0,0,0,0,223,69,61,210,73,39,1,9,248,0,5,9,19
246,Danilo Larangeira,br  BRA,DF,Bologna,36-315,1984,26.8,1229,1153,76,72,1,106,45,3,0,0,0,0,738,135,356,77,1033,75,3,5,1009,9,15,9,12
247,Vincent Laurini,fr  FRA,DF,Parma,31-284,1989,4.7,265,216,49,5,0,23,3,7,0,0,0,0,157,43,65,25,184,10,44,0,207,1,5,9,7
248,Darko Lazović,rs  SRB,"DF,MF",Hellas Verona,30-187,1990,17.4,851,715,136,14,0,98,17,64,4,2,1,0,456,184,211,91,604,25,118,2,616,14,19,29,35
249,Manuel Lazzari,it  ITA,DF,Lazio,27-112,1993,18.4,783,630,153,13,0,79,19,74,0,0,0,0,447,166,170,79,538,19,140,2,612,2,8,18,23
250,Rafael Leão,pt  POR,FW,Milan,21-284,1999,16.9,393,373,20,0,2,78,9,27,0,0,0,0,262,71,60,61,273,24,8,1,279,4,2,12,16
251,Lucas Leiva,br  BRA,MF,Lazio,34-071,1987,15.0,924,884,40,31,0,120,23,4,7,4,0,0,703,108,113,94,747,52,1,3,793,3,10,16,14
252,Lukas Lerager,dk  DEN,MF,Genoa,27-252,1993,12.9,490,474,16,9,0,62,14,2,0,0,0,0,348,78,64,55,384,35,6,2,405,5,3,11,15
253,Mehdi Léris,fr  FRA,"MF,DF",Sampdoria,22-302,1998,2.4,149,133,16,3,0,25,6,10,4,1,3,0,103,15,31,20,112,4,9,0,109,3,1,6,3
254,Gaetano Letizia,it  ITA,DF,Benevento,30-265,1990,14.0,696,571,125,23,0,73,19,41,1,0,1,0,393,135,168,105,452,31,101,0,526,6,18,17,20
255,Matthijs de Ligt,nl  NED,DF,Juventus,21-221,1999,13.2,965,933,32,21,0,56,18,1,0,0,0,0,837,41,87,196,717,31,0,1,896,2,6,6,4
256,Karol Linetty,pl  POL,MF,Torino,26-047,1995,18.8,670,646,24,11,0,127,21,5,2,0,0,0,493,95,82,258,372,24,8,2,557,2,7,13,21
257,Pol Lirola,es  ESP,"DF,FW",Fiorentina,23-220,1997,5.5,290,245,45,4,1,24,7,20,0,0,0,0,178,57,55,16,213,16,41,1,208,1,8,11,11
258,Stanislav Lobotka,sk  SVK,MF,Napoli,26-116,1994,1.7,123,122,1,1,0,18,4,0,0,0,0,0,103,13,7,12,107,2,0,0,110,0,1,4,1
259,Manuel Locatelli,it  ITA,MF,Sassuolo,23-072,1998,24.0,1989,1918,71,59,3,208,61,24,10,3,6,1,1548,149,292,384,1548,26,2,5,1723,5,15,39,28
260,Maxime Lopez,fr  FRA,MF,Sassuolo,23-107,1997,12.8,924,885,39,13,0,85,19,8,23,8,13,0,797,60,67,87,817,13,3,1,837,1,2,8,15
261,Pau López,es  ESP,GK,Roma,26-098,1994,16.2,516,413,103,31,0,51,9,0,0,0,0,0,318,25,173,291,125,0,0,88,406,0,8,2,0
262,Matteo Lovato,it  ITA,DF,Hellas Verona,21-035,2000,13.2,561,529,32,27,0,73,6,2,0,0,0,0,388,67,106,79,414,38,5,1,454,1,12,7,9
263,Hirving Lozano,mx  MEX,FW,Napoli,25-234,1995,17.3,487,475,12,1,1,97,5,51,2,2,0,0,339,86,62,23,435,10,6,5,349,0,10,9,30
264,José Luis Palomino,ar  ARG,DF,Atalanta,31-075,1990,19.6,1149,1086,63,45,1,116,17,10,0,0,0,0,842,128,179,867,166,63,18,1,959,4,10,21,14
265,Romelu Lukaku,be  BEL,FW,Inter,27-312,1993,22.7,568,530,38,0,4,183,13,19,0,0,0,0,391,107,70,318,188,26,2,17,409,4,9,21,32
266,Saša Lukić,rs  SRB,MF,Torino,24-220,1996,18.8,657,635,22,12,2,99,10,19,3,1,1,0,512,70,75,122,496,19,4,3,531,2,7,15,25
267,Senad Lulić,ba  BIH,DF,Lazio,35-062,1986,2.4,123,106,17,1,0,19,1,9,1,0,0,0,69,22,32,13,86,7,15,0,85,1,2,6,8
268,Sebastiano Luperto,it  ITA,DF,Crotone,24-196,1996,18.2,874,822,52,41,0,71,11,0,0,0,0,0,654,69,151,722,93,34,11,1,719,0,21,16,13
269,Lyanco,br  BRA,DF,Torino,24-048,1997,19.3,1127,1076,51,50,0,124,55,3,0,0,0,0,860,92,175,71,996,31,1,9,987,1,15,11,7
270,Charalambos Lykogiannis,gr  GRE,DF,Cagliari,27-150,1993,20.5,909,707,202,40,0,65,15,53,17,7,4,3,462,175,272,658,43,34,145,4,630,4,22,24,38
271,Lisandro Magallán,ar  ARG,DF,Crotone,27-175,1993,17.7,859,795,64,27,0,110,19,0,0,0,0,0,609,106,144,109,654,39,37,5,719,1,9,18,19
272,Christian Maggio,it  ITA,DF,Benevento,39-038,1982,3.3,144,113,31,5,0,15,0,3,0,0,0,0,82,28,34,13,90,9,26,1,110,0,1,1,6
273,Giulio Maggiore,it  ITA,MF,Spezia,23-009,1998,16.4,531,514,17,3,2,99,11,17,0,0,0,0,353,91,87,94,385,19,14,5,376,3,7,22,24
274,Francesco Magnanelli,it  ITA,MF,Sassuolo,36-129,1984,4.1,343,335,8,8,0,36,5,1,0,0,0,0,275,28,40,29,305,7,0,0,291,0,6,10,6
275,Giangiacomo Magnani,it  ITA,DF,Hellas Verona,25-168,1995,13.6,461,445,16,13,1,59,14,1,0,0,0,0,288,67,106,49,338,41,3,1,360,2,17,6,6
276,Jean-Victor Makengo,fr  FRA,MF,Udinese,22-282,1998,3.1,97,96,1,0,0,22,4,2,0,0,0,0,66,18,13,73,14,3,1,2,79,1,5,1,5
277,Nikola Maksimović,rs  SRB,DF,Napoli,29-116,1991,11.5,811,778,33,24,0,57,41,1,0,0,0,0,672,79,60,43,720,26,1,5,762,0,7,6,5
278,Daniel Maldini,it  ITA,"FW,MF",Milan,19-161,2001,0.3,17,17,0,0,0,1,0,1,0,0,0,0,11,3,3,1,13,1,0,2,15,0,0,1,0
279,Ruslan Malinovskyi,ua  UKR,"FW,MF",Atalanta,27-321,1993,12.8,680,610,70,14,4,139,34,18,52,21,21,10,478,61,141,593,58,10,4,1,494,1,11,24,25
280,Dennis Man,ro  ROU,FW,Parma,22-207,1998,3.9,128,126,2,0,0,17,3,7,1,0,0,0,100,11,17,105,13,7,1,0,107,0,0,5,1
281,Gianluca Mancini,it  ITA,DF,Roma,24-338,1996,22.7,1384,1331,53,44,1,101,22,9,0,0,0,0,1131,92,161,143,1176,31,9,4,1233,1,15,16,18
282,Mario Mandžukić,hr  CRO,FW,Milan,34-304,1986,0.9,31,31,0,0,0,11,0,0,0,0,0,0,15,10,6,3,20,2,0,0,18,0,1,2,1
283,Kostas Manolas,gr  GRE,DF,Napoli,29-280,1991,16.7,1086,1046,40,31,1,71,34,2,0,0,0,0,890,97,99,147,887,30,2,4,1015,0,15,11,4
284,Juan Manuel Ramos,uy  URU,DF,Spezia,24-100,1996,3.0,148,115,33,2,0,20,4,2,6,0,6,0,82,32,34,106,9,4,25,0,118,0,1,2,9
285,Federico Marchetti,it  ITA,GK,Genoa,38-042,1983,2.7,90,60,30,5,0,10,1,0,0,0,0,0,59,2,29,44,35,0,0,11,74,0,1,0,1
286,Riccardo Marchizza,it  ITA,DF,Spezia,22-360,1998,12.0,654,533,121,12,1,90,15,28,15,0,11,2,406,120,128,460,77,12,94,0,516,0,4,13,26
287,Gian Marco Ferrari,it  ITA,DF,Sassuolo,29-034,1992,25.0,1923,1840,83,58,1,142,26,3,0,0,0,0,1600,135,188,1636,177,56,11,8,1771,2,10,18,17
288,Răzvan Marin,ro  ROU,MF,Cagliari,24-302,1996,25.3,1272,1106,166,74,1,149,42,39,84,23,36,10,913,122,237,130,1086,33,8,5,1031,8,13,20,25
289,Marlon,br  BRA,DF,Sassuolo,25-195,1995,13.0,944,917,27,27,0,58,9,0,0,0,0,0,855,40,49,72,842,13,0,5,905,2,5,4,4
290,Luca Marrone,it  ITA,DF,Crotone,30-358,1990,15.1,914,857,57,57,0,76,10,0,0,0,0,0,717,65,132,177,682,39,0,5,796,0,9,11,6
291,Lucas Martínez Quarta,ar  ARG,DF,Fiorentina,24-315,1996,11.3,590,560,30,21,0,37,23,2,0,0,0,0,431,48,111,109,445,14,9,0,492,3,11,14,9
292,Lautaro Martínez,ar  ARG,FW,Inter,23-211,1997,20.4,416,404,12,1,0,107,17,14,0,0,0,0,269,95,52,63,310,19,3,9,297,0,4,20,18
293,Adam Marušić,me  MNE,DF,Lazio,28-155,1992,22.2,970,811,159,12,1,100,25,43,0,0,0,0,593,208,169,106,643,48,147,11,785,2,7,21,31
294,Andrea Masiello,it  ITA,DF,Genoa,35-044,1986,19.0,891,856,35,25,0,63,38,4,0,0,0,0,608,97,186,165,653,48,10,3,753,2,13,11,8
295,Giuseppe Mastinu,it  ITA,FW,Spezia,29-163,1991,0.4,12,12,0,0,0,1,0,0,0,0,0,0,8,2,2,11,0,0,0,1,9,0,0,0,0
296,Ryder Matos,br  BRA,MF,Udinese,28-022,1993,0.1,7,7,0,0,0,1,1,2,0,0,0,0,4,0,3,0,6,1,0,0,5,0,1,0,0
297,Federico Mattiello,it  ITA,DF,Spezia,25-250,1995,0.4,42,35,7,0,0,4,1,1,0,0,0,0,18,9,15,17,16,0,7,1,29,0,0,0,2
298,Borja Mayoral,es  ESP,FW,Roma,23-350,1997,10.8,237,223,14,1,0,53,9,5,0,0,0,0,165,34,38,44,170,8,0,6,185,0,1,7,7
299,Antonio Mazzotta,it  ITA,DF,Crotone,31-231,1989,0.6,11,9,2,1,0,2,1,1,0,0,0,0,6,1,4,8,2,0,1,0,7,0,0,1,0
300,Ibrahima Mbaye,sn  SEN,DF,Bologna,26-122,1994,3.3,157,124,33,3,0,20,1,1,0,0,0,0,96,32,29,15,100,7,30,0,133,0,2,1,3
301,Weston McKennie,us  USA,MF,Juventus,22-205,1998,13.5,540,527,13,6,4,94,6,10,0,0,0,0,410,71,59,100,396,14,7,4,463,2,10,8,10
302,Gary Medel,cl  CHI,"DF,MF",Bologna,33-230,1987,5.1,299,281,18,14,0,17,12,0,0,0,0,0,221,42,36,35,239,13,4,3,276,0,1,2,2
303,Filippo Melegoni,it  ITA,MF,Genoa,22-031,1999,2.1,122,110,12,1,0,20,5,4,11,6,2,0,90,13,19,4,111,5,0,1,98,2,1,1,0
304,Arthur Melo,br  BRA,MF,Juventus,24-221,1996,9.6,779,764,15,14,0,85,20,0,1,1,0,0,662,70,47,34,724,15,0,5,736,1,4,5,6
305,Alex Meret,it  ITA,GK,Napoli,23-364,1997,12.0,363,296,67,17,0,29,3,0,0,0,0,0,268,14,81,223,70,0,0,64,315,2,3,4,1
306,Yıldırım Mert Çetin,tr  TUR,DF,Hellas Verona,24-079,1997,4.6,187,177,10,4,0,32,2,1,0,0,0,0,119,29,39,26,134,8,6,0,149,1,5,6,3
307,Dries Mertens,be  BEL,"FW,MF",Napoli,33-319,1987,11.5,374,328,46,6,1,59,12,25,21,4,12,3,234,63,77,25,337,4,0,8,274,1,4,8,17
308,Junior Messias,br  BRA,"FW,MF",Crotone,29-312,1991,26.8,866,780,86,26,0,168,22,53,34,20,0,1,561,135,170,675,111,41,11,9,620,3,26,24,21
309,Valentin Mihaila,ro  ROU,"FW,MF",Parma,21-047,2000,5.8,152,146,6,0,0,16,7,8,2,1,0,1,92,26,34,13,117,14,4,3,103,0,3,6,13
310,Nikola Milenković,rs  SRB,DF,Fiorentina,23-160,1997,24.7,1346,1240,106,42,0,137,40,3,0,0,0,0,956,180,210,100,1029,91,64,2,1177,3,14,16,16
311,Sergej Milinković-Savić,rs  SRB,MF,Lazio,26-022,1995,22.0,1282,1253,29,12,4,209,39,33,1,0,0,0,793,220,269,227,932,39,16,12,1002,8,24,32,30
312,Vanja Milinković-Savić,rs  SRB,GK,Torino,24-029,1997,2.0,64,50,14,7,0,3,0,0,0,0,0,0,44,1,19,4,51,0,0,9,48,0,1,0,0
313,Vincenzo Millico,it  ITA,"FW,MF",Torino,20-221,2000,0.2,10,9,1,0,0,2,2,0,1,1,0,0,7,1,2,1,9,0,0,0,9,0,1,0,0
314,Aleksei Miranchuk,ru  RUS,"MF,FW",Atalanta,25-155,1995,4.7,245,235,10,2,0,55,6,6,6,1,5,0,186,26,33,214,16,2,2,2,190,0,3,5,7
315,Antonio Mirante,it  ITA,GK,Roma,37-256,1983,10.8,349,250,99,34,0,15,4,0,0,0,0,0,200,24,125,19,254,0,0,61,282,0,5,3,1
316,Henrikh Mkhitaryan,am  ARM,"FW,MF",Roma,32-059,1989,23.4,968,945,23,6,6,149,21,33,3,2,0,0,703,173,92,170,733,31,13,11,744,4,15,32,44
317,Johan Mojica,co  COL,"DF,FW",Atalanta,28-212,1992,3.3,227,205,22,0,0,21,0,13,0,0,0,0,159,43,25,174,23,6,22,0,182,0,3,3,10
318,Nahuel Molina,ar  ARG,DF,Udinese,23-109,1997,9.3,436,343,93,4,2,39,14,32,0,0,0,0,242,117,77,32,299,8,89,4,332,0,8,13,20
319,Salvatore Molina,it  ITA,"MF,DF",Crotone,29-079,1992,16.7,704,655,49,12,1,110,23,32,6,4,0,1,468,101,135,199,439,21,31,4,557,3,16,14,23
320,Gabriele Moncini,it  ITA,FW,Benevento,24-329,1996,4.0,85,80,5,0,0,33,1,0,0,0,0,0,45,20,20,4,51,16,0,4,52,1,1,4,4
321,Cristóbal Montiel Rodríguez,es  ESP,"DF,FW",Fiorentina,20-344,2000,0.0,3,2,1,0,0,1,0,0,1,0,0,0,2,0,1,3,0,0,0,0,2,0,0,0,0
322,Lorenzo Montipò,it  ITA,GK,Benevento,25-029,1996,27.0,946,616,330,128,0,56,32,0,0,0,0,0,387,45,514,86,703,2,0,126,622,3,27,8,3
323,Luca Mora,it  ITA,MF,Spezia,32-315,1988,1.3,60,58,2,2,0,12,2,1,0,0,0,0,39,13,8,32,22,3,0,0,41,0,1,0,2
324,Álvaro Morata,es  ESP,FW,Juventus,28-149,1992,14.8,416,395,21,0,5,81,9,19,0,0,0,0,289,82,45,50,321,16,1,13,311,4,3,15,18
325,Mert Müldür,tr  TUR,DF,Sassuolo,21-352,1999,14.2,778,668,110,10,1,57,2,27,0,0,0,0,501,172,105,49,595,26,100,2,618,1,10,17,37
326,Luis Muriel,co  COL,FW,Atalanta,29-339,1991,10.7,467,409,58,8,1,101,22,24,31,17,7,6,286,84,97,73,342,27,4,6,326,1,13,11,22
327,Vedat Muriqi,xk  KVX,FW,Lazio,26-331,1994,4.5,132,130,2,0,0,38,0,2,0,0,0,0,84,28,20,82,21,5,1,4,95,0,0,3,4
328,Nicola Murru,it  ITA,DF,Torino,26-095,1994,6.2,340,265,75,6,0,31,5,20,1,0,0,0,166,63,111,230,24,13,68,0,228,4,6,13,15
329,Juan Musso,ar  ARG,GK,Udinese,26-319,1994,25.0,736,493,243,73,0,44,7,0,0,0,0,0,355,37,344,54,517,0,0,119,538,2,14,11,1
330,Joakim Mæhle,dk  DEN,DF,Atalanta,23-305,1997,8.1,468,377,91,6,0,60,2,25,0,0,0,0,267,139,62,34,335,5,85,3,380,0,2,17,15
331,Nahitan Nández,uy  URU,"MF,DF",Cagliari,25-083,1995,21.2,834,762,72,9,1,123,17,55,4,1,2,0,545,101,188,42,680,25,58,7,627,2,16,20,31
332,Ilija Nestorovski,mk  MKD,FW,Udinese,31-009,1990,6.1,158,147,11,0,0,41,3,4,0,0,0,0,97,35,26,102,34,10,3,1,115,0,4,3,4
333,Nicolas Nkoulou,cm  CMR,DF,Torino,30-359,1990,8.9,477,458,19,19,0,28,9,0,0,0,0,0,365,32,80,82,371,15,0,2,426,0,3,1,1
334,Bram Nuytinck,nl  NED,DF,Udinese,30-321,1990,11.6,518,501,17,16,0,34,15,2,0,0,0,0,357,56,105,345,145,17,1,0,441,4,6,11,5
335,Simeon Nwankwo,ng  NGA,FW,Crotone,28-318,1992,22.7,484,429,55,1,0,134,5,5,0,0,0,0,332,84,68,84,324,39,1,13,370,0,5,12,25
336,M'Bala Nzola,fr  FRA,FW,Spezia,24-215,1996,14.8,348,311,37,0,2,100,8,2,0,0,0,0,268,52,28,258,64,11,0,4,297,1,5,10,6
337,Pedro Obiang,gq  EQG,MF,Sassuolo,28-359,1992,10.5,494,481,13,10,1,83,6,2,0,0,0,0,406,40,48,69,403,7,3,0,424,2,8,12,9
338,Brain Oddei,it  ITA,MF,Sassuolo,18-184,2002,0.3,15,15,0,0,0,3,0,4,0,0,0,0,9,1,5,12,3,0,0,0,10,0,0,0,2
339,Stefano Okaka,it  ITA,FW,Udinese,31-224,1989,8.2,158,144,14,0,0,37,2,2,0,0,0,0,120,23,15,4,133,8,1,4,131,0,3,1,2
340,Christian Oliva,uy  URU,MF,Cagliari,24-293,1996,4.3,181,169,12,12,0,17,3,2,0,0,0,0,137,9,35,10,157,9,0,0,153,0,2,3,1
341,Maximiliano Olivera,uy  URU,DF,Fiorentina,29-016,1992,0.0,1,1,0,0,0,0,0,0,0,0,0,0,0,1,0,1,0,0,0,0,1,0,0,0,0
342,Jerome Onguene,cm  CMR,DF,Genoa,23-089,1997,1.0,56,53,3,2,0,4,0,0,0,0,0,0,44,5,7,6,48,0,1,0,46,0,1,2,3
343,Riccardo Orsolini,it  ITA,"FW,MF",Bologna,24-056,1997,14.5,532,480,52,12,1,81,38,26,38,19,12,3,319,88,125,437,56,23,2,1,359,1,9,17,33
344,Victor Osimhen,ng  NGA,FW,Napoli,22-082,1998,8.5,130,124,6,0,0,54,3,10,0,0,0,0,88,11,31,9,97,7,0,3,86,0,4,4,7
345,Yordan Osorio,ve  VEN,DF,Parma,26-315,1994,15.5,912,862,50,31,0,55,29,2,0,0,0,0,718,74,120,81,779,25,11,4,818,3,5,11,6
346,David Ospina,co  COL,GK,Napoli,32-202,1988,14.0,467,393,74,27,0,51,11,0,0,0,0,0,295,17,155,63,341,0,0,43,381,0,1,6,0
347,Thomas Ouwejan,nl  NED,DF,Udinese,24-172,1996,3.9,210,168,42,9,0,19,6,27,11,1,9,1,107,37,66,162,20,5,22,0,130,2,7,3,13
348,Mattia Pagliuca,it  ITA,MF,Bologna,18-330,2002,0.1,2,2,0,0,0,1,0,0,0,0,0,0,1,1,0,0,2,0,0,0,1,0,1,0,0
349,Rodrigo Palacio,ar  ARG,FW,Bologna,39-044,1982,19.8,661,616,45,2,2,135,10,35,0,0,0,0,431,124,106,94,490,36,4,10,491,3,13,12,44
350,Alberto Paleari,it  ITA,GK,Genoa,28-204,1992,1.3,44,31,13,3,0,1,1,0,0,0,0,0,21,0,23,1,37,0,0,5,26,0,1,1,0
351,Antonio Palumbo,it  ITA,MF,Sampdoria,24-227,1996,0.1,1,1,0,0,0,1,0,0,0,0,0,0,1,0,0,0,1,0,0,0,1,0,0,0,0
352,Martin Palumbo,no  NOR,MF,Udinese,19-016,2002,0.6,11,11,0,0,0,1,0,2,0,0,0,0,6,0,5,6,2,3,0,0,5,0,0,0,2
353,Goran Pandev,mk  MKD,"FW,MF",Genoa,37-237,1983,10.7,292,279,13,0,0,55,6,5,1,1,0,0,213,46,33,208,62,10,1,2,228,1,3,10,10
354,Vittorio Parigini,it  ITA,"FW,DF",Genoa,24-361,1996,0.6,26,20,6,0,0,5,0,3,2,1,1,0,9,12,5,8,11,1,4,1,15,0,0,1,3
355,Marco Parolo,it  ITA,"DF,MF",Lazio,36-055,1985,4.7,224,214,10,5,0,29,6,0,0,0,0,0,135,39,50,60,134,16,5,3,184,2,1,3,5
356,Mario Pašalić,hr  CRO,MF,Atalanta,26-040,1995,9.0,535,523,12,9,3,55,22,6,0,0,0,0,414,53,68,146,358,18,3,1,472,0,4,6,7
357,Christian Pastina,it  ITA,DF,Benevento,20-034,2001,0.8,36,34,2,0,0,2,1,1,0,0,0,0,25,2,9,27,5,2,2,0,28,0,1,2,1
358,Patric,es  ESP,DF,Lazio,27-338,1993,15.7,1043,987,56,28,0,54,20,17,0,0,0,0,786,105,152,132,837,38,27,1,910,1,15,12,14
359,Leonardo Pavoletti,it  ITA,FW,Cagliari,32-115,1988,9.9,252,239,13,0,0,90,2,3,0,0,0,0,124,74,54,31,145,13,0,16,183,0,9,11,8
360,Nehuén Paz,ar  ARG,DF,Bologna,27-327,1993,4.0,238,229,9,6,0,32,8,0,0,0,0,0,164,25,49,176,22,15,2,2,204,0,4,3,2
361,Pedro,es  ESP,"FW,MF",Roma,33-236,1987,13.5,524,512,12,6,2,77,18,20,5,3,1,1,395,59,70,161,346,10,0,6,410,3,4,14,18
362,João Pedro,br  BRA,"MF,FW",Cagliari,29-012,1992,27.3,735,716,19,6,4,182,22,22,1,0,0,0,465,136,134,91,555,35,1,20,530,5,12,23,43
363,Gianluca Pegolo,it  ITA,GK,Sassuolo,39-361,1981,1.0,21,11,10,2,0,1,0,0,0,0,0,0,19,0,2,5,14,0,0,2,20,0,0,0,0
364,Graziano Pellè,it  ITA,FW,Parma,35-249,1985,1.7,45,42,3,0,1,19,0,0,0,0,0,0,24,16,5,1,28,2,0,4,34,0,0,2,3
365,Lorenzo Pellegrini,it  ITA,"MF,FW",Roma,24-275,1996,22.4,1214,1042,172,45,5,156,76,29,104,37,47,3,842,127,245,138,1027,32,2,4,936,6,13,23,40
366,Luca Pellegrini,it  ITA,"DF,MF",Genoa,22-014,1999,7.1,331,277,54,6,0,48,5,20,0,0,0,0,178,72,81,221,48,8,48,4,231,2,10,8,13
367,Federico Peluso,it  ITA,DF,Sassuolo,37-060,1984,2.2,159,144,15,10,0,13,1,0,0,0,0,0,137,8,14,143,8,7,0,0,147,2,0,1,0
368,Andreas Pereira,br  BRA,"MF,FW",Lazio,25-079,1996,3.7,183,163,20,8,2,29,7,18,10,6,3,0,112,22,49,26,150,3,1,0,123,2,4,5,13
369,Pedro Pereira,pt  POR,DF,Crotone,23-058,1998,23.7,752,604,148,3,1,115,13,42,1,0,0,0,398,166,188,82,488,21,144,1,566,2,20,26,31
370,Gastón Pereiro,uy  URU,"MF,FW",Cagliari,25-283,1995,2.1,83,76,7,2,0,13,2,4,2,1,1,0,55,10,18,70,8,1,3,0,60,0,1,3,2
371,Bruno Peres,br  BRA,DF,Roma,31-020,1990,10.3,539,459,80,8,0,58,9,37,1,0,1,0,360,107,72,70,386,6,71,2,448,2,7,11,12
372,Roberto Pereyra,ar  ARG,"MF,FW",Udinese,30-073,1991,21.6,813,782,31,5,0,126,22,26,15,8,0,0,590,132,91,100,668,22,8,8,682,4,5,18,29
373,Carles Pérez,es  ESP,"FW,MF",Roma,23-033,1998,4.3,165,162,3,0,0,18,2,5,2,1,1,0,136,19,10,148,13,2,0,0,132,2,1,8,6
374,Mattia Perin,it  ITA,GK,Genoa,28-131,1992,24.0,917,601,316,102,0,49,31,0,0,0,0,0,372,34,511,162,595,0,0,98,585,3,25,3,4
375,Ivan Perišić,hr  CRO,"DF,FW",Inter,32-047,1989,16.4,675,573,102,5,1,73,21,67,5,1,2,0,357,145,173,238,289,42,91,3,483,0,18,24,32
376,Matteo Pessina,it  ITA,MF,Atalanta,23-334,1997,13.3,684,676,8,3,2,125,13,10,0,0,0,0,524,77,83,567,79,20,2,4,574,3,9,23,17
377,Andrea Petagna,it  ITA,FW,Napoli,25-264,1995,10.3,222,206,16,0,0,54,3,6,0,0,0,0,151,40,31,127,64,13,1,3,178,0,3,6,7
378,Jacopo Petriccione,it  ITA,MF,Crotone,26-027,1995,8.3,336,309,27,19,1,34,6,3,7,2,1,0,222,37,77,32,288,13,0,1,273,0,4,6,5
379,Jens Petter Hauge,no  NOR,"FW,MF",Milan,21-160,1999,5.7,189,186,3,0,1,29,2,2,0,0,0,0,151,21,17,21,149,14,2,0,152,0,1,6,13
380,Germán Pezzella,ar  ARG,DF,Fiorentina,29-267,1991,20.5,886,856,30,27,0,63,16,4,0,0,0,0,682,60,144,173,640,42,3,5,777,4,19,4,9
381,Giuseppe Pezzella,it  ITA,DF,Parma,23-112,1997,15.8,763,654,109,10,0,64,15,43,5,3,1,0,480,139,144,573,80,9,94,3,606,6,14,17,32
382,Cristiano Piccini,it  ITA,DF,Atalanta,28-176,1992,0.7,18,12,6,0,0,3,0,0,0,0,0,0,9,5,4,4,8,0,6,0,14,0,0,0,0
383,Roberto Piccoli,it  ITA,FW,Spezia,20-053,2001,5.3,102,87,15,0,0,28,0,2,0,0,0,0,61,21,20,14,57,13,0,6,66,2,2,2,6
384,Andrea Pinamonti,it  ITA,FW,Inter,21-306,1999,0.6,25,25,0,0,0,4,0,0,0,0,0,0,23,2,0,6,19,0,0,0,20,0,0,1,1
385,Fabio Pisacane,it  ITA,DF,Cagliari,35-052,1986,2.5,92,86,6,2,0,6,0,1,0,0,0,0,70,12,10,24,59,2,4,0,76,0,0,4,2
386,Marko Pjaca,hr  CRO,"FW,MF",Genoa,25-319,1995,11.5,347,338,9,1,0,60,4,7,1,0,1,0,273,42,32,38,281,16,2,4,289,1,3,8,11
387,Tommaso Pobega,it  ITA,MF,Spezia,21-249,1999,9.7,297,297,0,0,0,47,8,4,0,0,0,0,206,36,55,217,57,16,0,1,225,0,3,7,12
388,Andrea Poli,it  ITA,MF,Bologna,31-173,1989,3.3,169,165,4,4,0,17,1,2,0,0,0,0,135,17,17,22,142,4,0,0,150,1,4,2,5
389,Matteo Politano,it  ITA,FW,Napoli,27-230,1993,13.7,556,493,63,6,1,90,21,28,39,10,9,3,390,67,99,446,74,12,15,4,409,1,11,21,26
390,Ivan Provedel,it  ITA,GK,Spezia,27-004,1994,22.0,1068,869,199,80,0,76,43,0,0,0,0,0,536,60,472,93,851,0,0,99,788,3,23,19,0
391,Erick Pulgar,cl  CHI,MF,Fiorentina,27-065,1994,12.9,772,701,71,43,0,109,36,13,22,6,13,1,529,99,144,77,646,29,4,2,629,1,6,10,21
392,Ignacio Pussetto,ar  ARG,FW,Udinese,25-090,1995,8.4,193,183,10,0,1,53,2,14,0,0,0,0,126,40,27,7,156,10,4,2,128,0,5,4,9
393,Fabio Quagliarella,it  ITA,FW,Sampdoria,38-049,1983,18.6,388,342,46,1,1,106,14,13,0,0,0,0,221,90,77,54,281,23,2,9,267,3,4,16,21
394,Simone Rabbi,it  ITA,FW,Bologna,19-142,2001,0.4,10,8,2,0,0,1,0,0,0,0,0,0,7,1,2,0,9,0,1,0,7,0,0,0,1
395,Adrien Rabiot,fr  FRA,MF,Juventus,25-352,1995,16.7,988,967,21,17,3,127,15,11,0,0,0,0,817,94,77,741,187,40,4,2,886,4,8,12,18
396,Ivan Radovanović,rs  SRB,"DF,MF",Genoa,32-204,1988,19.0,861,834,27,25,0,81,28,2,2,2,0,0,644,59,158,131,671,38,0,0,729,2,10,5,8
397,Ștefan Radu,ro  ROU,DF,Lazio,34-150,1986,16.2,965,930,35,17,0,78,15,24,0,0,0,0,669,110,186,798,82,48,17,2,803,5,19,20,18
398,Rafael,br  BRA,GK,Spezia,39-018,1982,1.3,57,41,16,5,0,6,1,0,0,0,0,0,24,6,27,41,6,0,0,7,39,0,2,0,0
399,Gastón Ramírez,uy  URU,"MF,FW",Sampdoria,30-109,1990,10.1,475,410,65,23,2,75,20,18,35,16,13,2,273,72,130,395,37,15,1,5,342,2,5,10,17
400,Aaron Ramsey,wal  WAL,MF,Juventus,30-085,1990,10.9,668,648,20,7,4,92,14,18,6,1,3,0,516,84,68,129,508,18,4,4,570,5,4,18,14
401,Andrea Ranocchia,it  ITA,DF,Inter,33-033,1988,3.8,303,295,8,6,0,24,2,0,0,0,0,0,267,19,17,25,255,8,2,1,289,0,3,2,0
402,Giacomo Raspadori,it  ITA,"FW,MF",Sassuolo,21-031,2000,6.6,171,143,28,5,1,37,12,4,13,3,5,3,123,22,26,51,115,3,0,2,136,1,5,3,6
403,Federico Ravaglia,it  ITA,GK,Bologna,21-130,1999,1.0,31,23,8,2,0,1,0,0,0,0,0,0,29,1,1,6,24,0,0,1,29,0,1,0,0
404,Ante Rebić,hr  CRO,FW,Milan,27-181,1993,13.3,326,313,13,0,4,59,13,36,2,1,0,0,201,59,66,100,193,14,3,4,203,3,16,13,25
405,Arkadiusz Reca,pl  POL,DF,Crotone,25-277,1995,20.8,866,717,149,3,0,128,21,74,1,0,0,0,491,187,188,418,243,42,145,4,597,5,17,37,46
406,Vasco Regini,it  ITA,DF,Sampdoria,30-193,1990,0.9,31,23,8,2,0,4,0,1,0,0,0,0,17,6,8,22,1,1,6,0,27,0,1,0,0
407,Pepe Reina,es  ESP,GK,Lazio,38-202,1982,20.0,784,650,134,42,0,84,15,0,0,0,0,0,443,39,302,74,598,0,0,80,620,3,8,5,0
408,Bryan Reynolds,us  USA,DF,Roma,19-266,2001,0.3,11,10,1,0,0,0,0,0,0,0,0,0,8,3,0,1,8,1,1,0,9,0,0,1,0
409,Franck Ribéry,fr  FRA,FW,Fiorentina,37-348,1983,16.2,639,619,20,6,4,124,26,20,0,0,0,0,515,77,47,77,535,9,9,4,553,2,2,12,16
410,Federico Ricci,it  ITA,FW,Sassuolo,26-298,1994,0.0,4,4,0,0,0,0,0,0,0,0,0,0,4,0,0,3,1,0,0,0,4,0,0,0,0
411,Giacomo Ricci,it  ITA,DF,Parma,24-200,1996,0.7,26,22,4,0,0,1,1,1,0,0,0,0,14,4,8,20,1,0,4,0,19,0,2,0,1
412,Matteo Ricci,it  ITA,MF,Spezia,26-298,1994,18.2,1199,1120,79,73,2,127,48,8,5,1,2,1,822,147,230,119,1032,33,1,3,1028,5,14,30,13
413,Tomás Rincón,ve  VEN,MF,Torino,33-067,1988,22.7,1062,1013,49,45,2,161,48,5,1,1,0,0,772,97,193,119,874,39,0,4,912,4,10,15,15
414,Andrea Rispoli,it  ITA,DF,Crotone,32-173,1988,6.2,273,222,51,1,0,39,11,21,4,2,0,0,133,60,80,31,183,8,46,0,191,0,2,7,19
415,Emmanuel Rivière,fr  FRA,"FW,MF",Crotone,31-018,1990,6.7,144,140,4,0,0,53,1,1,0,0,0,0,93,31,20,22,103,8,0,1,112,0,0,5,6
416,Ricardo Rodríguez,ch  SUI,DF,Torino,28-208,1992,12.4,677,606,71,15,1,83,26,7,0,0,0,0,470,78,129,445,149,16,56,3,575,4,5,11,16
417,Marko Rog,hr  CRO,MF,Cagliari,25-245,1995,12.9,617,593,24,22,1,75,7,6,1,1,0,0,479,62,76,69,518,22,0,3,540,0,7,13,8
418,Rogério,br  BRA,DF,Sassuolo,23-067,1998,15.6,914,790,124,19,0,83,14,37,3,3,0,0,631,169,114,722,60,19,102,5,770,0,6,15,21
419,Luis Rojas,cl  CHI,"FW,MF",Crotone,19-015,2002,0.2,12,11,1,0,0,3,0,0,0,0,0,0,9,2,1,1,10,0,0,0,11,0,0,0,1
420,Alessio Romagnoli,it  ITA,DF,Milan,26-068,1995,20.0,948,915,33,32,0,51,10,1,0,0,0,0,773,77,98,787,99,35,1,3,855,3,7,12,6
421,Cristian Romero,ar  ARG,DF,Atalanta,22-328,1998,18.8,838,795,43,39,2,130,18,0,0,0,0,0,643,118,77,90,657,42,4,2,754,1,5,11,13
422,Cristiano Ronaldo,pt  POR,FW,Juventus,36-044,1985,21.4,776,742,34,11,3,122,17,40,3,0,0,0,597,92,87,116,616,15,11,10,610,5,9,25,30
423,Marten de Roon,nl  NED,MF,Atalanta,29-357,1991,22.6,1496,1447,49,37,2,150,47,11,1,1,0,0,1119,163,214,181,1195,68,11,2,1291,8,17,15,18
424,Nicolò Rovella,it  ITA,MF,Genoa,19-107,2001,9.2,511,490,21,15,0,55,20,6,4,2,2,0,394,36,81,30,461,16,1,0,435,2,6,9,6
425,Amir Rrahmani,xk  KVX,DF,Napoli,27-025,1994,5.9,287,265,22,14,0,20,10,0,0,0,0,0,237,23,27,25,242,15,2,0,260,0,3,4,2
426,Kevin Rüegg,ch  SUI,"MF,DF",Hellas Verona,22-228,1998,1.3,37,30,7,0,0,8,1,1,0,0,0,0,20,6,11,0,26,2,7,0,23,0,3,0,3
427,Daniele Rugani,it  ITA,DF,Cagliari,26-235,1994,7.3,216,202,14,11,0,26,1,1,0,0,0,0,148,17,51,49,142,11,3,2,163,0,8,3,3
428,Matteo Ruggeri,it  ITA,DF,Atalanta,18-253,2002,2.3,118,107,11,1,0,5,1,8,0,0,0,0,82,19,17,97,8,1,10,0,96,0,1,3,1
429,Mário Rui,pt  POR,DF,Napoli,29-298,1991,13.8,1065,912,153,43,0,83,29,49,20,10,3,1,673,164,228,871,73,24,90,2,863,5,11,30,31
430,Fabián Ruiz Peña,es  ESP,MF,Napoli,24-352,1996,17.6,1270,1228,42,35,3,183,59,12,5,3,0,0,959,161,150,1125,109,22,2,6,1134,4,9,25,21
431,Alexis Saelemaekers,be  BEL,FW,Milan,21-267,1999,15.1,577,567,10,2,1,72,10,33,4,2,1,1,449,76,52,120,423,17,4,9,440,1,6,15,21
432,Jacopo Sala,it  ITA,DF,Spezia,29-106,1991,4.2,275,228,47,6,0,16,4,9,1,0,0,0,179,53,43,18,204,11,40,1,235,0,2,3,3
433,Eddy Salcedo,it  ITA,FW,Hellas Verona,19-171,2001,4.8,159,154,5,0,2,45,0,4,0,0,0,0,93,40,26,10,114,10,4,8,109,0,6,1,12
434,Antonio Sanabria,py  PAR,FW,Torino,25-017,1996,2.3,68,64,4,0,0,16,2,0,0,0,0,0,54,5,9,19,40,2,0,2,58,0,1,5,1
435,Alexis Sánchez,cl  CHI,FW,Inter,32-092,1988,9.4,387,363,24,7,3,65,13,12,13,2,6,1,255,61,71,25,342,6,0,6,306,3,2,13,13
436,Alex Sandro,br  BRA,DF,Juventus,30-054,1991,10.2,734,679,55,12,0,64,16,25,0,0,0,0,527,92,115,580,78,12,43,5,624,3,9,20,17
437,Nicola Sansone,it  ITA,"FW,MF",Bologna,29-192,1991,9.2,359,316,43,12,1,43,13,15,19,8,7,1,268,40,51,41,300,7,7,2,274,2,5,8,16
438,Federico Santander,py  PAR,FW,Bologna,29-290,1991,0.4,17,16,1,0,0,6,0,1,0,0,0,0,10,3,4,2,8,4,0,1,12,1,0,0,0
439,Davide Santon,it  ITA,DF,Roma,30-078,1991,2.8,104,85,19,1,0,6,0,8,0,0,0,0,62,23,19,19,60,6,18,1,83,0,0,0,2
440,Samir Santos,br  BRA,DF,Udinese,26-106,1994,20.7,1062,962,100,30,1,83,11,15,0,0,0,0,792,96,174,792,138,36,70,3,921,5,10,10,15
441,Marco Sau,it  ITA,"MF,FW",Benevento,33-138,1987,7.4,234,195,39,14,0,47,9,15,18,7,9,1,147,29,58,24,194,8,0,1,165,1,0,8,10
442,Gianluca Scamacca,it  ITA,FW,Genoa,22-079,1999,10.5,247,235,12,0,1,65,13,10,0,0,0,0,136,59,52,15,180,19,0,9,161,0,3,7,14
443,Nicolás Schiappacasse,uy  URU,MF,Sassuolo,22-068,1999,0.2,1,1,0,0,0,0,0,0,0,0,0,0,1,0,0,0,1,0,0,0,1,0,0,0,0
444,Pasquale Schiattarella,it  ITA,MF,Benevento,33-295,1987,20.4,1098,1018,80,72,4,165,28,4,0,0,0,0,791,106,201,143,895,45,4,4,890,7,11,20,19
445,Jerdy Schouten,nl  NED,MF,Bologna,24-068,1997,20.6,981,962,19,13,1,115,27,7,2,0,1,1,738,115,128,62,849,45,0,4,852,3,11,17,13
446,Matteo Scozzarella,it  ITA,MF,Parma,32-289,1988,1.7,109,93,16,6,0,11,9,4,10,4,4,1,79,4,26,5,102,2,0,0,85,1,3,2,0
447,Jacopo Segre,it  ITA,MF,Torino,24-032,1997,2.1,107,105,2,1,0,12,4,0,0,0,0,0,91,8,8,8,95,1,1,0,94,0,0,1,1
448,Léo Sena,br  BRA,MF,Spezia,25-080,1995,5.3,316,298,18,17,0,35,30,5,1,0,0,0,229,58,29,33,276,4,0,2,280,0,4,7,5
449,Stefano Sensi,it  ITA,MF,Inter,25-228,1995,3.3,205,181,24,5,0,22,8,5,12,3,2,0,150,26,29,26,168,5,5,1,169,1,2,2,1
450,Luigi Sepe,it  ITA,GK,Parma,29-317,1991,28.0,1129,828,301,91,0,57,28,0,0,0,0,0,566,61,502,744,199,1,0,139,881,5,17,5,2
451,Stephan El Shaarawy,it  ITA,"FW,MF",Roma,28-145,1992,2.3,89,84,5,1,0,13,2,6,1,0,0,0,59,20,10,8,73,4,3,0,59,0,2,7,6
452,Eldor Shomurodov,uz  UZB,FW,Genoa,25-265,1995,13.6,345,339,6,0,1,90,6,8,0,0,0,0,211,81,53,65,218,28,0,6,244,1,10,11,21
453,Adrien Silva,pt  POR,MF,Sampdoria,32-006,1989,13.0,691,654,37,32,0,83,34,7,3,0,1,0,489,79,123,133,517,28,2,5,598,1,3,13,7
454,Marco Silvestri,it  ITA,GK,Hellas Verona,30-019,1991,27.0,778,511,267,56,0,38,4,0,0,0,0,0,174,18,586,47,606,0,0,60,350,1,21,5,3
455,Giovanni Simeone,ar  ARG,FW,Cagliari,25-259,1995,17.2,304,265,39,0,0,67,2,6,0,0,0,0,217,53,34,25,236,19,0,9,222,1,5,9,12
456,Wilfried Singo,ci  CIV,DF,Torino,20-086,2000,15.7,750,592,158,14,1,100,17,47,0,0,0,0,421,179,150,49,507,32,144,1,579,0,10,13,26
457,Salvatore Sirigu,it  ITA,GK,Torino,34-068,1987,24.0,760,488,272,79,0,43,9,0,0,0,0,0,367,27,366,71,572,0,1,81,550,1,10,4,4
458,Łukasz Skorupski,pl  POL,GK,Bologna,29-320,1991,21.0,680,479,201,44,0,32,24,0,0,0,0,0,413,36,231,85,458,0,0,115,518,4,13,4,4
459,Andreas Skov Olsen,dk  DEN,FW,Bologna,21-082,1999,7.6,285,268,17,0,0,36,8,24,17,13,1,1,192,41,52,182,84,10,0,2,210,1,2,8,7
460,Milan Škriniar,sk  SVK,DF,Inter,26-038,1995,21.9,1549,1491,58,43,0,102,23,2,0,0,0,0,1305,126,118,187,1274,49,15,9,1424,1,10,30,10
461,Chris Smalling,eng  ENG,DF,Roma,31-119,1989,10.7,568,548,20,17,0,38,12,0,0,0,0,0,450,50,68,35,480,34,1,1,523,0,5,3,2
462,Simon Sohm,ch  SUI,MF,Parma,19-344,2001,7.1,339,330,9,5,1,45,11,0,4,1,1,1,247,39,53,66,248,19,0,0,290,0,4,11,5
463,Roberto Soriano,it  ITA,MF,Bologna,30-041,1991,27.6,1104,1086,18,5,6,161,17,21,2,1,0,1,789,187,128,229,783,55,6,10,896,8,8,28,42
464,Riccardo Sottil,it  ITA,"MF,FW",Cagliari,21-291,1999,13.0,384,369,15,3,1,61,12,29,11,3,5,1,288,44,52,68,306,3,1,3,287,1,8,10,19
465,Adama Soumaoro,fr  FRA,DF,Bologna,28-276,1992,9.5,358,332,26,26,0,29,5,0,0,0,0,0,280,36,42,32,288,22,0,2,319,1,4,2,6
466,Leonardo Spinazzola,it  ITA,DF,Roma,27-361,1993,21.1,1159,1025,134,9,5,133,35,80,0,0,0,0,742,204,213,289,714,26,125,1,917,2,12,26,48
467,Marco Sportiello,it  ITA,GK,Atalanta,28-315,1992,12.3,334,264,70,23,0,26,5,0,0,0,0,0,217,22,95,10,261,0,0,61,284,0,5,3,0
468,Mattia Sprocati,it  ITA,FW,Parma,27-327,1993,0.2,5,5,0,0,0,3,0,0,0,0,0,0,5,0,0,1,4,0,0,0,5,0,0,0,0
469,Thomas Strakosha,al  ALB,GK,Lazio,26-002,1995,6.0,252,211,41,9,0,29,1,0,0,0,0,0,151,13,88,13,197,0,0,35,202,0,1,2,0
470,Kevin Strootman,nl  NED,MF,Genoa,31-036,1990,8.5,508,477,31,11,2,61,3,7,14,5,5,0,359,52,97,424,54,20,5,1,402,6,3,8,14
471,Jens Stryger Larsen,dk  DEN,DF,Udinese,30-028,1991,19.3,890,744,146,14,0,92,12,33,0,0,0,0,532,188,170,85,636,29,132,2,696,3,17,29,25
472,Bosko Sutalo,hr  CRO,DF,Atalanta,21-079,2000,2.6,155,147,8,2,0,19,1,2,0,0,0,0,126,17,12,22,116,5,6,0,130,0,1,3,5
473,Mattias Svanberg,se  SWE,MF,Bologna,22-075,1999,14.7,440,429,11,6,3,75,6,2,0,0,0,0,317,67,56,53,354,23,0,3,360,1,4,13,15
474,Wojciech Szczęsny,pl  POL,GK,Juventus,30-337,1990,21.0,736,578,158,21,0,52,16,0,0,0,0,0,570,35,131,89,543,1,0,95,658,1,8,2,4
475,Adrien Tameze,cm  CMR,MF,Hellas Verona,27-045,1994,21.1,828,797,31,26,1,135,9,16,0,0,0,0,568,115,145,75,668,53,3,5,649,6,15,13,21
476,Ciprian Tătărușanu,ro  ROU,GK,Milan,35-040,1986,1.0,27,23,4,0,0,1,1,0,0,0,0,0,23,0,4,2,17,0,0,7,24,0,0,0,0
477,Andrés Tello,co  COL,"MF,DF",Benevento,24-196,1996,3.9,158,144,14,3,0,26,4,3,2,1,1,0,90,25,43,16,115,7,9,2,109,0,2,5,7
478,Hidde ter Avest,nl  NED,DF,Udinese,23-305,1997,3.9,210,182,28,0,1,14,2,13,0,0,0,0,131,39,40,21,154,7,28,0,155,3,2,2,8
479,Claudio Terzi,it  ITA,DF,Spezia,36-275,1984,15.9,1067,1007,60,57,2,113,61,3,0,0,0,0,667,137,263,255,746,39,3,2,896,10,21,15,10
480,Morten Thorsby,no  NOR,MF,Sampdoria,24-320,1996,20.9,683,665,18,5,0,185,6,6,0,0,0,0,423,132,128,101,434,52,13,2,514,1,12,24,19
481,Jeremy Toljan,de  GER,DF,Sassuolo,26-225,1994,10.9,579,495,84,11,0,46,8,22,0,0,0,0,425,100,54,54,430,22,73,0,509,1,11,10,13
482,Rafael Tolói,br  BRA,DF,Atalanta,30-162,1990,20.7,1205,1161,44,23,1,151,34,15,1,0,0,0,842,156,207,119,1001,33,20,1,999,3,18,26,28
483,Takehiro Tomiyasu,jp  JPN,DF,Bologna,22-136,1998,25.0,1270,1134,136,31,2,123,25,17,0,0,0,0,842,192,236,370,685,56,101,5,1054,3,17,19,22
484,Fikayo Tomori,eng  ENG,DF,Milan,23-092,1997,5.3,302,283,19,7,0,14,9,0,0,0,0,0,234,21,47,58,220,20,1,1,265,3,4,5,0
485,Sandro Tonali,it  ITA,MF,Milan,20-317,2000,12.9,660,625,35,21,0,61,24,10,12,6,4,1,501,63,96,50,580,20,2,3,535,2,14,19,14
486,Lorenzo Tonelli,it  ITA,DF,Sampdoria,31-063,1990,14.4,626,580,46,41,0,69,30,0,0,0,0,0,387,76,163,107,451,39,5,0,504,0,10,6,9
487,Ernesto Torregrossa,it  ITA,FW,Sampdoria,28-266,1992,1.8,41,38,3,2,0,11,0,0,0,0,0,0,30,10,1,34,2,1,0,1,30,0,0,1,3
488,Mattéo Tramoni,fr  FRA,"FW,MF",Cagliari,21-060,2000,0.8,13,13,0,0,0,4,0,0,0,0,0,0,10,2,1,0,13,0,0,0,10,0,0,0,1
489,Alessandro Tripaldelli,it  ITA,DF,Cagliari,22-040,1999,3.3,115,83,32,1,0,16,1,9,0,0,0,0,64,18,33,70,9,3,31,0,75,0,3,4,4
490,Alessandro Tuia,it  ITA,DF,Benevento,30-286,1990,14.9,644,594,50,21,1,63,22,6,1,0,0,0,452,44,148,82,504,22,25,3,525,3,14,8,7
491,Ľubomír Tupta,sk  SVK,MF,Hellas Verona,22-359,1998,0.6,10,9,1,1,0,0,1,0,0,0,0,0,6,4,0,2,8,0,0,0,8,0,0,1,0
492,Iyenoma Udogie,it  ITA,"DF,MF",Hellas Verona,18-113,2002,0.6,36,31,5,0,0,2,0,0,0,0,0,0,29,5,2,27,3,0,5,0,29,0,0,1,2
493,Lautaro Valenti,ar  ARG,DF,Parma,22-066,1999,2.3,140,134,6,6,0,6,1,0,0,0,0,0,115,9,16,113,23,4,0,0,119,0,1,0,0
494,Borja Valero,es  ESP,"MF,FW",Fiorentina,36-068,1985,4.7,243,233,10,3,0,21,5,0,2,0,0,0,194,22,27,30,203,6,0,2,217,1,0,2,5
495,Denis Vavro,sk  SVK,DF,Lazio,24-345,1996,0.4,17,17,0,0,0,2,0,0,0,0,0,0,14,1,2,3,13,1,0,0,17,0,0,0,0
496,Matías Vecino,uy  URU,FW,Inter,29-209,1991,0.0,2,2,0,0,0,0,0,0,0,0,0,0,0,2,0,0,1,0,0,1,1,0,0,0,0
497,Miguel Veloso,pt  POR,MF,Hellas Verona,34-314,1986,11.9,690,644,46,27,1,95,15,14,17,3,10,1,439,97,154,462,161,46,2,2,537,5,11,13,16
498,Lorenzo Venuti,it  ITA,DF,Fiorentina,25-343,1995,11.9,529,438,91,10,0,74,9,35,0,0,0,0,283,112,134,73,350,18,81,1,384,2,11,13,20
499,Daniele Verde,it  ITA,FW,Spezia,24-274,1996,6.9,264,239,25,3,2,32,12,20,15,6,2,0,173,48,43,217,29,8,7,3,201,0,5,7,7
500,Simone Verdi,it  ITA,"FW,MF",Torino,28-252,1992,11.4,440,341,99,32,2,58,41,41,54,8,35,2,229,74,137,222,199,12,5,1,289,4,12,8,19
501,Jordan Veretout,fr  FRA,MF,Roma,28-020,1993,20.5,1194,1113,81,35,1,120,52,22,41,21,12,3,907,134,153,188,974,19,3,0,1013,4,9,18,22
502,Edoardo Vergani,it  ITA,FW,Bologna,20-043,2001,0.1,2,2,0,0,0,0,0,0,0,0,0,0,2,0,0,0,2,0,0,0,2,0,0,0,0
503,Valerio Verre,it  ITA,MF,Sampdoria,27-069,1994,8.1,387,371,16,8,0,69,16,9,4,1,2,0,242,61,84,99,262,12,2,5,273,2,9,12,23
504,Arturo Vidal,cl  CHI,MF,Inter,33-303,1987,12.6,746,737,9,6,0,117,23,12,0,0,0,0,563,91,92,123,583,25,3,2,638,3,3,18,13
505,Ronaldo Vieira,gw  GNB,MF,Hellas Verona,22-245,1998,2.5,122,118,4,2,1,21,2,0,0,0,0,0,82,15,25,18,88,7,2,1,97,0,5,1,2
506,Luca Vignali,it  ITA,DF,Spezia,25-069,1996,12.0,803,678,125,19,0,83,13,16,0,0,0,0,467,200,136,117,531,31,106,2,645,1,15,21,29
507,Emanuel Vignato,it  ITA,"FW,MF",Bologna,20-209,2000,8.9,448,401,47,6,1,58,13,29,22,7,11,0,281,84,83,63,353,11,19,1,322,0,8,21,25
508,Gonzalo Villar,es  ESP,MF,Roma,22-363,1998,15.0,990,952,38,38,1,108,13,7,0,0,0,0,837,80,73,142,803,29,0,3,881,2,9,15,7
509,Nicolas Viola,it  ITA,MF,Benevento,31-160,1989,6.5,237,201,36,21,3,33,12,7,11,4,7,0,125,38,74,185,28,16,3,2,150,2,3,4,4
510,Dušan Vlahović,rs  SRB,FW,Fiorentina,21-052,2000,21.5,399,375,24,1,1,120,7,14,0,0,0,0,249,80,70,254,65,20,0,16,272,1,13,5,19
511,Mërgim Vojvoda,xk  KVX,DF,Torino,26-048,1995,8.3,445,370,75,9,0,40,9,26,0,0,0,0,284,72,89,29,334,12,66,1,350,0,4,11,18
512,Stefan de Vrij,nl  NED,DF,Inter,29-044,1992,23.4,1435,1402,33,31,1,93,25,1,0,0,0,0,1219,103,113,192,1149,55,2,3,1351,1,7,10,4
513,Giacomo Vrioni,al  ALB,MF,Juventus,22-157,1998,0.0,2,2,0,0,0,0,0,0,0,0,0,0,2,0,0,1,1,0,0,0,2,0,0,0,0
514,Miloš Vulić,rs  SRB,MF,Crotone,24-214,1996,13.4,506,469,37,25,0,116,9,16,9,5,1,1,360,56,90,43,429,15,3,2,397,1,1,8,11
515,Walace,br  BRA,MF,Udinese,25-351,1995,12.6,602,578,24,18,0,97,17,4,0,0,0,0,477,72,53,58,516,15,6,2,528,5,10,17,8
516,Sebastian Walukiewicz,pl  POL,DF,Cagliari,20-350,2000,18.0,835,799,36,26,0,64,23,1,0,0,0,0,632,61,142,54,723,33,9,2,715,2,9,14,10
517,Maya Yoshida,jp  JPN,DF,Sampdoria,32-209,1988,18.5,850,808,42,26,1,64,45,0,0,0,0,0,575,97,178,138,618,54,16,4,723,3,11,11,4
518,Ashley Young,eng  ENG,DF,Inter,35-255,1985,10.9,477,387,90,7,0,47,9,28,11,6,1,0,282,114,81,80,305,17,72,2,384,1,6,11,20
519,Mattia Zaccagni,it  ITA,"MF,FW",Hellas Verona,25-278,1995,21.4,712,697,15,5,3,174,24,57,0,0,0,0,429,146,137,94,519,54,10,7,492,3,11,17,38
520,Miha Zajc,si  SVN,MF,Genoa,26-263,1994,15.6,779,715,64,26,2,96,18,16,34,12,15,1,580,67,132,64,677,28,2,3,621,9,12,13,14
521,Niccolò Zanellato,it  ITA,MF,Crotone,22-270,1998,13.7,592,570,22,15,1,88,12,4,5,1,0,0,438,61,93,83,466,27,1,2,484,2,10,13,13
522,Cristián Zapata,co  COL,DF,Genoa,34-172,1986,7.8,395,372,23,22,0,40,9,0,0,0,0,0,324,23,48,95,278,11,1,0,355,0,3,0,4
523,Duván Zapata,co  COL,FW,Atalanta,29-354,1991,17.4,541,503,38,1,2,149,9,31,0,0,0,0,428,65,48,116,386,16,3,4,419,1,7,15,30
524,Gabriele Zappa,it  ITA,DF,Cagliari,21-089,1999,21.4,1032,832,200,19,0,87,14,53,3,0,3,0,609,190,233,28,785,38,178,1,796,1,10,26,31
525,Davide Zappacosta,it  ITA,DF,Genoa,28-283,1992,15.0,731,580,151,7,1,81,10,47,3,1,1,0,446,161,124,81,486,20,141,1,573,1,8,14,38
526,Simone Zaza,it  ITA,FW,Torino,29-269,1991,11.7,229,219,10,0,1,63,3,3,0,0,0,0,138,49,42,164,25,10,5,10,162,0,3,7,11
527,Marvin Zeegelaar,nl  NED,DF,Udinese,30-221,1990,16.6,637,554,83,9,0,97,11,34,0,0,0,0,370,138,129,361,144,32,74,2,476,3,9,27,26
528,Piotr Zieliński,pl  POL,MF,Napoli,26-305,1994,18.6,898,854,44,16,2,124,38,29,22,5,12,0,667,117,114,230,643,16,2,3,741,5,10,19,19
529,Joshua Zirkzee,nl  NED,"FW,MF",Parma,19-303,2001,1.3,34,32,2,0,0,5,0,0,0,0,0,0,28,3,3,7,23,3,0,1,22,0,0,2,1
530,Jeroen Zoet,nl  NED,GK,Spezia,30-074,1991,4.7,171,146,25,7,0,14,4,0,0,0,0,0,109,12,50,32,110,0,0,27,139,0,4,2,0
531,Filip Đuričić,rs  SRB,"MF,FW",Sassuolo,29-050,1992,17.3,664,652,12,3,3,132,5,12,2,0,1,0,543,74,47,92,537,10,5,9,512,3,5,21,43
