,Player,Nation,Pos,Squad,Age,Born,90s,Att,Live_Pass Types,Dead_Pass Types,FK_Pass Types,TB_Pass Types,Press_Pass Types,Sw_Pass Types,Crs_Pass Types,CK_Pass Types,In_Corner Kicks,Out_Corner Kicks,Str_Corner Kicks,Ground_Height,Low_Height,High_Height,Left_Body Parts,Right_Body Parts,Head_Body Parts,TI_Body Parts,Other_Body Parts,Cmp,Off_Outcomes,Out_Outcomes,Int_Outcomes,Blocks_Outcomes
0,Aymen Abdennour,tn  TUN,DF,Marseille,27,1989,5.6,336,335,1,1,0,38,9,0,0,0,0,0,285,24,27,294,20,17,0,2,304,1,6,2,4
1,Mehdi Abeid,dz  ALG,MF,Dijon,24,1992,13.1,611,598,13,8,0,78,20,7,1,0,0,0,494,45,72,47,520,36,4,1,519,1,16,15,10
2,Khaled Adénon,bj  BEN,DF,Amiens,32,1985,32.5,1168,1124,44,43,1,141,28,1,0,0,0,0,817,94,257,220,792,137,1,3,958,3,35,14,16
3,Ruben Aguilar,fr  FRA,"DF,MF",Montpellier,24,1993,27.3,1478,1191,287,8,0,212,29,83,0,0,0,0,855,201,422,77,1046,72,279,1,1114,11,35,50,55
4,Jean-Eudes Aholou,ci  CIV,MF,Strasbourg,23,1994,33.4,1346,1335,11,10,1,214,34,1,0,0,0,0,1074,90,182,965,267,93,1,2,1147,3,24,23,25
5,Youssef Aït Bennasser,ma  MAR,MF,Caen,21,1996,22.8,1145,1130,15,10,3,202,59,9,2,0,0,0,871,67,207,166,897,71,1,4,938,3,28,24,25
6,David Alcibiade,fr  FRA,DF,Nantes,25,1991,2.3,94,75,19,2,0,10,3,5,0,0,0,0,41,14,39,7,59,9,17,1,69,0,2,1,0
7,Júnior Alonso,py  PAR,DF,Lille,24,1993,30.9,1875,1816,59,33,3,253,54,6,1,0,0,0,1283,128,464,1305,362,139,25,4,1495,4,43,32,24
8,Dani Alves,br  BRA,DF,Paris S-G,34,1983,22.9,1987,1848,139,15,6,376,73,73,5,0,0,0,1405,218,364,184,1622,48,118,7,1686,8,29,54,40
9,Ibrahim Amadou,fr  FRA,"MF,DF",Lille,24,1993,26.7,1539,1528,11,11,4,223,60,4,0,0,0,0,1255,70,214,140,1321,61,0,2,1339,4,34,25,18
10,Morgan Amalfitano,fr  FRA,MF,Rennes,32,1985,8.3,260,248,12,6,3,70,7,15,0,0,0,0,194,16,50,22,222,11,5,0,207,0,6,5,4
11,Romain Amalfitano,fr  FRA,MF,Dijon,27,1989,30.0,1400,1377,23,12,2,232,83,18,2,0,0,0,984,82,334,102,1224,60,7,1,1129,5,34,31,30
12,Jordan Amavi,fr  FRA,DF,Marseille,23,1994,24.4,1324,1155,169,7,2,177,25,46,0,0,0,0,863,121,340,709,356,77,162,3,1050,5,26,17,46
13,Kelvin Amian,fr  FRA,DF,Toulouse,19,1998,35.0,1252,998,254,24,0,244,25,31,2,0,0,0,724,166,362,171,758,82,228,1,962,4,35,37,37
14,Benjamin André,fr  FRA,MF,Rennes,26,1990,33.5,1866,1836,30,17,2,358,54,21,0,0,0,0,1265,194,407,229,1364,180,11,8,1453,11,58,44,44
15,Yoann Andreu,fr  FRA,DF,Angers,28,1989,23.0,1176,965,211,8,0,191,23,55,2,0,0,0,690,135,351,342,550,72,201,5,910,3,29,28,33
16,Houssem Aouar,fr  FRA,"MF,FW",Lyon,19,1998,27.0,1538,1513,25,16,5,220,28,17,7,0,0,0,1308,89,141,96,1381,47,2,1,1312,3,25,35,31
17,Luiz Araújo,br  BRA,"FW,MF",Lille,21,1996,22.4,757,724,33,7,2,149,46,55,19,0,0,0,571,51,135,601,133,13,7,2,533,4,13,24,40
18,Alphonse Areola,fr  FRA,GK,Paris S-G,24,1993,34.0,584,489,95,15,0,54,8,0,0,0,0,0,458,24,102,60,428,3,0,91,524,0,8,4,0
19,Yoël Armougom,fr  FRA,"MF,DF",Caen,19,1998,1.5,81,57,24,0,0,13,3,4,1,0,0,0,33,18,30,39,11,6,23,1,48,0,4,3,9
20,Benoît Assou-Ekotto,cm  CMR,DF,Metz,33,1984,11.7,606,504,102,17,0,85,25,11,0,0,0,0,281,83,242,472,21,22,85,6,436,4,16,21,13
21,Danilo Avelar,br  BRA,"DF,FW",Amiens,28,1989,19.2,840,696,144,15,0,123,17,58,0,0,0,0,394,68,378,545,50,90,129,3,535,4,20,11,22
22,Durel Avounou,cg  CGO,"MF,DF",Caen,19,1997,7.2,268,238,30,0,0,36,7,12,0,0,0,0,151,35,82,153,56,28,30,0,179,0,9,8,8
23,Chidozie Awaziem,ng  NGA,DF,Nantes,20,1997,16.8,635,570,65,23,0,66,12,2,0,0,0,0,359,43,233,72,443,65,42,4,461,4,13,11,9
24,Karim Azamoum,fr  FRA,MF,Troyes,27,1990,25.3,953,905,48,19,2,200,20,34,25,0,0,0,634,89,230,99,709,100,3,7,664,4,40,24,36
25,Ludovic Baal,gf  GUF,DF,Rennes,31,1986,12.9,820,687,133,14,1,118,8,22,0,0,0,0,516,106,198,600,46,49,119,0,625,3,14,35,18
26,Dylan Bahamboula,cg  CGO,"FW,MF",Dijon,22,1995,0.3,14,14,0,0,0,2,0,0,0,0,0,0,9,1,4,2,9,2,0,0,10,0,1,1,0
27,Farès Bahlouli,fr  FRA,"MF,FW",Lille,22,1995,3.4,156,130,26,8,0,34,10,19,18,0,0,0,98,11,47,30,121,4,0,1,103,1,2,3,4
28,Stéphane Bahoken,cm  CMR,FW,Strasbourg,25,1992,18.5,328,313,15,0,0,64,5,22,1,0,0,0,219,40,69,42,241,24,4,5,222,0,10,9,26
29,Keita Baldé,sn  SEN,"FW,MF",Monaco,22,1995,16.3,392,384,8,0,4,152,8,30,0,0,0,0,287,41,64,75,283,17,5,7,269,2,13,12,29
30,Iván Balliu,al  ALB,DF,Metz,25,1992,21.7,1175,973,202,6,1,189,21,37,0,0,0,0,693,131,351,79,834,63,196,1,878,1,42,20,45
31,Fodé Ballo-Touré,sn  SEN,DF,Lille,20,1997,22.8,1150,994,156,4,0,227,5,35,0,0,0,0,854,108,188,800,149,40,152,0,946,0,22,31,41
32,Florent Balmont,fr  FRA,MF,Dijon,37,1980,9.6,506,484,22,12,0,69,10,8,3,0,0,0,383,27,96,24,463,13,6,0,416,1,7,7,8
33,Mario Balotelli,it  ITA,FW,Nice,26,1990,25.2,760,713,47,16,4,146,25,12,0,0,0,0,548,86,126,66,657,16,2,11,568,6,13,29,30
34,Abdoulaye Bamba,ci  CIV,DF,Angers,27,1990,17.0,810,645,165,4,0,109,10,30,0,0,0,0,492,88,230,99,499,45,161,1,621,4,24,9,24
35,Jonathan Bamba,fr  FRA,"FW,MF",Saint-Étienne,21,1996,28.6,1185,1073,112,32,5,253,36,78,46,0,0,0,887,90,208,104,989,54,23,8,874,10,28,50,44
36,Yacine Bammou,ma  MAR,"MF,FW",Nantes,25,1991,8.1,257,257,0,0,1,36,8,14,0,0,0,0,179,23,55,74,154,21,0,4,189,1,10,2,15
37,Sekou Baradji,fr  FRA,MF,Amiens,33,1984,0.1,5,5,0,0,0,1,0,0,0,0,0,0,3,1,1,4,0,1,0,0,2,0,0,1,1
38,Nicolas Basin,fr  FRA,DF,Metz,19,1998,3.5,161,135,26,1,0,15,2,6,0,0,0,0,69,28,64,113,9,12,25,0,109,0,6,2,7
39,Gil Bastião Dias,pt  POR,FW,Monaco,20,1996,0.1,1,1,0,0,0,0,0,0,0,0,0,0,1,0,0,1,0,0,0,0,1,0,0,0,0
40,Paul Baysse,fr  FRA,DF,Bordeaux,29,1988,6.3,293,288,5,5,0,53,8,1,0,0,0,0,201,25,67,55,195,33,0,3,243,1,9,1,4
41,Hervé Bazile,ht  HAI,"FW,MF",Caen,27,1990,9.8,323,280,43,10,1,52,25,55,32,0,0,0,160,23,140,256,46,16,1,2,178,1,17,8,17
42,Henri Bedimo,cm  CMR,"DF,MF",Marseille,33,1984,0.5,24,22,2,1,0,3,0,0,0,0,0,0,15,1,8,16,4,2,1,1,19,0,0,1,0
43,François Bellugou,fr  FRA,MF,Troyes,30,1987,24.2,975,963,12,9,0,168,40,2,0,0,0,0,701,72,202,178,689,90,0,0,772,3,36,13,15
44,Chaouki Ben Saada,tn  TUN,"FW,MF",Troyes,33,1984,3.8,196,185,11,2,1,43,11,7,6,0,0,0,141,14,41,151,31,10,3,0,150,2,4,3,9
45,Diego Benaglio,ch  SUI,GK,Monaco,33,1983,2.5,47,32,15,3,0,5,0,0,0,0,0,0,26,0,21,2,33,0,0,9,34,0,0,1,0
46,Nicolas Benezet,fr  FRA,"FW,MF",Guingamp,26,1991,18.3,977,876,101,22,2,243,36,62,60,0,0,0,694,90,193,208,712,38,13,2,705,4,11,42,42
47,Walter Benítez,ar  ARG,GK,Nice,24,1993,28.0,521,362,159,32,0,49,9,0,0,0,0,0,291,11,219,43,381,0,0,84,365,1,12,4,2
48,Ramy Bensebaini,dz  ALG,DF,Rennes,22,1995,26.0,1424,1255,169,29,0,212,26,41,1,0,0,0,895,101,428,911,242,112,139,4,1039,4,60,29,44
49,Yassine Benzia,dz  ALG,"MF,FW",Lille,22,1994,25.4,1418,1301,117,51,6,270,42,52,50,0,0,0,1079,104,235,239,1118,38,8,10,1093,13,25,43,51
50,Yuri Berchiche,es  ESP,DF,Paris S-G,27,1990,19.1,1129,1041,88,3,0,198,11,48,0,0,0,0,885,123,121,914,64,48,85,1,969,2,12,20,32
51,Robert Berić,si  SVN,FW,Saint-Étienne,26,1991,11.6,181,160,21,1,1,37,1,2,0,0,0,0,151,15,15,16,143,16,2,3,123,0,4,11,6
52,Kévin Bérigaud,fr  FRA,"MF,FW",Montpellier,29,1988,3.0,72,71,1,0,0,19,1,1,0,0,0,0,54,9,9,5,58,6,0,0,57,0,1,4,3
53,Vincent Bessat,fr  FRA,"DF,MF",Caen,31,1985,17.4,920,762,158,14,0,149,21,89,12,0,0,0,520,110,290,610,137,36,132,3,681,4,17,28,36
54,Quentin Beunardeau,fr  FRA,GK,Metz,23,1994,0.4,18,12,6,4,0,3,0,0,0,0,0,0,2,1,15,1,15,0,0,2,8,0,0,0,0
55,Milan Biševac,rs  SRB,DF,Metz,33,1983,7.9,326,307,19,19,0,52,16,1,0,0,0,0,211,19,96,16,286,21,0,1,268,0,7,5,4
56,Yves Bissouma,ml  MLI,"MF,DF",Lille,20,1996,17.4,1031,980,51,14,1,198,24,7,0,0,0,0,815,67,149,86,848,46,36,7,859,7,21,25,23
57,Ludovic Blas,fr  FRA,MF,Guingamp,19,1997,19.9,942,932,10,6,1,207,31,12,1,0,0,0,759,45,138,788,108,35,1,3,795,3,17,21,19
58,Jérémy Blayac,fr  FRA,"FW,MF",Strasbourg,34,1983,10.2,360,351,9,1,0,103,0,9,0,0,0,0,223,55,82,46,204,64,1,7,228,3,7,10,23
59,Alexis Blin,fr  FRA,MF,Toulouse,20,1996,21.0,753,737,16,11,1,137,9,12,0,0,0,0,510,63,180,65,591,82,4,2,579,4,22,18,15
60,Yann Bodiger,fr  FRA,"MF,FW",Toulouse,22,1995,2.5,103,101,2,2,0,20,3,3,0,0,0,0,66,5,32,65,26,8,0,0,66,0,2,2,3
61,Mathieu Bodmer,fr  FRA,"DF,MF",Amiens,34,1982,4.4,275,265,10,10,0,25,9,1,0,0,0,0,193,20,62,40,211,22,0,0,216,2,9,4,8
62,Quentin Boisgard,fr  FRA,"MF,FW",Toulouse,20,1997,2.0,84,78,6,1,0,18,3,3,3,0,0,0,59,8,17,4,72,7,0,0,52,0,1,4,7
63,Landry Bonnefoi,fr  FRA,GK,Strasbourg,33,1983,3.0,65,34,31,5,0,6,0,0,0,0,0,0,23,2,40,9,45,0,0,8,40,1,2,0,1
64,Gabriel Boschilia,br  BRA,"FW,MF",Monaco,21,1996,0.9,44,42,2,0,0,10,0,2,0,0,0,0,33,7,4,32,6,4,2,0,34,0,0,1,1
65,Jean-Christophe Bouet,fr  FRA,GK,Amiens,34,1983,1.0,20,10,10,2,0,0,0,0,0,0,0,0,3,1,16,0,16,0,0,2,7,0,1,0,0
66,Arnold Bouka Moutou,cg  CGO,DF,Dijon,28,1988,3.7,143,112,31,3,0,14,7,10,0,0,0,0,78,19,46,94,12,7,28,0,111,0,7,2,2
67,Farid Boulaya,dz  ALG,"FW,MF",Metz,24,1993,2.0,95,86,9,3,1,21,5,4,5,0,0,0,62,13,20,10,81,2,1,0,69,0,3,0,8
68,Emmanuel Bourgaud,fr  FRA,"MF,FW",Amiens,29,1987,6.0,294,259,35,9,2,65,16,12,21,0,0,0,166,28,100,19,244,19,4,4,194,1,9,8,12
69,Benjamin Bourigeaud,fr  FRA,"MF,FW",Rennes,23,1994,34.5,1778,1509,269,103,4,303,115,148,142,0,0,0,1161,115,502,206,1464,72,22,10,1276,10,41,51,72
70,Martin Braithwaite,dk  DEN,FW,Bordeaux,26,1991,10.2,215,200,15,0,3,51,7,7,0,0,0,0,149,28,38,25,150,27,0,5,155,1,8,9,6
71,Brandon,es  ESP,"MF,FW",Rennes,22,1995,4.0,118,114,4,0,0,26,3,5,1,0,0,0,90,13,15,13,93,8,2,1,86,0,2,2,10
72,Jimmy Briand,fr  FRA,FW,Guingamp,31,1985,35.7,983,931,52,7,6,221,3,14,0,0,0,0,746,128,109,148,741,47,14,17,732,6,23,37,48
73,Patrick Burner,fr  FRA,DF,Nice,21,1996,10.0,599,529,70,5,1,63,6,10,0,0,0,0,453,55,91,28,484,16,65,1,513,2,9,9,16
74,Ludovic Butelle,fr  FRA,GK,Angers,34,1983,18.4,392,249,143,54,0,28,11,0,0,0,0,0,135,24,233,233,75,0,0,64,218,0,14,3,2
75,Cafú,pt  POR,MF,Metz,24,1993,7.5,281,279,2,2,0,64,9,0,0,0,0,0,225,23,33,12,240,23,0,2,231,0,5,8,3
76,Jonathan Cafu,br  BRA,"FW,MF",Bordeaux,26,1991,7.0,307,304,3,1,1,45,6,15,0,0,0,0,253,28,26,51,240,10,2,3,242,1,0,10,13
77,Yannick Cahuzac,fr  FRA,MF,Toulouse,32,1985,16.9,579,562,17,11,0,81,8,2,0,0,0,0,369,60,150,27,445,90,1,7,460,4,16,7,9
78,Abdoul Camara,gn  GUI,"FW,MF",Guingamp,27,1990,10.8,313,301,12,1,0,76,6,24,5,0,0,0,235,17,61,247,44,17,0,2,223,1,14,12,15
79,Souleymane Camara,sn  SEN,FW,Montpellier,34,1982,10.4,257,249,8,0,1,38,6,9,0,0,0,0,180,20,57,58,148,33,1,4,169,4,9,12,13
80,Pierrick Capelle,fr  FRA,"MF,FW",Angers,30,1987,20.9,815,780,35,6,1,200,18,20,5,0,0,0,583,81,151,610,101,65,23,3,631,3,19,19,28
81,Yoan Cardinale,fr  FRA,GK,Nice,23,1994,10.0,200,148,52,10,0,27,5,0,0,0,0,0,125,5,70,2,168,1,0,26,160,0,2,0,0
82,Diego Carlos,br  BRA,DF,Nantes,24,1993,25.5,909,890,19,18,0,110,44,5,0,0,0,0,566,56,287,104,697,87,1,6,680,5,35,14,13
83,Guido Carrillo,ar  ARG,"FW,MF",Monaco,26,1991,4.7,94,93,1,0,1,20,0,0,0,0,0,0,49,20,25,8,49,24,0,3,60,1,4,2,2
84,Thomas Carrique,fr  FRA,DF,Bordeaux,18,1999,1.0,46,36,10,0,0,3,0,2,0,0,0,0,26,16,4,1,30,2,10,0,38,0,0,2,2
85,Edinson Cavani,uy  URU,FW,Paris S-G,30,1987,28.7,506,464,42,0,0,61,9,11,2,0,0,0,401,43,62,77,400,19,4,6,395,3,9,17,20
86,Fouad Chafik,ma  MAR,DF,Dijon,30,1986,17.9,866,698,168,9,0,140,14,37,1,0,0,0,438,156,272,39,586,70,158,2,635,0,23,18,20
87,Kwon Chang-hoon,kr  KOR,"FW,MF",Dijon,23,1994,23.7,685,625,60,16,0,128,32,54,38,0,0,0,435,88,162,509,130,37,4,1,446,4,17,23,25
88,Charly Charrier,fr  FRA,MF,Amiens,31,1986,1.2,71,70,1,1,0,4,2,2,0,0,0,0,51,8,12,22,47,2,0,0,53,0,1,0,1
89,Pape Cheikh Diop,sn  SEN,MF,Lyon,19,1997,0.1,10,10,0,0,0,0,0,0,0,0,0,0,9,1,0,2,7,1,0,0,9,0,0,0,0
90,Saliou Ciss,sn  SEN,"DF,FW",Angers,27,1989,1.6,54,54,0,0,2,20,0,2,0,0,0,0,38,4,12,34,18,1,0,1,35,0,2,3,3
91,Issa Cissokho,sn  SEN,DF,Amiens,32,1985,18.1,801,648,153,21,0,87,22,24,0,0,0,0,432,107,262,109,497,55,132,3,592,3,34,20,14
92,Marcus Coco,fr  FRA,"FW,MF",Guingamp,21,1996,17.6,628,620,8,2,3,108,18,39,1,0,0,0,454,51,123,90,474,39,5,5,457,5,22,14,22
93,Renaud Cohade,fr  FRA,MF,Metz,32,1984,36.6,1991,1931,60,27,1,382,92,55,8,0,0,0,1256,195,540,140,1632,165,9,7,1511,6,67,40,57
94,Racine Coly,sn  SEN,DF,Nice,21,1995,6.9,411,374,37,4,0,52,6,12,0,0,0,0,327,45,39,302,52,21,33,0,346,0,5,10,13
95,Alois Confais,fr  FRA,MF,Troyes,20,1996,6.8,274,268,6,1,0,56,9,9,0,0,0,0,183,26,65,22,225,20,5,0,217,0,7,5,6
96,Daniel Congré,fr  FRA,DF,Montpellier,32,1985,29.3,1260,1230,30,24,0,145,38,13,0,0,0,0,883,74,303,324,797,107,6,5,1023,2,35,24,12
97,Diego Contento,de  GER,"DF,FW",Bordeaux,27,1990,1.2,32,28,4,0,0,8,0,1,0,0,0,0,22,2,8,24,3,1,4,0,24,0,1,2,1
98,Jérémy Cordoval,GPE,DF,Troyes,27,1990,10.2,412,315,97,1,0,83,6,15,0,0,0,0,226,70,116,40,254,21,96,0,317,0,14,6,15
99,Benjamin Corgnet,fr  FRA,"MF,FW",Strasbourg,30,1987,15.3,566,535,31,4,2,113,15,24,10,0,0,0,322,81,163,88,375,67,3,8,369,5,16,24,28
100,Maxwel Cornet,ci  CIV,"FW,MF",Lyon,20,1996,14.1,521,499,22,5,3,105,15,27,10,0,0,0,385,50,86,382,91,36,5,2,399,0,14,12,27
101,Quentin Cornette,fr  FRA,"FW,MF",Amiens,23,1994,5.0,138,134,4,0,1,31,1,5,3,0,0,0,103,12,23,13,117,6,1,1,96,3,3,6,6
102,Nuno da Costa,cv  CPV,"FW,MF",Strasbourg,26,1991,19.2,386,383,3,0,2,81,14,20,0,0,0,0,224,50,112,35,283,45,1,6,231,2,8,16,23
103,Benoît Costil,fr  FRA,GK,Bordeaux,30,1987,36.0,935,662,273,95,0,107,42,0,0,0,0,0,396,18,521,33,773,1,0,97,566,0,31,5,1
104,Kalifa Coulibaly,ml  MLI,FW,Nantes,25,1991,3.8,88,87,1,0,2,20,4,6,0,0,0,0,42,16,30,10,52,13,1,3,52,0,5,1,3
105,Lassana Coulibaly,ml  MLI,MF,Angers,21,1996,9.3,315,313,2,2,0,65,3,7,0,0,0,0,252,23,40,24,273,12,0,3,247,0,7,12,15
106,Nicolas Cozza,fr  FRA,"DF,MF",Montpellier,18,1999,6.4,317,273,44,3,0,52,4,14,0,0,0,0,185,36,96,207,46,19,41,1,225,3,11,6,15
107,Wylan Cyprien,fr  FRA,MF,Nice,22,1995,10.5,824,775,49,7,0,138,41,15,39,0,0,0,679,43,102,131,671,14,3,0,709,2,14,14,8
108,Damien Da Silva,fr  FRA,DF,Caen,29,1988,31.5,1348,1309,39,38,0,198,57,0,0,0,0,0,851,84,413,57,1116,149,1,3,1082,8,49,11,11
109,Kouadio-Yves Dabila,ci  CIV,DF,Lille,20,1997,10.5,504,484,20,5,0,47,13,5,0,0,0,0,398,29,77,29,426,32,15,2,422,0,11,8,8
110,Bryan Dabo,bf  BFA,"MF,FW",Saint-Étienne,25,1992,14.3,607,583,24,6,0,77,9,9,1,0,0,0,476,44,87,117,416,46,13,8,477,2,21,24,12
111,Dante,br  BRA,DF,Nice,33,1983,32.4,2259,2226,33,31,2,227,70,2,0,0,0,0,1906,102,251,1710,426,110,2,4,2053,4,20,18,12
112,Romain Danzé,fr  FRA,DF,Rennes,31,1986,7.6,443,367,76,1,0,84,7,10,1,0,0,0,263,54,126,6,326,33,74,0,334,1,15,14,11
113,Stéphane Darbion,fr  FRA,"FW,MF",Troyes,33,1984,18.9,692,657,35,7,1,123,10,61,13,0,0,0,517,51,124,540,103,35,12,0,515,1,3,27,27
114,Sergi Darder,es  ESP,MF,Lyon,23,1993,2.3,138,136,2,2,0,16,3,0,0,0,0,0,100,13,25,11,118,6,0,0,118,0,5,0,1
115,Lucas Deaux,fr  FRA,MF,Guingamp,28,1988,21.6,1161,1130,31,21,0,187,30,19,2,0,0,0,875,78,208,136,907,88,7,3,936,5,37,25,25
116,Mathieu Debuchy,fr  FRA,DF,Saint-Étienne,32,1985,14.6,781,637,144,1,0,125,16,38,2,0,0,0,412,114,255,25,510,80,141,5,575,3,20,18,31
117,Jonathan Delaplace,fr  FRA,MF,Caen,31,1986,6.5,225,224,1,0,1,28,5,6,0,0,0,0,147,24,54,44,156,22,0,0,167,1,9,1,5
118,Andy Delort,dz  ALG,FW,Toulouse,25,1991,25.9,788,715,73,27,3,184,36,83,19,0,0,0,354,176,258,33,567,103,7,38,449,0,28,29,37
119,Jessy Deminguet,fr  FRA,"MF,FW",Caen,19,1998,5.9,219,196,23,6,0,46,11,25,14,0,0,0,136,17,66,181,16,14,3,3,143,4,11,5,9
120,Memphis Depay,nl  NED,"FW,MF",Lyon,23,1994,28.4,1282,1121,161,44,5,237,78,84,89,0,0,0,925,102,255,180,1054,21,16,8,945,9,25,36,53
121,Mathieu Deplagne,fr  FRA,DF,Troyes,25,1991,26.8,1289,1051,238,14,0,186,21,34,2,0,0,0,754,193,342,114,828,104,222,5,1005,4,20,37,36
122,Ángel Di María,ar  ARG,FW,Paris S-G,29,1988,23.4,1263,1128,135,23,0,180,68,110,87,0,0,0,874,108,281,1131,94,12,24,2,906,7,36,47,64
123,Fallou Diagne,sn  SEN,"DF,MF",Metz,27,1989,24.9,1041,1014,27,25,0,126,67,1,0,0,0,0,659,80,302,55,850,105,1,6,792,5,47,23,12
124,Adama Diakhaby,fr  FRA,"FW,MF",Monaco,21,1996,9.5,214,209,5,0,0,44,7,21,0,0,0,0,147,28,39,156,25,24,3,2,140,3,3,5,16
125,Mouctar Diakhaby,fr  FRA,DF,Lyon,20,1996,8.1,410,399,11,11,0,43,13,0,0,0,0,0,347,15,48,34,346,24,0,0,364,1,5,5,4
126,Abdoulaye Diallo,sn  SEN,GK,Rennes,25,1992,3.0,65,43,22,10,0,7,3,0,0,0,0,0,29,2,34,6,48,0,0,10,41,0,2,0,1
127,Habib Diallo,sn  SEN,FW,Metz,22,1995,0.2,5,5,0,0,0,1,0,0,0,0,0,0,2,2,1,1,2,1,0,0,4,0,1,0,0
128,Mustapha Diallo,sn  SEN,MF,Guingamp,31,1986,15.4,583,581,2,1,2,78,9,2,0,0,0,0,410,52,121,31,445,80,1,1,472,0,13,8,8
129,Lassana Diarra,fr  FRA,MF,Paris S-G,32,1985,6.7,502,498,4,4,1,50,21,2,0,0,0,0,413,33,56,39,443,14,0,2,457,2,6,7,3
130,Bakaye Dibassy,ml  MLI,DF,Amiens,27,1989,30.9,1303,1111,192,26,0,216,17,28,0,0,0,0,788,144,371,877,165,71,166,3,986,9,61,28,41
131,Thomas Didillon,fr  FRA,GK,Metz,21,1995,9.0,202,135,67,21,0,13,3,0,0,0,0,0,67,10,125,146,12,1,0,37,131,0,5,0,0
132,Étienne Didot,fr  FRA,MF,Guingamp,34,1983,18.0,1018,968,50,31,0,198,31,17,11,0,0,0,690,80,248,181,738,82,8,3,798,9,32,21,16
133,Tristan Dingomé,cm  CMR,MF,Troyes,26,1991,13.0,585,580,5,2,0,80,12,14,1,0,0,0,450,36,99,482,85,15,1,0,466,4,11,14,20
134,Ismaël Diomandé,ci  CIV,"DF,MF",Caen,24,1992,7.9,261,261,0,0,0,52,17,2,0,0,0,0,193,13,55,21,226,12,0,2,218,1,10,4,1
135,Lois Diony,fr  FRA,FW,Saint-Étienne,24,1992,10.4,161,145,16,0,1,34,3,10,0,0,0,0,119,18,24,19,121,13,1,2,110,0,6,4,6
136,Issa Diop,fr  FRA,DF,Toulouse,20,1997,34.0,1189,1147,42,38,0,181,34,3,1,0,0,0,827,83,279,112,935,124,3,2,932,2,26,24,15
137,Assane Dioussé,sn  SEN,MF,Saint-Étienne,19,1997,14.9,846,825,21,9,0,114,32,5,1,0,0,0,693,41,112,650,139,41,11,2,715,2,15,18,14
138,Koffi Djidji,ci  CIV,DF,Nantes,24,1992,26.8,1015,846,169,23,1,130,22,18,1,0,0,0,559,88,368,76,698,76,145,0,753,1,43,23,16
139,Alexander Djiku,gh  GHA,DF,Caen,22,1994,28.0,1278,1242,36,29,0,109,34,5,0,0,0,0,884,108,286,225,875,146,7,5,1024,3,33,23,7
140,Papy Djilobodji,sn  SEN,DF,Dijon,28,1988,30.0,1608,1557,51,44,0,232,78,6,0,0,0,0,1049,113,446,1056,381,144,6,4,1227,9,50,32,22
141,Keagan Dolly,za  RSA,"FW,MF",Montpellier,24,1993,9.8,426,372,54,7,1,93,20,31,33,0,0,0,310,26,90,320,78,13,11,2,322,0,8,8,21
142,Jean-Luc Dompé,fr  FRA,MF,Amiens,21,1995,0.3,18,14,4,0,0,0,2,0,3,0,0,0,11,1,6,0,17,0,1,0,8,0,0,1,1
143,Dória,br  BRA,DF,Marseille,22,1994,0.9,27,27,0,0,0,7,1,0,0,0,0,0,20,2,5,20,3,4,0,0,22,0,1,1,1
144,Gabriel Dos Santos,br  BRA,FW,Troyes,19,1997,0.9,37,37,0,0,0,5,2,0,0,0,0,0,23,2,12,30,3,3,0,1,26,0,1,1,1
145,Mathieu Dossevi,tg  TOG,"FW,MF",Metz,29,1988,27.9,1111,980,131,31,3,236,58,159,87,0,0,0,708,93,310,72,992,28,7,7,740,5,21,38,68
146,Julian Draxler,de  GER,"MF,FW",Paris S-G,23,1993,18.9,1361,1316,45,5,4,241,29,24,31,0,0,0,1210,42,109,151,1182,17,8,1,1239,6,6,28,13
147,Leo Dubois,fr  FRA,DF,Nantes,22,1994,33.6,1938,1502,436,64,3,280,77,156,77,0,0,0,958,271,709,232,1309,85,295,2,1336,8,67,50,74
148,Maxime Dupé,fr  FRA,GK,Nantes,24,1993,1.0,16,8,8,0,0,0,1,0,0,0,0,0,3,0,13,0,15,0,0,1,10,0,0,0,0
149,Jimmy Durmaz,se  SWE,"MF,FW",Toulouse,28,1989,11.4,540,470,70,30,1,96,26,32,22,0,0,0,352,49,139,360,130,29,14,4,367,3,16,21,25
150,Félix Eboa Eboa,cm  CMR,DF,Guingamp,20,1997,16.9,724,676,48,7,0,134,15,11,1,0,0,0,463,48,213,131,426,97,40,3,540,2,27,15,18
151,Patrice Evra,fr  FRA,DF,Marseille,36,1981,3.9,167,134,33,2,0,18,4,3,0,0,0,0,82,18,67,102,6,21,31,2,119,0,2,8,7
152,Valentin Eysseric,fr  FRA,"FW,MF",Nice,25,1992,1.0,75,65,10,4,0,0,6,4,6,0,0,0,53,2,20,6,69,0,0,0,59,0,3,0,2
153,Fabinho,br  BRA,MF,Monaco,23,1993,34.0,1976,1942,34,30,5,449,65,9,0,0,0,0,1403,167,406,129,1662,153,4,2,1680,8,35,38,19
154,Radamel Falcao,co  COL,FW,Monaco,31,1986,23.6,529,492,37,0,0,156,2,7,0,0,0,0,385,72,72,103,370,35,1,9,414,1,9,19,14
155,Simon Falette,gn  GUI,DF,Metz,25,1992,1.0,65,64,1,0,0,0,5,0,0,0,0,0,54,7,4,48,15,1,1,0,60,0,1,0,0
156,Imad Faraj,ma  MAR,"DF,MF",Lille,18,1999,1.8,74,67,7,0,0,14,0,5,0,0,0,0,55,6,13,6,58,3,7,0,55,0,2,1,3
157,Nabil Fekir,fr  FRA,"MF,FW",Lyon,24,1993,27.5,1220,1085,135,44,5,236,49,60,63,0,0,0,947,65,208,1054,126,21,8,5,981,7,21,36,24
158,Julien Féret,fr  FRA,MF,Caen,35,1982,34.0,1713,1566,147,59,1,285,91,52,70,0,0,0,1112,149,452,153,1360,149,6,5,1313,10,33,51,31
159,Brian Fernández,ar  ARG,FW,Metz,22,1994,1.4,24,16,8,0,0,3,0,1,2,0,0,0,10,4,10,0,18,2,4,0,17,0,0,1,3
160,Jordan Ferri,fr  FRA,MF,Lyon,25,1992,7.1,533,529,4,3,2,78,13,3,0,0,0,0,445,37,51,23,478,23,1,7,472,1,9,9,12
161,Afonso Figueiredo,pt  POR,"DF,FW",Rennes,24,1993,2.5,125,105,20,3,0,19,3,3,0,0,0,0,68,4,53,86,9,12,17,0,87,0,4,5,1
162,Guessouma Fofana,fr  FRA,MF,Amiens,24,1992,8.3,247,245,2,1,0,28,8,7,0,0,0,0,167,21,59,24,194,21,0,0,178,2,5,8,4
163,Steven Fortes,cv  CPV,DF,Toulouse,25,1992,1.7,77,76,1,1,0,7,2,0,0,0,0,0,50,2,25,11,59,7,0,0,60,0,3,1,1
164,Dimitri Foulquier,fr  FRA,DF,Strasbourg,24,1993,13.8,654,532,122,5,1,91,6,21,0,0,0,0,392,85,177,61,437,33,116,5,505,0,16,17,21
165,Lilian Fournier,fr  FRA,MF,Metz,19,1998,0.2,6,6,0,0,0,2,0,0,0,0,0,0,4,1,1,2,4,0,0,0,3,0,0,1,0
166,Angelo Fulgini,fr  FRA,"MF,FW",Angers,20,1996,17.0,704,644,60,23,4,140,27,37,27,0,0,0,481,60,163,62,591,38,7,4,523,4,9,16,27
167,Milan Gajić,rs  SRB,DF,Bordeaux,21,1996,4.0,187,140,47,2,0,19,1,5,0,0,0,0,105,41,41,16,116,10,45,0,134,2,1,5,10
168,Serge Gakpé,tg  TOG,"FW,MF",Amiens,30,1987,20.6,506,497,9,1,2,135,5,20,2,0,0,0,354,61,91,91,357,44,6,2,347,1,17,26,26
169,Ignatius Ganago,cm  CMR,"FW,MF",Nice,18,1999,0.8,20,20,0,0,0,8,0,0,0,0,0,0,18,0,2,5,13,1,0,0,14,0,0,1,0
170,Najib Gandi,fr  FRA,"MF,FW",Nantes,23,1994,1.1,38,35,3,2,0,12,1,1,1,0,0,0,28,2,8,3,34,0,0,1,27,0,3,1,0
171,Jérémy Gélin,fr  FRA,"DF,MF",Rennes,20,1997,25.7,1358,1330,28,25,2,160,60,5,1,0,0,0,993,68,297,79,1181,81,2,1,1138,4,31,19,12
172,Romain Genevois,ht  HAI,DF,Caen,29,1987,20.1,787,722,65,14,0,123,38,31,0,0,0,0,419,88,280,70,544,100,51,2,561,0,20,16,29
173,Valère Germain,fr  FRA,FW,Marseille,27,1990,24.1,515,488,27,0,2,94,8,25,1,0,0,0,320,95,100,32,392,56,5,6,376,2,13,19,18
174,Willem Geubbels,fr  FRA,FW,Lyon,15,2001,0.4,9,9,0,0,0,3,0,0,0,0,0,0,8,0,1,3,6,0,0,0,7,0,0,2,0
175,Yassine El Ghanassy,be  BEL,"FW,MF",Nantes,27,1990,7.2,294,287,7,3,2,48,5,23,3,0,0,0,231,22,41,41,237,14,1,1,233,1,6,9,9
176,Anwar El Ghazi,nl  NED,"FW,MF",Lille,22,1995,18.3,634,565,69,11,0,137,34,62,37,0,0,0,444,50,140,100,487,18,20,3,434,5,18,24,39
177,Rachid Ghezzal,dz  ALG,"FW,MF",Monaco,25,1992,11.0,550,512,38,13,3,143,28,36,20,0,0,0,380,45,125,417,98,25,5,1,401,3,14,15,26
178,Guillaume Gillet,be  BEL,MF,Nantes,33,1984,0.2,12,12,0,0,0,0,0,0,0,0,0,0,10,1,1,2,8,2,0,0,12,0,0,0,0
179,Jimmy Giraudon,fr  FRA,DF,Troyes,25,1992,23.3,971,932,39,34,1,140,30,2,0,0,0,0,659,45,267,49,825,83,4,0,762,0,18,16,15
180,Thibault Giresse,fr  FRA,"MF,FW",Guingamp,36,1981,0.3,19,16,3,0,0,1,0,1,2,0,0,0,14,1,4,15,3,0,1,0,11,0,1,0,3
181,Andrei Girotto,br  BRA,MF,Nantes,25,1992,16.9,666,660,6,5,2,113,26,8,0,0,0,0,427,65,174,50,528,68,1,1,501,6,22,15,21
182,Kamil Glik,pl  POL,DF,Monaco,29,1988,36.0,1738,1719,19,17,0,192,50,0,0,0,0,0,1131,110,497,191,1321,185,2,8,1357,6,56,19,13
183,Joris Gnagnon,fr  FRA,DF,Rennes,20,1997,32.4,1294,1280,14,13,0,114,19,1,0,0,0,0,1054,51,189,154,1014,103,1,3,1153,2,26,10,6
184,Anthony Gonçalves,fr  FRA,"MF,FW",Strasbourg,31,1986,19.5,811,752,59,10,3,159,33,97,20,0,0,0,464,60,287,97,630,47,26,1,537,7,26,12,44
185,Vagner Gonçalves,cv  CPV,"FW,MF",Saint-Étienne,21,1996,1.2,34,33,1,0,0,9,4,4,0,0,0,0,21,4,9,2,30,1,1,0,20,0,2,0,6
186,Georges Gope-Fenepej,nc  NCL,"MF,FW",Amiens,28,1988,0.5,21,21,0,0,0,2,1,0,0,0,0,0,17,2,2,2,18,1,0,0,13,0,0,3,1
187,Mathieu Gorgelin,fr  FRA,GK,Lyon,26,1990,4.0,63,49,14,5,0,9,2,0,0,0,0,0,34,5,24,47,6,0,0,6,42,0,2,1,0
188,Prince-Désir Gouano,fr  FRA,DF,Amiens,23,1993,30.5,1086,1060,26,26,0,164,15,2,0,0,0,0,737,70,279,91,834,124,0,4,853,4,20,11,13
189,Lemouya Goudiaby,sn  SEN,DF,Metz,20,1997,0.9,40,25,15,0,0,2,0,8,0,0,0,0,19,13,8,3,20,2,15,0,30,0,0,1,0
190,Amine Gouiri,fr  FRA,"FW,MF",Lyon,17,2000,0.9,17,17,0,0,0,0,1,0,0,0,0,0,14,1,2,0,17,0,0,0,14,0,0,1,1
191,Yoann Gourcuff,fr  FRA,"MF,FW",Rennes,31,1986,4.7,199,189,10,1,0,47,0,8,4,0,0,0,165,10,24,30,159,8,1,1,172,1,0,8,4
192,Max Gradel,ci  CIV,"FW,MF",Toulouse,29,1987,26.8,985,852,133,48,2,232,57,135,62,0,0,0,538,91,356,235,696,37,13,1,548,11,34,30,66
193,Samuel Grandsir,fr  FRA,"FW,MF",Troyes,20,1996,28.9,949,931,18,2,1,233,31,69,3,0,0,0,703,73,173,154,749,32,10,1,661,2,28,36,55
194,Jérémy Grimm,fr  FRA,MF,Strasbourg,30,1987,9.0,367,365,2,1,0,50,11,4,1,0,0,0,236,26,105,46,264,46,0,1,284,2,11,9,7
195,Gonçalo Guedes,pt  POR,FW,Paris S-G,20,1996,0.1,2,2,0,0,0,0,0,0,0,0,0,0,2,0,0,0,2,0,0,0,2,0,0,0,0
196,Frederic Guilbert,fr  FRA,"DF,MF",Caen,22,1994,36.0,1510,1205,305,4,1,208,58,95,0,0,0,0,716,165,629,160,852,155,301,7,1021,5,60,30,72
197,Baptiste Guillaume,be  BEL,FW,Angers,22,1995,5.1,86,84,2,1,0,15,0,2,0,0,0,0,44,15,27,7,46,24,1,3,50,0,3,0,1
198,Régis Gurtner,fr  FRA,GK,Amiens,30,1986,37.0,1008,606,402,133,0,109,23,0,0,0,0,0,225,26,757,24,801,0,0,72,507,1,32,5,8
199,Luiz Gustavo,br  BRA,"MF,DF",Marseille,30,1987,33.5,1929,1899,30,26,2,303,66,15,0,0,0,0,1613,94,222,1313,539,57,4,4,1714,5,33,23,17
200,Oussama Haddadi,tn  TUN,DF,Dijon,25,1992,27.8,1385,1169,216,17,1,211,51,64,0,0,0,0,787,205,393,954,114,101,199,12,1027,6,22,34,65
201,Oualid El Hajjam,ma  MAR,DF,Amiens,26,1991,24.4,1046,810,236,8,0,159,19,39,1,0,0,0,512,144,390,137,602,69,227,4,725,6,36,26,30
202,Romain Hamouma,fr  FRA,"FW,MF",Saint-Étienne,30,1987,20.5,645,556,89,27,3,113,24,63,42,0,0,0,448,58,139,64,539,25,9,2,456,1,16,14,33
203,Gauthier Hein,fr  FRA,"FW,MF",Metz,20,1996,0.9,47,45,2,0,0,3,1,1,0,0,0,0,39,5,3,37,6,2,2,0,43,0,1,1,1
204,Christophe Hérelle,mq  MTQ,DF,Troyes,24,1992,32.9,1280,1252,28,25,1,156,49,0,0,0,0,0,894,86,300,135,983,138,3,3,1035,2,67,16,17
205,Hernani,br  BRA,"MF,FW",Saint-Étienne,23,1994,6.1,304,264,40,13,1,55,22,18,25,0,0,0,197,16,91,33,242,17,2,3,226,2,8,6,9
206,Vitorino Hilton,br  BRA,DF,Montpellier,39,1977,27.0,1085,1032,53,38,1,116,84,3,0,0,0,0,612,64,409,243,704,100,15,3,821,5,46,15,14
207,Tomáš Hubočan,sk  SVK,DF,Marseille,31,1985,1.0,36,30,6,0,0,10,0,2,0,0,0,0,18,4,14,8,14,6,6,0,25,0,3,2,0
208,Adrien Hunou,fr  FRA,"FW,MF",Rennes,23,1994,16.2,490,466,24,2,1,55,8,6,2,0,0,0,375,56,59,21,423,32,14,0,384,2,9,14,21
209,Suk Hyun-jun,kr  KOR,FW,Troyes,26,1991,14.0,297,276,21,1,0,75,5,8,0,0,0,0,143,68,86,20,160,81,0,9,161,2,17,11,19
210,Edgar Ié,pt  POR,DF,Lille,23,1994,35.0,1845,1736,109,18,2,280,24,27,0,0,0,0,1364,151,330,235,1373,108,91,7,1523,5,35,35,41
211,Julien Ielsch,fr  FRA,"MF,DF",Amiens,34,1983,6.9,236,224,12,3,0,40,1,4,0,0,0,0,134,33,69,148,47,28,9,3,159,0,6,5,8
212,Jordan Ikoko,cd  COD,DF,Guingamp,23,1994,26.9,1281,1055,226,10,1,281,20,46,1,0,0,0,801,166,314,172,825,62,215,1,1011,6,37,26,38
213,Jonathan Ikone,fr  FRA,"FW,MF",Montpellier,19,1998,11.1,387,359,28,9,1,63,14,20,16,0,0,0,308,24,55,327,43,12,3,1,273,1,14,22,12
214,Jules Iloki,fr  FRA,"MF,FW",Nantes,25,1992,15.7,517,502,15,1,0,118,22,74,6,0,0,0,328,44,145,43,429,38,4,1,345,3,14,24,20
215,Giannelli Imbula,cd  COD,MF,Toulouse,24,1992,24.9,1214,1150,64,29,3,312,28,17,26,0,0,0,1002,63,149,1019,153,30,5,0,1034,4,14,20,23
216,Emmanuel Imorou,bj  BEN,DF,Caen,28,1988,0.4,19,16,3,0,0,1,0,1,0,0,0,0,15,1,3,16,0,0,3,0,15,0,0,0,2
217,Christophe Jallet,fr  FRA,DF,Nice,33,1983,13.0,821,737,84,8,0,132,19,23,0,0,0,0,567,85,169,156,528,49,76,5,684,4,12,18,13
218,Ablie Jallow,gm  GAM,"MF,FW",Metz,18,1998,1.4,44,44,0,0,0,16,0,1,0,0,0,0,36,5,3,32,8,3,0,1,34,1,2,1,1
219,Saidy Janko,ch  SUI,"DF,MF",Saint-Étienne,21,1995,15.8,767,625,142,4,0,110,5,29,0,0,0,0,517,92,158,61,529,34,138,1,583,1,25,24,43
220,Nicolas Janvier,fr  FRA,"MF,FW",Rennes,18,1998,0.8,43,43,0,0,0,8,1,0,0,0,0,0,36,1,6,1,39,2,0,0,36,0,2,0,0
221,Corentin Jean,fr  FRA,"MF,FW",Toulouse,22,1995,18.8,515,460,55,20,1,128,22,54,23,0,0,0,315,47,153,85,371,43,6,2,348,2,13,22,24
222,Benjamin Jeannot,fr  FRA,"FW,MF",Dijon,25,1992,15.6,323,300,23,1,1,60,7,10,0,0,0,0,211,47,65,40,213,41,4,8,228,0,7,11,9
223,Jemerson,br  BRA,DF,Monaco,24,1992,31.7,1371,1326,45,43,0,179,38,1,0,0,0,0,1017,86,268,338,899,113,2,4,1174,2,31,10,17
224,Karl-Johan Johnsson,se  SWE,GK,Guingamp,27,1990,38.0,928,631,297,88,0,112,40,0,0,0,0,0,329,44,555,72,708,0,0,111,551,2,35,6,1
225,Jorge,br  BRA,DF,Monaco,21,1996,21.3,997,841,156,12,0,178,21,50,0,0,0,0,553,145,299,713,48,73,144,2,715,2,33,17,40
226,Yann Jouffre,fr  FRA,"MF,FW",Metz,33,1984,3.0,189,163,26,8,0,13,9,11,10,0,0,0,123,15,51,157,18,5,8,1,153,2,4,8,3
227,Vukašin Jovanović,rs  SRB,DF,Bordeaux,21,1996,16.0,721,708,13,11,0,66,24,1,0,0,0,0,557,40,124,89,561,65,2,1,632,2,9,6,5
228,Stevan Jovetić,me  MNE,FW,Monaco,27,1989,8.4,253,249,4,0,1,71,2,3,0,0,0,0,158,46,49,18,201,24,2,2,170,2,3,12,13
229,Christopher Jullien,fr  FRA,DF,Toulouse,24,1993,28.9,1248,1209,39,34,0,191,65,3,0,0,0,0,764,120,364,328,719,147,5,2,962,4,41,24,21
230,Alexander Kačaniklić,se  SWE,"MF,FW",Nantes,25,1991,3.5,96,92,4,0,0,19,4,11,2,0,0,0,65,12,19,61,24,7,1,0,64,2,3,5,2
231,Gaël Kakuta,cd  COD,"MF,FW",Amiens,26,1991,34.3,1378,1225,153,61,7,227,49,89,76,0,0,0,862,143,373,1076,196,69,10,6,889,11,46,62,62
232,François Kamano,gn  GUI,"FW,MF",Bordeaux,21,1996,22.4,684,666,18,1,3,160,17,47,11,0,0,0,549,57,78,88,559,24,3,9,542,1,12,22,24
233,Bingourou Kamara,sn  SEN,GK,Strasbourg,20,1996,18.8,463,337,126,25,0,51,10,0,0,0,0,0,198,9,256,48,353,0,0,42,297,1,20,1,2
234,Boubacar Kamara,fr  FRA,"DF,MF",Marseille,17,1999,5.1,288,271,17,6,0,45,3,1,0,0,0,0,228,18,42,46,213,10,11,0,249,1,5,4,7
235,Wilfried Kanga,fr  FRA,"FW,MF",Angers,19,1998,2.0,32,28,4,0,0,11,1,1,0,0,0,0,26,3,3,7,22,3,0,0,26,0,1,3,1
236,Eiji Kawashima,jp  JPN,GK,Metz,34,1983,28.6,680,432,248,90,0,48,12,0,0,0,0,0,185,24,471,63,487,0,0,99,369,1,21,6,2
237,Joris Kayembe,be  BEL,"FW,MF",Nantes,22,1994,1.0,24,24,0,0,0,8,0,4,0,0,0,0,19,0,5,18,6,0,0,0,17,0,0,0,2
238,Christophe Kerbrat,fr  FRA,DF,Guingamp,30,1986,36.9,1647,1587,60,51,0,234,55,5,0,0,0,0,1108,81,458,134,1364,120,9,7,1327,7,54,29,15
239,Billy Ketkeophomphone,fr  FRA,"MF,FW",Angers,27,1990,4.9,186,173,13,7,2,32,5,6,3,0,0,0,138,18,30,24,139,15,3,2,138,2,4,6,7
240,Driss Khalid,ma  MAR,FW,Toulouse,18,1999,0.3,8,8,0,0,0,2,0,0,0,0,0,0,6,2,0,2,5,1,0,0,5,0,1,0,1
241,Saîf-Eddine Khaoui,tn  TUN,"MF,FW",Troyes,22,1995,21.7,713,604,109,38,0,116,26,39,66,0,0,0,468,67,178,590,78,35,4,3,465,6,13,29,30
242,Wahbi Khazri,tn  TUN,"FW,MF",Rennes,26,1991,21.3,695,615,80,32,0,162,49,37,35,0,0,0,465,64,166,43,620,19,4,2,504,5,21,19,22
243,Presnel Kimpembe,fr  FRA,DF,Paris S-G,21,1995,26.9,1776,1736,40,34,0,169,34,6,0,0,0,0,1589,66,121,1509,185,59,6,4,1672,0,18,9,16
244,Hervé Koffi,bf  BFA,GK,Lille,20,1996,4.0,93,71,22,8,0,8,2,0,0,0,0,0,41,4,48,7,63,0,0,10,60,2,4,0,0
245,Seybou Koita,ne  NIG,"FW,MF",Amiens,23,1994,2.4,57,55,2,0,0,3,1,2,0,0,0,0,39,8,10,7,44,2,0,3,39,0,2,2,3
246,Moussa Konaté,sn  SEN,FW,Amiens,24,1993,27.5,513,477,36,2,0,143,12,20,0,0,0,0,312,93,108,102,293,72,2,21,345,0,29,15,26
247,Bakary Koné,bf  BFA,DF,Strasbourg,29,1988,27.4,1035,1018,17,15,0,143,38,1,0,0,0,0,722,72,241,177,743,91,2,3,873,4,21,13,10
248,Terence Kongolo,nl  NED,DF,Monaco,23,1994,2.8,162,128,34,3,0,35,3,8,0,0,0,0,81,33,48,100,15,12,31,0,117,0,7,3,5
249,Christian Kouakou,ci  CIV,"MF,FW",Caen,26,1991,9.4,147,147,0,0,2,21,4,14,0,0,0,0,106,9,32,25,114,8,0,0,99,0,2,4,5
250,Rominigue Kouamé,ml  MLI,"DF,MF",Lille,20,1996,2.2,139,130,9,0,0,13,1,1,1,0,0,0,108,17,14,115,7,8,8,0,118,0,1,3,3
251,Tomáš Koubek,cz  CZE,GK,Rennes,24,1992,34.0,740,488,252,85,0,42,42,0,0,0,0,0,239,24,477,58,540,2,0,82,413,0,25,0,3
252,Jules Koundé,fr  FRA,DF,Bordeaux,18,1998,17.7,849,835,14,14,0,138,28,1,0,0,0,0,631,54,164,72,699,65,0,0,703,2,15,16,10
253,Vincent Koziello,fr  FRA,MF,Nice,21,1995,9.0,581,571,10,8,1,103,13,0,0,0,0,0,504,24,53,35,524,18,2,1,546,0,3,7,5
254,Rene Krhin,si  SVN,MF,Nantes,27,1990,14.6,511,503,8,8,1,84,13,1,0,0,0,0,361,44,106,24,405,68,0,0,427,1,6,10,7
255,Layvin Kurzawa,fr  FRA,DF,Paris S-G,24,1992,18.9,1072,955,117,8,1,128,8,36,0,0,0,0,806,141,125,815,84,44,109,3,897,7,23,28,23
256,Enock Kwateng,fr  FRA,DF,Nantes,20,1997,1.0,39,31,8,0,0,4,0,0,0,0,0,0,19,11,9,2,27,2,8,0,23,0,3,3,1
257,Brighton Labeau,fr  FRA,FW,Amiens,21,1996,0.3,3,2,1,0,0,1,0,0,0,0,0,0,3,0,0,2,1,0,0,0,3,0,0,0,0
258,Gaëtan Laborde,fr  FRA,FW,Bordeaux,23,1994,10.6,246,231,15,0,0,61,2,9,0,0,0,0,156,53,37,112,76,34,0,6,161,0,4,11,15
259,Léo Lacroix,ch  SUI,DF,Saint-Étienne,25,1992,8.6,349,345,4,4,0,31,15,0,0,0,0,0,259,26,64,71,239,31,0,1,294,1,4,5,4
260,Alban Lafont,fr  FRA,GK,Toulouse,18,1999,38.0,999,655,344,138,0,101,15,0,0,0,0,0,358,22,619,32,824,3,0,115,602,3,25,6,6
261,Kenny Lala,fr  FRA,DF,Strasbourg,25,1991,30.3,1703,1390,313,28,4,253,94,65,0,0,0,0,922,174,607,219,1160,33,285,1,1276,10,43,35,48
262,Ádám Lang,hu  HUN,DF,Dijon,24,1993,2.6,117,115,2,2,0,7,8,0,0,0,0,0,91,4,22,26,81,9,0,1,100,0,1,1,2
263,Paul Lasne,fr  FRA,MF,Montpellier,28,1989,34.0,1769,1731,38,18,5,325,84,40,2,0,0,0,1308,109,352,818,807,100,15,2,1412,9,52,48,32
264,Wesley Lautoa,nc  NCL,"DF,MF",Dijon,29,1987,6.9,299,292,7,6,0,49,7,0,0,0,0,0,224,21,54,200,78,19,1,0,246,0,6,5,9
265,Mickaël Le Bihan,fr  FRA,"FW,MF",Nice,27,1990,1.2,48,48,0,0,0,14,3,2,0,0,0,0,41,3,4,9,39,0,0,0,41,0,1,0,0
266,Maxime Le Marchand,fr  FRA,DF,Nice,27,1989,28.2,1912,1798,114,21,0,234,40,26,0,0,0,0,1483,148,281,1494,215,88,93,1,1666,2,22,27,28
267,James Lea Siliki,cm  CMR,MF,Rennes,21,1996,20.9,730,702,28,9,3,128,43,38,10,0,0,0,512,56,162,451,222,45,2,2,530,11,26,24,23
268,Benjamin Lecomte,fr  FRA,GK,Montpellier,26,1991,38.0,922,675,247,85,0,87,41,0,0,0,0,0,398,37,487,542,126,1,1,179,609,2,33,7,2
269,Pierre Lees-Melou,fr  FRA,"MF,FW",Nice,24,1993,32.1,1629,1554,75,12,2,283,76,55,60,0,0,0,1238,108,283,230,1348,41,3,2,1306,5,20,43,41
270,Thomas Lemar,fr  FRA,"MF,FW",Monaco,21,1995,26.4,1297,1139,158,51,5,232,68,114,78,0,0,0,907,85,305,1067,174,28,23,2,983,10,39,33,33
271,Dylan Lempereur,fr  FRA,DF,Metz,18,1998,1.6,53,37,16,1,0,5,1,1,0,0,0,0,20,9,24,24,5,9,15,0,33,0,3,1,2
272,Lukas Lerager,dk  DEN,MF,Bordeaux,24,1993,36.5,1626,1600,26,21,4,225,36,16,0,0,0,0,1168,139,319,130,1288,162,2,9,1247,9,25,44,47
273,Alexandre Letellier,fr  FRA,GK,Angers,26,1990,13.0,256,162,94,35,0,18,6,0,0,0,0,0,80,8,168,2,202,0,0,44,161,0,7,0,2
274,Igor Lewczuk,pl  POL,DF,Bordeaux,32,1985,4.9,185,168,17,1,0,29,3,10,0,0,0,0,120,20,45,9,132,28,16,0,143,0,6,6,3
275,Dimitri Liénard,fr  FRA,MF,Strasbourg,29,1988,28.9,1679,1423,256,107,1,309,150,113,125,0,0,0,993,93,593,1355,248,48,23,2,1210,13,55,28,48
276,Lucas Lima,br  BRA,"DF,FW",Nantes,25,1991,29.5,1516,1169,347,58,0,220,78,150,75,0,0,0,650,195,671,1053,132,103,214,4,957,12,49,47,67
277,Giovani Lo Celso,ar  ARG,MF,Paris S-G,21,1996,19.7,1549,1521,28,17,1,229,51,8,7,0,0,0,1288,111,150,1375,143,17,4,7,1387,5,9,27,30
278,Enzo Loiodice,fr  FRA,MF,Dijon,16,2000,1.9,97,97,0,0,0,16,3,0,0,0,0,0,76,4,17,78,13,5,0,0,80,0,3,1,2
279,Anthony Lopes,pt  POR,GK,Lyon,26,1990,34.0,811,633,178,54,0,70,27,0,0,0,0,0,475,45,291,591,72,3,1,113,632,3,15,0,0
280,Rony Lopes,pt  POR,"FW,MF",Monaco,21,1995,28.1,841,817,24,6,2,228,18,82,6,0,0,0,600,93,148,575,216,26,12,7,579,3,21,28,44
281,Maxime Lopez,fr  FRA,MF,Marseille,19,1997,15.3,1396,1345,51,20,1,163,34,34,22,0,0,0,1182,62,152,140,1220,26,8,0,1238,4,12,20,16
282,Arnaud Lusamba,fr  FRA,MF,Nice,20,1997,1.8,86,85,1,1,0,18,1,0,0,0,0,0,79,1,6,19,66,1,0,0,72,0,0,5,2
283,Cheikh M'Bengue,sn  SEN,DF,Saint-Étienne,29,1988,5.4,211,166,45,4,0,26,1,2,0,0,0,0,99,36,76,117,29,20,41,1,158,3,4,4,5
284,Raïs M'Bolhi,dz  ALG,GK,Rennes,31,1986,1.0,20,15,5,3,0,3,2,0,0,0,0,0,6,0,14,1,15,0,0,2,8,0,2,0,0
285,Yann M'Vila,fr  FRA,MF,Saint-Étienne,27,1990,16.4,1276,1257,19,16,0,162,56,4,0,0,0,0,1022,58,196,99,1124,39,3,4,1100,6,18,30,13
286,Zinédine Machach,fr  FRA,"FW,MF",Toulouse,21,1996,2.1,48,47,1,0,0,12,2,5,0,0,0,0,30,5,13,7,37,3,1,0,30,1,1,2,3
287,Hicham Mahou,fr  FRA,"FW,MF",Nice,18,1999,0.6,25,24,1,0,0,2,1,1,0,0,0,0,20,1,4,2,21,0,1,0,20,0,1,0,1
288,Thiago Maia,br  BRA,"MF,DF",Lille,20,1997,27.4,1718,1672,46,16,1,279,32,7,1,0,0,0,1362,118,238,1374,253,36,27,18,1449,5,28,38,31
289,Habib Maïga,ci  CIV,"MF,DF",Saint-Étienne,21,1996,7.9,369,350,19,0,1,71,11,14,2,0,0,0,273,27,69,48,285,15,16,1,278,4,11,12,10
290,Mike Maignan,fr  FRA,GK,Lille,21,1995,33.7,864,690,174,33,0,98,23,0,0,0,0,0,512,35,317,112,607,3,0,134,670,1,30,5,0
291,Jean-Victor Makengo,fr  FRA,"FW,MF",Nice,19,1998,2.7,106,106,0,0,0,19,4,4,0,0,0,0,94,4,8,76,28,0,0,0,95,0,2,0,1
292,Malcom,br  BRA,"FW,MF",Bordeaux,20,1997,31.7,1531,1344,187,75,8,247,68,88,98,0,0,0,1098,116,317,1263,200,37,13,11,1146,15,25,51,51
293,Kévin Malcuit,ma  MAR,DF,Lille,26,1991,20.2,1150,1028,122,7,1,136,22,57,0,0,0,0,830,104,216,66,925,40,115,0,900,2,32,37,30
294,Vincent Manceau,fr  FRA,DF,Angers,28,1989,33.0,1717,1333,384,25,2,225,28,54,1,0,0,0,927,235,555,160,1109,77,358,3,1285,7,48,72,57
295,Steve Mandanda,fr  FRA,GK,Marseille,32,1985,29.8,709,562,147,39,0,74,20,0,0,0,0,0,340,28,341,72,510,0,0,101,487,4,14,7,5
296,Georges Mandjeck,cm  CMR,"MF,DF",Metz,28,1988,10.7,442,438,4,2,0,65,14,2,0,0,0,0,273,50,119,41,315,71,1,0,342,1,14,13,8
297,Kader Mangane,sn  SEN,DF,Strasbourg,34,1983,19.1,704,690,14,13,0,62,31,4,0,0,0,0,405,37,262,42,561,87,1,2,504,2,33,9,6
298,Thomas Mangani,fr  FRA,MF,Angers,30,1987,33.6,2088,1845,243,131,7,315,90,92,86,0,0,0,1305,116,667,1633,332,98,11,5,1496,8,45,54,74
299,Harrison Manzala,cd  COD,"FW,MF",Amiens,23,1994,20.7,665,651,14,2,2,131,12,41,0,0,0,0,511,39,115,78,527,47,10,0,477,3,16,18,31
300,Myziane Maolida,fr  FRA,FW,Lyon,18,1999,3.7,137,132,5,0,2,22,1,6,0,0,0,0,114,11,12,23,103,6,3,1,108,0,1,5,8
301,Faitout Maouassa,fr  FRA,"MF,FW",Rennes,19,1998,10.7,264,250,14,4,0,60,8,18,6,0,0,0,187,26,51,205,43,10,4,1,186,1,9,8,13
302,Fernando Marçal,br  BRA,DF,Lyon,28,1989,14.4,986,865,121,8,0,161,13,23,0,0,0,0,665,132,189,744,61,52,113,2,808,6,21,21,22
303,Vincent Marcel,fr  FRA,FW,Nice,20,1997,0.5,18,18,0,0,0,0,0,0,0,0,0,0,15,1,2,11,5,1,0,1,15,0,0,1,1
304,Marcelo,br  BRA,DF,Lyon,30,1987,34.5,2221,2169,52,44,2,223,88,2,0,0,0,0,1702,115,404,129,1894,143,8,4,1906,5,40,19,18
305,Mariano,do  DOM,FW,Lyon,23,1993,27.9,468,440,28,0,5,97,7,7,0,0,0,0,333,64,71,45,366,39,4,4,339,3,9,16,17
306,Jordan Marié,fr  FRA,MF,Dijon,25,1991,20.9,921,911,10,4,2,124,44,8,0,0,0,0,684,78,159,81,771,60,4,2,753,4,22,20,16
307,Marlon,br  BRA,DF,Nice,21,1995,21.4,1363,1341,22,19,1,141,34,3,0,0,0,0,1213,60,90,109,1190,47,3,2,1273,1,17,14,3
308,Marquinhos,br  BRA,DF,Paris S-G,23,1994,25.1,1585,1567,18,14,0,141,39,0,0,0,0,0,1370,59,156,362,1144,48,4,12,1481,3,9,8,7
309,Jonas Martin,fr  FRA,"MF,FW",Strasbourg,27,1990,33.6,1713,1618,95,41,5,292,44,27,19,0,0,0,1365,110,238,202,1395,62,25,3,1434,6,34,33,37
310,Pablo Martinez,fr  FRA,DF,Strasbourg,28,1989,23.5,994,932,62,16,2,104,27,10,0,0,0,0,641,74,279,679,160,89,45,1,774,1,35,15,11
311,Jonathan Martins Pereira,fr  FRA,DF,Guingamp,31,1986,12.6,702,587,115,16,0,127,5,29,0,0,0,0,440,79,183,17,547,30,99,0,557,1,21,18,21
312,Christopher Martins,lu  LUX,MF,Lyon,20,1997,0.8,38,38,0,0,0,9,0,0,0,0,0,0,34,0,4,6,28,4,0,0,31,0,1,1,1
313,Eden Massouema,cg  CGO,MF,Dijon,20,1997,2.1,66,66,0,0,1,10,2,2,0,0,0,0,53,3,10,11,47,5,0,1,50,0,2,1,2
314,Blaise Matuidi,fr  FRA,MF,Paris S-G,30,1987,0.3,16,16,0,0,0,1,0,0,0,0,0,0,14,1,1,13,2,1,0,0,13,0,0,2,0
315,Adama Mbengue,sn  SEN,DF,Caen,23,1993,17.7,821,635,186,4,0,133,35,59,1,0,0,0,381,144,296,497,98,35,181,1,508,5,25,37,54
316,Isaac Mbenza,be  BEL,"FW,MF",Montpellier,21,1996,23.3,646,568,78,32,2,127,42,71,39,0,0,0,459,38,149,60,556,23,3,2,428,3,25,17,30
317,Bryan Mbeumo,fr  FRA,"FW,MF",Troyes,17,1999,0.7,24,23,1,0,0,6,0,1,0,0,0,0,15,3,6,13,5,3,0,0,13,0,1,0,2
318,Jordi Mboula,es  ESP,"MF,FW",Monaco,18,1999,0.3,12,12,0,0,0,0,1,3,0,0,0,0,6,1,5,5,7,0,0,0,4,0,0,1,2
319,Pedro Mendes,pt  POR,DF,Montpellier,26,1990,31.7,1407,1355,52,31,0,145,74,7,0,0,0,0,919,98,390,189,1042,133,21,6,1118,4,44,18,24
320,Thiago Mendes,br  BRA,MF,Lille,25,1992,25.5,1368,1303,65,19,9,270,46,18,22,0,0,0,1062,97,209,241,1056,32,24,5,1162,15,26,26,19
321,Stiven Mendoza,co  COL,"FW,MF",Amiens,25,1992,11.5,366,334,32,5,1,85,10,16,21,0,0,0,265,39,62,325,20,15,2,2,256,0,8,6,23
322,Alexandre Mendy,gw  GNB,"FW,MF",Bordeaux,23,1994,8.9,161,153,8,0,0,34,1,5,0,0,0,0,109,24,28,10,113,28,0,3,117,0,1,3,4
323,Ferland Mendy,fr  FRA,DF,Lyon,22,1995,23.6,1500,1333,167,5,5,193,24,46,1,0,0,0,1067,199,234,935,323,63,161,5,1275,5,24,43,38
324,Nampalys Mendy,sn  SEN,MF,Nice,25,1992,10.7,734,731,3,3,0,122,17,0,0,0,0,0,645,24,65,66,645,21,0,1,671,1,7,7,6
325,Hamza Mendyl,ma  MAR,"DF,MF",Lille,19,1997,9.5,401,334,67,2,0,54,7,26,0,0,0,0,244,53,104,278,38,16,65,1,307,1,5,11,16
326,Thomas Meunier,be  BEL,DF,Paris S-G,25,1991,17.5,1116,1002,114,6,0,146,17,74,1,0,0,0,764,162,190,121,824,50,107,3,907,2,15,30,34
327,Mexer,mz  MOZ,DF,Rennes,28,1988,13.3,507,494,13,12,0,60,28,4,0,0,0,0,357,27,123,56,400,34,1,0,412,2,14,6,8
328,Mathieu Michel,fr  FRA,GK,Angers,25,1991,6.6,137,89,48,14,0,18,5,0,0,0,0,0,40,5,92,2,102,0,0,29,86,0,8,0,0
329,Clément Michelin,fr  FRA,"DF,FW",Toulouse,20,1997,3.1,124,106,18,0,0,25,8,11,0,0,0,0,55,9,60,7,88,7,18,0,82,0,7,3,6
330,Danijel Milićević,ba  BIH,"MF,FW",Metz,31,1986,7.9,324,268,56,18,1,46,19,45,29,0,0,0,190,20,114,52,255,15,1,1,211,3,9,6,14
331,Kostas Mitroglou,gr  GRE,FW,Marseille,29,1988,9.8,132,129,3,0,0,30,1,1,0,0,0,0,88,22,22,68,37,20,0,3,96,0,3,2,6
332,Florent Mollet,fr  FRA,"MF,FW",Metz,25,1991,15.7,699,635,64,31,4,137,44,41,29,0,0,0,499,57,143,90,583,17,3,3,558,1,22,13,19
333,Thomas Monconduit,fr  FRA,MF,Amiens,26,1991,32.8,1440,1406,34,26,3,280,40,11,0,0,0,0,1044,102,294,248,1051,118,1,1,1128,3,36,49,22
334,Kévin Monnet-Paquet,fr  FRA,"FW,MF",Saint-Étienne,28,1988,19.6,667,659,8,0,1,176,4,32,0,0,0,0,559,40,68,108,507,27,8,3,504,1,8,27,42
335,Jérémy Morel,mg  MAD,DF,Lyon,33,1984,32.4,1925,1883,42,39,0,166,39,0,0,0,0,0,1546,97,282,1672,135,87,3,11,1719,3,29,20,23
336,Lebo Mothiba,za  RSA,FW,Lille,21,1996,13.1,300,278,22,0,1,60,0,3,0,0,0,0,236,40,24,31,229,26,0,9,244,3,6,14,5
337,Thiago Motta,it  ITA,MF,Paris S-G,34,1982,12.8,1302,1287,15,14,0,161,25,0,0,0,0,0,1145,77,80,1132,123,37,1,5,1215,1,10,18,13
338,François Moubandje,ch  SUI,DF,Toulouse,27,1990,18.9,869,703,166,12,0,149,22,27,0,0,0,0,405,128,336,519,116,64,154,1,607,2,35,17,42
339,Jessy Moulin,fr  FRA,GK,Saint-Étienne,31,1986,3.4,98,60,38,14,0,4,1,0,0,0,0,0,33,3,62,1,79,0,0,10,57,0,7,0,1
340,Lucas Moura,br  BRA,FW,Paris S-G,24,1992,0.8,45,39,6,1,1,10,0,5,4,0,0,0,35,3,7,8,32,4,1,0,39,0,0,2,0
341,João Moutinho,pt  POR,MF,Monaco,30,1986,31.1,1988,1805,183,108,8,350,61,73,68,0,0,0,1383,162,443,143,1709,113,6,8,1629,11,41,38,31
342,Samuel Moutoussamy,cd  COD,MF,Nantes,20,1996,4.8,144,132,12,0,0,24,5,2,0,0,0,0,97,14,33,99,20,13,12,0,120,0,5,6,1
343,Nordi Mukiele,fr  FRA,DF,Montpellier,19,1997,31.0,1714,1534,180,54,1,233,64,77,4,0,0,0,1071,177,466,157,1322,91,122,2,1272,7,43,49,59
344,Kévin N'Doram,fr  FRA,"MF,DF",Monaco,21,1996,8.0,427,415,12,12,0,87,15,0,0,0,0,0,331,41,55,36,360,25,0,1,371,0,10,13,0
345,Abdallah N'dour,sn  SEN,DF,Strasbourg,23,1993,2.8,125,106,19,0,0,20,4,8,0,0,0,0,61,18,46,80,20,6,19,0,86,0,5,5,6
346,Clinton N'Jie,cm  CMR,"FW,MF",Marseille,23,1993,9.7,210,191,19,0,2,24,4,11,4,0,0,0,155,23,32,10,181,11,7,0,160,2,1,10,6
347,Stanley N'Soki,fr  FRA,DF,Paris S-G,18,1999,0.3,16,16,0,0,0,2,0,0,0,0,0,0,16,0,0,11,5,0,0,0,16,0,0,0,0
348,Préjuce Nakoulma,bf  BFA,FW,Nantes,30,1987,12.8,335,324,11,1,0,73,5,4,0,0,0,0,253,39,43,40,255,27,1,3,258,1,6,12,15
349,Nathan,br  BRA,MF,Amiens,21,1996,0.1,4,3,1,0,0,0,1,0,1,0,0,0,2,1,1,0,4,0,0,0,4,0,0,0,0
350,Neymar,br  BRA,"FW,MF",Paris S-G,25,1992,20.0,1411,1285,126,39,11,301,29,58,68,0,0,0,1111,68,232,177,1201,13,18,1,1072,9,22,48,55
351,Yeni Ngbakoto,cd  COD,"FW,MF",Guingamp,25,1992,6.4,209,194,15,5,0,63,7,16,5,0,0,0,136,22,51,32,153,17,5,0,143,2,8,3,7
352,Santy Ngom,sn  SEN,"FW,MF",Nantes,24,1993,5.2,149,147,2,0,0,21,3,7,0,0,0,0,111,17,21,86,44,7,2,7,111,0,6,10,5
353,Guy Ngosso,cm  CMR,MF,Amiens,32,1985,6.8,334,330,4,3,0,45,14,0,0,0,0,0,234,33,67,56,250,22,1,0,279,1,8,9,2
354,Opa Nguette,sn  SEN,"FW,MF",Metz,23,1994,11.3,256,249,7,0,0,73,7,9,0,0,0,0,197,16,43,20,202,18,4,1,192,2,5,9,11
355,Moussa Niakhate,fr  FRA,DF,Metz,21,1996,34.5,1417,1360,57,31,2,211,56,8,0,0,0,0,994,57,366,1084,169,110,25,5,1104,2,49,29,24
356,Adama Niane,ml  MLI,FW,Troyes,24,1993,24.1,539,500,39,1,0,145,10,10,0,0,0,0,366,77,96,61,376,59,1,17,352,1,14,19,23
357,Ibrahima Niane,sn  SEN,"MF,FW",Metz,18,1999,9.4,267,263,4,0,0,56,7,15,0,0,0,0,182,30,55,27,198,32,1,2,193,2,3,7,9
358,Casimir Ninga,td  CHA,"FW,MF",Montpellier,24,1993,14.3,284,269,15,0,0,69,10,20,0,0,0,0,194,32,58,35,190,42,9,4,196,1,7,10,18
359,Benjamin Nivet,fr  FRA,"MF,FW",Troyes,40,1977,15.2,704,674,30,12,1,136,9,15,14,0,0,0,507,76,121,95,577,19,4,3,543,2,11,23,28
360,Jordan Nkololo,cd  COD,"MF,FW",Caen,24,1992,4.7,125,120,5,0,1,25,7,13,4,0,0,0,89,14,22,20,94,10,0,0,86,0,3,2,7
361,Christopher Nkunku,fr  FRA,"FW,MF",Paris S-G,19,1997,7.0,359,349,10,2,0,43,8,4,6,0,0,0,325,12,22,31,317,7,2,2,323,0,2,3,6
362,Vincent Nogueira,fr  FRA,MF,Strasbourg,29,1988,0.7,43,42,1,0,0,2,6,0,1,0,0,0,31,2,10,9,32,1,0,1,35,0,2,0,0
363,Paul-Georges Ntep,cm  CMR,"FW,MF",Saint-Étienne,25,1992,5.7,200,193,7,1,1,45,12,15,1,0,0,0,148,13,39,32,151,11,3,0,133,1,10,4,14
364,Gerzino Nyamsi,fr  FRA,DF,Rennes,20,1997,3.0,91,90,1,1,0,17,5,0,0,0,0,0,63,3,25,16,60,8,0,1,66,0,3,1,1
365,Johann Obiang,ga  GAB,DF,Troyes,24,1993,5.2,250,208,42,3,0,31,7,16,0,0,0,0,138,33,79,155,38,13,39,1,163,0,6,11,7
366,Lucas Ocampos,ar  ARG,"FW,MF",Marseille,23,1994,22.7,656,638,18,2,0,139,12,31,0,0,0,0,471,78,107,69,500,53,16,3,496,2,20,25,21
367,Prince Oniangué,cg  CGO,MF,Angers,28,1988,11.7,350,349,1,0,0,75,2,2,0,0,0,0,263,24,63,23,269,42,1,3,270,0,7,4,11
368,Otávio,br  BRA,MF,Bordeaux,23,1994,16.5,871,849,22,15,0,90,53,4,7,0,0,0,638,64,169,66,758,38,0,4,771,2,14,5,7
369,Alexandre Oukidja,dz  ALG,GK,Strasbourg,29,1988,16.2,401,234,167,65,0,29,13,0,0,0,0,0,100,13,288,35,301,1,0,44,209,2,17,0,2
370,Ambroise Oyongo,cm  CMR,MF,Montpellier,26,1991,2.2,100,81,19,2,0,27,5,10,0,0,0,0,56,11,33,63,15,5,17,0,67,1,5,2,6
371,Pablo,br  BRA,DF,Bordeaux,26,1991,14.3,647,641,6,6,1,78,42,0,0,0,0,0,467,47,133,141,429,59,0,5,542,0,28,5,8
372,Vincent Pajot,fr  FRA,MF,Saint-Étienne,26,1990,14.3,556,542,14,7,0,103,9,5,0,0,0,0,382,59,115,53,391,76,4,0,424,0,15,13,12
373,Nicolas Pallois,fr  FRA,DF,Nantes,29,1987,27.0,829,799,30,25,0,90,32,3,0,0,0,0,444,72,313,601,112,93,5,8,595,2,53,22,14
374,Julian Palmieri,fr  FRA,"DF,MF",Metz,30,1986,12.5,530,428,102,9,0,77,3,15,0,0,0,0,305,61,164,323,75,32,93,2,402,2,11,12,20
375,Javier Pastore,ar  ARG,"MF,FW",Paris S-G,28,1989,15.0,989,971,18,9,0,175,13,19,4,0,0,0,827,71,91,95,870,16,5,1,810,6,17,43,22
376,Mateo Pavlović,ba  BIH,DF,Angers,27,1990,21.8,875,859,16,14,0,89,16,2,1,0,0,0,621,78,176,108,645,99,1,1,726,2,15,9,9
377,Dimitri Payet,fr  FRA,"MF,FW",Marseille,30,1987,26.1,1617,1397,220,75,13,235,67,131,123,0,0,0,1122,83,412,173,1404,18,18,2,1198,8,34,43,42
378,Stef Peeters,be  BEL,MF,Caen,25,1992,12.3,546,442,104,40,1,79,31,37,57,0,0,0,316,44,186,445,70,25,1,4,346,6,17,24,33
379,Bryan Pelé,fr  FRA,"FW,MF",Troyes,25,1992,18.0,596,559,37,5,2,110,25,59,15,0,0,0,377,59,160,448,100,29,15,3,407,3,20,16,22
380,Yohann Pelé,fr  FRA,GK,Marseille,34,1982,8.2,184,137,47,12,0,17,2,0,0,0,0,0,90,6,88,18,136,0,0,26,136,0,4,1,0
381,Pietro Pellegri,it  ITA,"FW,MF",Monaco,16,2001,0.3,7,6,1,0,0,1,0,3,1,0,0,0,4,1,2,4,2,0,0,0,3,0,0,0,0
382,Théo Pellenard,fr  FRA,DF,Bordeaux,23,1994,15.9,854,737,117,7,2,113,25,39,0,0,0,0,516,108,230,567,127,48,110,0,625,3,19,22,36
383,Nicolas Pépé,ci  CIV,"FW,MF",Lille,22,1995,31.6,1022,967,55,17,2,214,25,50,10,0,0,0,785,71,166,803,156,38,13,3,804,2,12,32,35
384,Romain Perraud,fr  FRA,MF,Nice,19,1997,0.0,3,2,1,0,0,1,0,0,0,0,0,0,2,1,0,1,1,0,1,0,2,0,0,0,0
385,Loïc Perrin,fr  FRA,DF,Saint-Étienne,31,1985,27.4,1479,1449,30,28,3,181,25,2,0,0,0,0,1159,81,239,165,1187,95,2,2,1286,3,23,18,22
386,Chris Philipps,lu  LUX,"MF,DF",Metz,23,1994,9.4,424,422,2,2,0,98,18,2,0,0,0,0,284,43,97,49,332,38,0,3,326,0,10,8,12
387,Lebogang Phiri,za  RSA,MF,Guingamp,22,1994,11.5,634,615,19,10,0,94,21,4,7,0,0,0,529,29,76,90,507,33,2,0,560,2,8,9,6
388,Ronaël Pierre-Gabriel,fr  FRA,DF,Saint-Étienne,19,1998,13.0,602,498,104,4,2,76,6,16,1,0,0,0,406,74,122,46,431,21,99,1,481,4,11,16,14
389,Facundo Píriz,uy  URU,MF,Montpellier,27,1990,9.0,434,426,8,5,1,71,16,2,0,0,0,0,325,35,74,42,353,30,3,3,374,1,8,10,9
390,Jaroslav Plašil,cz  CZE,MF,Bordeaux,35,1982,11.6,632,618,14,11,3,123,14,5,2,0,0,0,492,46,94,243,353,32,0,3,551,1,7,9,10
391,Alassane Pléa,fr  FRA,FW,Nice,24,1993,33.8,1029,989,40,0,4,250,21,21,1,0,0,0,860,68,101,121,868,20,4,10,793,7,19,42,45
392,Morgan Poaty,cg  CGO,MF,Montpellier,20,1997,1.9,93,76,17,2,0,16,0,6,0,0,0,0,55,15,23,66,6,5,15,0,63,0,4,3,6
393,Gerónimo Poblete,ar  ARG,MF,Metz,24,1993,18.4,858,851,7,4,0,159,36,3,0,0,0,0,686,48,124,78,723,42,3,4,747,1,16,22,13
394,Florentin Pogba,gn  GUI,DF,Saint-Étienne,26,1990,3.6,152,136,16,5,0,20,6,8,0,0,0,0,94,18,40,115,14,11,11,0,115,0,5,2,2
395,Ezequiel Ponce,ar  ARG,FW,Lille,20,1997,12.2,262,240,22,2,0,49,7,3,0,0,0,0,178,30,54,31,170,33,2,11,195,0,3,12,5
396,Jérémie Porsan-Clémenté,fr  FRA,MF,Montpellier,19,1997,1.0,38,28,10,0,0,10,2,4,0,0,0,0,18,10,10,2,23,2,10,0,21,0,4,1,2
397,Maxime Poundjé,fr  FRA,DF,Bordeaux,24,1992,18.9,949,773,176,6,0,122,19,51,1,0,0,0,519,163,267,599,115,50,169,2,698,2,33,21,43
398,Sanjin Prcić,ba  BIH,MF,Rennes,23,1993,17.4,916,901,15,13,0,173,53,6,0,0,0,0,712,56,148,92,778,39,0,4,788,4,21,22,9
399,Jérôme Prior,fr  FRA,GK,Bordeaux,21,1995,2.0,25,20,5,0,0,0,0,0,0,0,0,0,9,0,16,21,2,0,0,2,14,0,0,0,0
400,Sloan Privat,fr  FRA,FW,Guingamp,28,1989,0.0,1,1,0,0,0,0,0,0,0,0,0,0,1,0,0,0,1,0,0,0,1,0,0,0,0
401,Loïc Puyo,fr  FRA,MF,Angers,28,1988,1.9,111,107,4,2,0,15,9,4,2,0,0,0,64,6,41,91,16,4,0,0,80,0,4,1,5
402,Adrien Rabiot,fr  FRA,MF,Paris S-G,22,1995,26.3,2168,2148,20,11,4,343,33,15,0,0,0,0,1908,106,154,1765,308,66,9,6,1978,4,22,50,29
403,Rafael,br  BRA,DF,Lyon,27,1990,20.1,1209,1037,172,4,1,103,17,56,0,0,0,0,770,169,270,67,899,62,168,3,962,3,25,37,33
404,Andrea Raggi,it  ITA,DF,Monaco,33,1984,17.8,742,628,114,12,0,85,11,19,0,0,0,0,433,65,244,102,491,45,102,1,542,2,18,12,21
405,Adil Rami,fr  FRA,DF,Marseille,31,1985,32.8,1870,1822,48,46,0,198,95,2,0,0,0,0,1367,102,401,178,1480,171,1,7,1583,4,52,18,19
406,Pedro Rebocho,pt  POR,DF,Guingamp,22,1995,19.1,986,821,165,9,2,217,14,46,3,0,0,0,591,118,277,642,124,58,153,3,747,7,26,22,42
407,Jeff Reine-Adélaïde,fr  FRA,"MF,FW",Angers,19,1998,4.9,161,155,6,2,1,41,1,2,0,0,0,0,137,10,14,10,136,7,4,1,129,0,0,4,3
408,Jan Repas,si  SVN,"MF,FW",Caen,20,1997,10.0,237,225,12,0,0,56,6,9,0,0,0,0,164,20,53,57,149,23,5,1,160,1,7,9,12
409,Baptiste Reynet,fr  FRA,GK,Dijon,26,1990,38.0,1335,1042,293,111,0,165,59,0,0,0,0,0,611,57,667,126,979,3,0,171,953,5,44,1,0
410,Emmanuel Rivière,fr  FRA,FW,Metz,27,1990,22.3,596,569,27,1,1,148,2,8,0,0,0,0,363,120,113,45,410,80,0,30,423,1,12,21,14
411,Jonathan Rivierez,fr  FRA,DF,Metz,28,1989,22.9,947,761,186,11,0,128,17,21,0,0,0,0,528,109,310,51,663,49,175,6,708,2,22,26,30
412,Ronny Rodelin,fr  FRA,"FW,MF",Caen,27,1989,35.1,1337,1301,36,1,5,266,70,61,0,0,0,0,850,147,340,161,941,174,8,7,914,12,30,53,50
413,Rolando,pt  POR,DF,Marseille,31,1985,27.9,1327,1305,22,20,0,127,50,2,0,0,0,0,1010,71,246,234,981,89,2,5,1156,2,31,9,9
414,Valentin Rongier,fr  FRA,"MF,FW",Nantes,22,1994,26.1,1305,1271,34,12,1,241,31,14,0,0,0,0,1071,90,144,221,1005,68,2,7,1114,7,16,41,14
415,Valentin Rosier,fr  FRA,DF,Dijon,20,1996,30.9,1422,1158,264,7,3,192,28,46,0,0,0,0,842,176,404,85,982,78,257,2,1092,3,43,26,39
416,Jérôme Roussillon,fr  FRA,"DF,MF",Montpellier,24,1993,20.9,976,784,192,18,2,119,25,69,12,0,0,0,542,140,294,646,113,45,161,4,723,3,28,24,39
417,Nolan Roux,fr  FRA,"FW,MF",Metz,29,1988,31.5,772,755,17,1,2,161,28,23,0,0,0,0,501,101,170,28,601,108,3,10,527,3,19,36,31
418,Stéphane Ruffier,fr  FRA,GK,Saint-Étienne,30,1986,34.6,888,675,213,62,0,112,21,0,0,0,0,0,381,24,483,25,749,1,0,90,567,0,23,2,7
419,Vincent Rüfli,ch  SUI,"MF,FW",Dijon,29,1988,0.3,14,9,5,0,0,3,0,0,0,0,0,0,6,3,5,2,7,0,5,0,11,0,0,0,0
420,Idriss Saadi,dz  ALG,FW,Strasbourg,25,1992,10.4,196,176,20,0,1,35,2,17,1,0,0,0,128,23,45,18,150,24,1,1,120,1,13,9,10
421,Youssouf Sabaly,sn  SEN,DF,Bordeaux,24,1993,34.4,2013,1668,345,15,4,308,29,88,1,0,0,0,1218,345,450,346,1223,94,329,6,1578,4,39,56,78
422,Adrián Sahibeddine,fr  FRA,"FW,MF",Dijon,22,1994,0.2,6,6,0,0,1,2,0,0,0,0,0,0,4,0,2,0,4,2,0,0,5,0,0,0,1
423,Wesley Saïd,fr  FRA,"FW,MF",Dijon,22,1995,20.4,496,471,25,3,0,82,7,17,1,0,0,0,374,51,71,99,362,27,5,3,365,1,18,13,13
424,Hiroki Sakai,jp  JPN,DF,Marseille,27,1990,28.0,1502,1265,237,4,2,213,14,36,0,0,0,0,966,153,383,133,1002,100,233,2,1197,2,27,34,43
425,Diafra Sakho,sn  SEN,FW,Rennes,27,1989,8.7,140,134,6,0,0,40,1,3,0,0,0,0,80,27,33,10,94,23,1,9,98,2,2,7,7
426,Emiliano Sala,ar  ARG,FW,Nantes,26,1990,33.7,818,795,23,0,2,183,4,11,0,0,0,0,510,143,165,47,572,123,0,45,513,9,27,38,37
427,Yannis Salibur,fr  FRA,"FW,MF",Guingamp,26,1991,16.9,617,568,49,12,3,115,15,41,29,0,0,0,477,29,111,429,154,20,6,3,469,3,13,12,26
428,Yoann Salmier,gf  GUF,DF,Strasbourg,24,1992,12.3,538,534,4,2,1,53,13,0,0,0,0,0,413,22,103,66,431,35,2,1,449,1,15,3,5
429,Mamadou Samassa,ml  MLI,GK,Troyes,27,1990,21.0,499,305,194,75,0,30,11,0,0,0,0,0,164,18,317,40,352,0,0,75,265,4,11,1,1
430,Brice Samba,cg  CGO,GK,Caen,23,1994,3.5,87,55,32,8,0,14,3,0,0,0,0,0,26,2,59,69,6,0,0,10,51,0,3,0,1
431,Junior Sambia,fr  FRA,"MF,FW",Montpellier,20,1996,17.1,787,685,102,27,4,157,42,47,51,0,0,0,545,52,190,153,562,27,24,4,607,4,14,23,17
432,Frédéric Sammaritano,fr  FRA,"FW,MF",Dijon,31,1986,15.9,599,582,17,8,0,105,20,30,6,0,0,0,437,57,105,102,466,20,3,7,457,3,10,17,27
433,Ibrahim Sangaré,ci  CIV,MF,Toulouse,19,1997,17.7,835,815,20,11,2,184,32,12,1,0,0,0,560,74,201,35,713,63,5,5,621,0,28,16,17
434,Younousse Sankharé,sn  SEN,MF,Bordeaux,27,1989,20.9,879,864,15,11,3,136,9,6,0,0,0,0,739,68,72,717,96,48,4,9,751,6,10,21,10
435,Baissama Sankoh,gn  GUI,"MF,DF",Caen,25,1992,17.1,546,540,6,3,1,100,9,2,0,0,0,0,386,43,117,30,422,68,2,5,432,0,20,11,8
436,Yaya Sanogo,fr  FRA,FW,Toulouse,24,1993,16.8,302,294,8,0,0,100,5,6,0,0,0,0,154,59,89,44,157,70,0,6,170,0,7,17,21
437,Morgan Sanson,fr  FRA,MF,Marseille,22,1994,24.1,1051,1025,26,9,8,211,43,53,7,0,0,0,757,83,211,178,807,46,9,5,817,7,13,26,27
438,Baptiste Santamaria,fr  FRA,MF,Angers,22,1995,28.8,1169,1168,1,0,3,174,48,14,0,0,0,0,838,76,255,146,908,92,1,3,936,3,31,24,18
439,Ivan Santini,hr  CRO,FW,Caen,28,1989,30.8,689,680,9,0,2,137,1,4,0,0,0,0,382,137,170,125,342,155,1,26,447,1,19,22,15
440,Yusuf Sari,tr  TUR,FW,Marseille,18,1998,0.0,0,0,0,0,0,0,0,0,0,0,0,0,0,0,0,0,0,0,0,0,0,0,0,0,0
441,Bouna Sarr,gn  GUI,"DF,FW",Marseille,25,1992,19.9,1289,1139,150,8,3,157,19,65,9,0,0,0,935,145,209,97,1006,28,133,3,1083,0,26,24,32
442,Ismaila Sarr,sn  SEN,"FW,MF",Rennes,19,1998,20.6,431,424,7,1,2,118,4,42,0,0,0,0,341,40,50,46,357,13,4,3,324,1,9,21,20
443,Malang Sarr,fr  FRA,DF,Nice,18,1999,14.7,1056,1018,38,13,0,122,44,6,0,0,0,0,869,44,143,838,151,28,25,2,933,0,13,22,17
444,Ernest Seka,gn  GUI,DF,Strasbourg,30,1987,24.2,1298,1106,192,7,0,159,14,20,0,0,0,0,773,170,355,263,718,114,185,3,989,2,42,42,31
445,Vahid Selimović,lu  LUX,DF,Metz,20,1997,11.7,470,449,21,10,0,66,15,0,1,0,0,0,339,33,98,57,369,29,10,1,369,1,11,6,11
446,Ole Selnæs,no  NOR,MF,Saint-Étienne,23,1994,22.9,1224,1185,39,24,5,180,50,11,14,0,0,0,886,89,249,964,173,75,1,3,996,7,20,27,17
447,Jean Seri,ci  CIV,MF,Nice,26,1991,29.1,2667,2529,138,64,3,461,88,48,70,0,0,0,2247,125,295,329,2276,48,3,2,2374,6,26,47,26
448,Julien Serrano,fr  FRA,DF,Monaco,19,1998,3.1,164,139,25,2,0,15,1,15,0,0,0,0,88,9,67,107,23,10,23,0,103,0,7,1,8
449,Grégory Sertic,fr  FRA,"DF,MF",Marseille,27,1989,3.9,192,188,4,4,0,22,3,0,0,0,0,0,144,11,37,15,163,13,0,1,168,1,3,1,5
450,Stéphane Sessègnon,bj  BEN,MF,Montpellier,33,1984,10.9,490,442,48,20,0,73,17,11,19,0,0,0,353,31,106,18,438,17,7,7,378,2,10,18,19
451,Djibril Sidibé,fr  FRA,DF,Monaco,25,1992,23.9,1647,1426,221,20,4,243,33,48,1,0,0,0,1132,219,296,248,1102,75,199,3,1372,2,36,34,44
452,Kolbeinn Sigþórsson,is  ISL,FW,Nantes,27,1990,0.3,8,8,0,0,0,1,0,0,0,0,0,0,4,2,2,1,4,1,0,1,5,0,0,0,1
453,Gabriel Silva,br  BRA,DF,Saint-Étienne,26,1991,23.1,1059,853,206,11,0,195,25,37,0,0,0,0,629,139,291,569,240,43,195,1,819,4,19,23,41
454,Thiago Silva,br  BRA,DF,Paris S-G,32,1984,23.5,1676,1646,30,28,0,159,29,2,0,0,0,0,1440,88,148,191,1397,61,2,7,1583,6,14,11,8
455,Giovanni Sio,ci  CIV,FW,Montpellier,28,1989,24.4,613,584,29,1,0,167,12,30,0,0,0,0,397,92,124,406,89,72,3,21,410,1,13,29,28
456,Ellyes Skhiri,tn  TUN,MF,Montpellier,22,1995,33.9,1586,1565,21,16,1,252,64,10,0,0,0,0,1204,105,277,185,1277,100,3,6,1341,4,29,36,31
457,Naïm Sliti,tn  TUN,"FW,MF",Dijon,25,1992,25.5,903,771,132,53,9,149,41,46,67,0,0,0,624,81,198,108,756,23,6,5,616,11,19,44,38
458,Wesley Sneijder,nl  NED,"MF,FW",Nice,33,1984,4.4,301,278,23,9,0,65,16,11,11,0,0,0,222,19,60,53,237,5,2,4,232,2,5,8,6
459,Somália,br  BRA,"MF,FW",Toulouse,28,1988,22.2,631,610,21,0,0,156,8,28,2,0,0,0,449,69,113,112,426,61,18,3,467,3,20,16,22
460,Jérémy Sorbon,fr  FRA,DF,Guingamp,33,1983,29.0,1088,1052,36,35,0,137,35,0,0,0,0,0,820,57,211,130,860,82,1,4,923,5,34,13,4
461,Rayan Souici,fr  FRA,FW,Saint-Étienne,19,1998,0.1,5,5,0,0,0,0,0,0,0,0,0,0,5,0,0,0,5,0,0,0,5,0,0,0,0
462,Adama Soumaoro,fr  FRA,DF,Lille,25,1992,13.2,563,551,12,9,0,77,3,0,0,0,0,0,478,28,57,77,440,28,3,5,511,2,10,6,2
463,Boubakary Soumaré,fr  FRA,MF,Lille,18,1999,5.7,346,346,0,0,0,65,2,0,0,0,0,0,304,17,25,59,266,15,0,0,292,1,6,7,7
464,Arnaud Souquet,fr  FRA,DF,Nice,25,1992,26.8,1581,1400,181,15,0,224,24,47,0,0,0,0,1172,170,239,128,1212,61,166,5,1346,1,28,32,42
465,Bassem Srarfi,tn  TUN,"FW,MF",Nice,20,1997,9.7,372,368,4,2,0,92,7,9,1,0,0,0,304,31,37,285,70,15,0,0,303,0,8,7,14
466,Timo Stavitski,fi  FIN,FW,Caen,18,1999,4.5,133,132,1,0,1,35,2,16,0,0,0,0,90,15,28,16,102,12,1,0,86,0,6,3,8
467,Mariusz Stępiński,pl  POL,FW,Nantes,22,1995,0.0,2,2,0,0,0,1,0,0,0,0,0,0,1,0,1,0,1,1,0,0,1,0,1,0,0
468,Danijel Subašić,hr  CRO,GK,Monaco,32,1984,32.7,643,450,193,53,0,89,23,0,0,0,0,0,256,24,363,49,477,0,0,86,400,0,13,2,3
469,Neven Subotić,rs  SRB,DF,Saint-Étienne,28,1988,16.0,831,825,6,6,3,117,29,2,0,0,0,0,643,38,150,145,621,50,0,1,704,0,12,8,7
470,Gilles Sunu,tg  TOG,"MF,FW",Angers,26,1991,7.3,262,253,9,2,2,60,4,12,0,0,0,0,191,28,43,36,197,19,5,2,203,1,3,7,11
471,Seydou Sy,sn  SEN,GK,Monaco,21,1995,2.8,75,42,33,6,0,6,0,0,0,0,0,0,22,1,52,1,61,0,0,9,42,0,1,0,1
472,Issiaga Sylla,gn  GUI,"DF,MF",Toulouse,23,1994,17.8,848,723,125,10,0,158,25,59,1,0,0,0,460,128,260,539,99,69,113,2,593,5,27,28,34
473,Moussa Sylla,fr  FRA,FW,Monaco,17,1999,3.4,68,64,4,0,1,13,0,2,0,0,0,0,39,11,18,10,37,16,1,0,39,0,0,3,4
474,Alexander Søderlund,no  NOR,"FW,MF",Saint-Étienne,29,1987,4.0,68,66,2,0,0,15,0,1,0,0,0,0,45,9,14,9,40,12,0,4,51,0,2,3,3
475,Franck Tabanou,fr  FRA,DF,Guingamp,28,1989,11.6,594,471,123,12,1,85,22,38,2,0,0,0,291,78,225,400,42,36,109,0,430,4,20,16,20
476,Ervin Taha,fr  FRA,"MF,FW",Bordeaux,18,1999,0.4,15,15,0,0,0,0,0,0,0,0,0,0,10,2,3,0,13,2,0,0,12,0,0,1,1
477,Mehdi Tahrat,dz  ALG,MF,Angers,27,1990,4.9,226,226,0,0,0,37,4,0,0,0,0,0,140,12,74,38,141,36,0,2,160,0,7,7,4
478,Flavien Tait,fr  FRA,"MF,FW",Angers,24,1993,24.9,981,912,69,14,5,204,31,52,37,0,0,0,708,65,208,101,836,22,15,7,702,4,20,43,53
479,Adrien Tameze,cm  CMR,MF,Nice,23,1994,18.7,1294,1280,14,10,1,207,27,6,1,0,0,0,1150,52,92,124,1128,29,3,3,1172,3,11,20,20
480,Oussama Tannane,ma  MAR,"FW,MF",Saint-Étienne,23,1994,2.3,99,89,10,4,1,12,3,8,4,0,0,0,74,10,15,71,23,1,2,2,69,0,1,6,6
481,Ciprian Tătărușanu,ro  ROU,GK,Nantes,31,1986,37.0,864,582,282,75,0,87,16,1,0,0,0,0,321,33,510,109,599,2,0,122,507,3,35,3,5
482,Júlio Tavares,cv  CPV,FW,Dijon,28,1988,22.8,521,493,28,0,0,137,5,12,0,0,0,0,235,157,129,74,220,129,7,29,320,2,10,17,21
483,Jordan Tell,fr  FRA,"FW,DF",Rennes,20,1997,1.3,30,28,2,0,0,6,2,0,0,0,0,0,23,4,3,9,17,2,1,0,23,0,0,2,1
484,Martin Terrier,fr  FRA,"FW,MF",Strasbourg,20,1997,18.6,489,478,11,1,1,105,12,20,3,0,0,0,330,54,105,45,375,42,4,4,363,3,8,15,12
485,Kenny Tete,nl  NED,DF,Lyon,21,1995,17.9,1036,887,149,5,2,192,18,51,0,0,0,0,659,124,253,37,802,46,144,2,814,1,26,21,33
486,Florian Thauvin,fr  FRA,"FW,MF",Marseille,24,1993,32.8,1815,1676,139,35,10,294,65,144,67,0,0,0,1282,152,381,1476,295,21,17,4,1311,10,60,55,88
487,Kévin Théophile-Catherine,fr  FRA,DF,Saint-Étienne,27,1989,24.1,1107,1073,34,15,2,105,30,2,0,0,0,0,810,45,252,114,905,58,19,1,898,5,16,22,13
488,Vincent Thill,lu  LUX,"MF,FW",Metz,17,2000,0.3,15,14,1,1,0,7,0,0,0,0,0,0,14,0,1,15,0,0,0,0,14,0,0,0,0
489,Romain Thomas,fr  FRA,DF,Angers,29,1988,27.4,1205,1180,25,25,0,127,32,1,0,0,0,0,792,42,371,927,118,142,0,1,957,5,28,11,8
490,Adrien Thomasson,fr  FRA,"MF,FW",Nantes,23,1993,28.7,1316,1292,24,7,1,294,19,51,2,0,0,0,1023,115,178,230,1005,58,13,7,1007,7,34,53,42
491,Marcus Thuram,fr  FRA,FW,Guingamp,19,1997,21.5,509,483,26,3,3,143,2,27,0,0,0,0,360,62,87,90,329,54,3,10,335,7,12,23,20
492,Youri Tielemans,be  BEL,MF,Monaco,20,1997,17.4,845,826,19,10,4,196,28,11,3,0,0,0,628,64,153,131,639,53,5,2,660,3,22,33,23
493,Jonathan Tinhan,bj  BEN,"FW,MF",Troyes,28,1989,0.8,23,23,0,0,0,3,0,0,0,0,0,0,15,3,5,3,14,5,0,1,12,0,4,1,4
494,Ola Toivonen,se  SWE,"FW,MF",Toulouse,31,1986,8.9,319,306,13,1,1,69,10,7,1,0,0,0,180,60,79,24,220,43,4,12,229,3,9,9,10
495,Karl Toko Ekambi,cm  CMR,"FW,MF",Angers,24,1992,33.8,907,864,43,2,4,202,27,34,0,0,0,0,719,74,114,72,759,49,10,13,690,1,15,34,44
496,Jérémy Toulalan,fr  FRA,DF,Bordeaux,33,1983,21.0,1031,1013,18,18,3,85,36,2,0,0,0,0,734,57,240,140,803,76,0,4,848,4,13,16,9
497,Abdoulaye Touré,fr  FRA,MF,Nantes,23,1994,31.2,1367,1354,13,10,1,224,50,16,0,0,0,0,994,99,274,287,934,110,2,7,1070,3,48,40,30
498,Almamy Touré,ml  MLI,DF,Monaco,21,1996,13.9,633,517,116,4,0,102,6,34,0,0,0,0,310,100,223,48,414,45,112,2,446,5,15,13,23
499,Lucas Tousart,fr  FRA,MF,Lyon,20,1997,34.8,1538,1523,15,13,2,195,35,3,0,0,0,0,1214,97,227,158,1209,128,2,4,1315,4,17,22,28
500,Adama Traoré,ml  MLI,"MF,FW",Monaco,22,1995,2.1,76,72,4,0,0,9,2,0,3,0,0,0,59,12,5,62,9,5,0,0,63,0,3,3,1
501,Bertrand Traoré,bf  BFA,FW,Lyon,21,1995,25.4,1039,1025,14,5,4,175,22,37,0,0,0,0,849,93,97,913,70,28,9,6,831,4,15,36,23
502,Charles Traore,ml  MLI,DF,Troyes,25,1992,33.3,1706,1395,311,14,2,273,38,55,1,0,0,0,962,245,499,1041,238,110,296,4,1235,8,62,45,62
503,Hamari Traoré,ml  MLI,DF,Rennes,25,1992,29.3,1698,1421,277,20,0,205,41,51,4,0,0,0,1020,170,508,148,1180,96,253,4,1279,6,54,46,51
504,Ismaël Traoré,ci  CIV,DF,Angers,30,1986,31.7,1116,1103,13,13,0,165,21,1,0,0,0,0,824,49,243,142,872,85,0,6,911,3,14,12,24
505,Lacina Traoré,ci  CIV,FW,Amiens,27,1990,8.7,212,207,5,0,0,70,3,5,0,0,0,0,85,49,78,97,21,63,0,1,114,0,7,7,11
506,Kevin Trapp,de  GER,GK,Paris S-G,27,1990,4.0,60,53,7,2,0,7,2,0,0,0,0,0,45,7,8,10,39,0,0,11,55,0,2,0,1
507,Matthieu Udol,fr  FRA,DF,Metz,21,1996,4.0,175,146,29,0,0,24,2,9,0,0,0,0,99,17,59,106,23,16,29,1,126,1,8,2,6
508,Valentín Vada,ar  ARG,"MF,FW",Bordeaux,21,1996,9.6,577,531,46,14,3,84,26,17,23,0,0,0,467,33,77,59,496,15,5,2,469,0,12,23,9
509,Cédric Varrault,fr  FRA,DF,Dijon,37,1980,9.8,457,445,12,11,0,71,11,0,0,0,0,0,324,30,103,21,375,49,1,2,369,0,13,9,5
510,Rémy Vercoutre,fr  FRA,GK,Caen,37,1980,34.5,888,557,331,155,0,102,32,0,0,0,0,0,185,26,677,28,750,0,0,75,510,2,28,6,2
511,Olivier Verdon,bj  BEN,DF,Bordeaux,21,1995,0.1,2,2,0,0,0,0,0,0,0,0,0,0,0,0,2,0,2,0,0,0,0,0,1,0,0
512,Marco Verratti,it  ITA,MF,Paris S-G,24,1992,19.1,1991,1946,45,34,3,328,27,4,2,0,0,0,1684,79,228,168,1782,28,9,1,1796,10,14,41,27
513,Oswaldo Vizcarrondo,ve  VEN,DF,Troyes,33,1984,19.1,798,782,16,15,1,108,50,0,0,0,0,0,548,49,201,64,617,96,1,4,632,6,27,6,10
514,Anthony Walongwa,cd  COD,DF,Nantes,23,1993,1.0,26,26,0,0,0,1,0,0,0,0,0,0,10,1,15,3,16,6,0,0,17,0,2,0,0
515,Timothy Weah,us  USA,FW,Paris S-G,17,2000,1.4,18,17,1,0,0,7,0,2,0,0,0,0,17,0,1,6,12,0,0,0,15,0,0,1,2
516,Steeve Yago,bf  BFA,DF,Toulouse,24,1992,17.5,697,522,175,15,1,109,10,13,3,0,0,0,358,121,218,55,435,40,157,3,535,2,19,17,25
517,Cédric Yamberé,cf  CTA,DF,Dijon,26,1990,31.5,1335,1294,41,36,0,179,60,4,1,0,0,0,892,112,331,92,1101,125,4,2,1077,1,42,10,19
518,Mapou Yanga-Mbiwa,fr  FRA,DF,Lyon,28,1989,1.4,103,100,3,1,0,5,3,0,0,0,0,0,92,2,9,14,85,2,2,0,96,0,2,1,0
519,Zaydou Youssouf,fr  FRA,FW,Bordeaux,18,1999,1.5,52,48,4,1,0,13,2,1,0,0,0,0,37,8,7,39,4,4,3,1,36,0,2,1,0
520,Andre-Frank Zambo Anguissa,cm  CMR,MF,Marseille,21,1995,27.1,1780,1762,18,13,1,338,17,10,0,0,0,0,1503,82,195,152,1508,71,5,8,1546,5,24,36,29
521,Mehdi Zeffane,dz  ALG,"DF,FW",Rennes,25,1992,11.0,561,485,76,4,0,79,13,16,0,0,0,0,368,58,135,122,339,26,72,0,430,3,15,13,13
522,Erwin Zelazny,fr  FRA,GK,Troyes,25,1991,17.0,522,325,197,71,0,53,20,0,0,0,0,0,157,17,348,420,31,2,0,50,293,1,13,1,0
523,Kévin Zohi,ml  MLI,MF,Strasbourg,20,1996,0.0,0,0,0,0,0,0,0,0,0,0,0,0,0,0,0,0,0,0,0,0,0,0,0,0,0
524,Bongani Zungu,za  RSA,MF,Amiens,24,1992,23.2,1083,1067,16,14,1,195,47,6,0,0,0,0,788,81,214,51,918,88,2,9,896,3,25,26,15
