,Player,Nation,Pos,Squad,Age,Born,90s,Att,Live_Pass Types,Dead_Pass Types,FK_Pass Types,TB_Pass Types,Press_Pass Types,Sw_Pass Types,Crs_Pass Types,CK_Pass Types,In_Corner Kicks,Out_Corner Kicks,Str_Corner Kicks,Ground_Height,Low_Height,High_Height,Left_Body Parts,Right_Body Parts,Head_Body Parts,TI_Body Parts,Other_Body Parts,Cmp,Off_Outcomes,Out_Outcomes,Int_Outcomes,Blocks_Outcomes
0,Issah Abbas,gh  GHA,"DF,FW",Mainz 05,22-176,1998,0.2,15,12,3,0,0,0,0,0,0,0,0,0,10,4,1,0,12,0,3,0,13,0,0,0,0
1,David Abraham,ar  ARG,DF,Eint Frankfurt,34-249,1986,13.6,689,632,57,17,1,75,23,8,0,0,0,0,433,93,163,68,500,54,40,1,564,3,7,5,10
2,Amir Abrashi,al  ALB,MF,Freiburg,30-359,1990,0.7,22,22,0,0,0,9,0,0,0,0,0,0,19,2,1,1,20,0,0,0,18,0,0,1,0
3,Ragnar Ache,de  GER,"FW,MF",Eint Frankfurt,22-236,1998,0.9,22,22,0,0,0,10,0,0,0,0,0,0,9,8,5,3,7,4,0,0,12,0,0,0,1
4,Tyler Adams,us  USA,"DF,MF",RB Leipzig,22-035,1999,16.7,1068,987,81,19,0,148,6,10,0,0,0,0,773,149,146,113,818,47,62,7,907,1,7,23,22
5,Sargis Adamyan,am  ARM,"FW,MF",Hoffenheim,27-302,1993,1.9,54,53,1,0,0,11,1,2,0,0,0,0,29,15,10,6,39,7,0,0,35,0,1,3,6
6,Felix Agu,de  GER,DF,Werder Bremen,21-175,1999,6.9,265,204,61,1,0,36,3,10,0,0,0,0,155,54,56,41,149,12,60,0,194,0,5,14,10
7,Naouirou Ahamada,fr  FRA,MF,Stuttgart,18-357,2002,1.5,33,33,0,0,0,11,0,1,0,0,0,0,28,3,2,3,29,1,0,0,29,0,0,0,1
8,Manuel Akanji,ch  SUI,DF,Dortmund,25-245,1995,18.4,1611,1569,42,29,1,112,46,0,0,0,0,0,1386,106,119,361,1163,53,13,3,1498,4,13,16,10
9,Kevin Akpoguma,ng  NGA,DF,Hoffenheim,25-336,1995,10.5,525,475,50,27,0,50,9,6,0,0,0,0,390,41,94,72,400,20,23,0,424,1,19,6,6
10,David Alaba,at  AUT,DF,Bayern Munich,28-270,1992,23.1,1786,1708,78,42,4,114,36,19,1,0,1,0,1371,133,282,1483,201,56,35,2,1531,10,17,24,30
11,Lucas Alario,ar  ARG,FW,Leverkusen,28-164,1992,11.7,251,238,13,1,0,67,1,0,0,0,0,0,152,63,36,31,176,16,0,12,189,0,1,7,9
12,Omar Alderete,py  PAR,DF,Hertha BSC,24-085,1996,11.4,700,681,19,19,0,50,17,1,0,0,0,0,499,37,164,618,40,29,0,2,571,4,7,13,8
13,Nadiem Amiri,de  GER,MF,Leverkusen,24-145,1996,17.1,937,863,74,29,2,153,19,19,36,12,15,0,682,116,139,124,788,10,6,5,785,3,3,24,18
14,Sebastian Andersson,se  SWE,FW,Köln,29-249,1991,8.2,177,163,14,0,0,65,1,2,0,0,0,0,86,45,46,14,95,17,0,15,128,1,3,3,7
15,Robert Andrich,de  GER,MF,Union Berlin,26-180,1994,22.1,1076,1053,23,19,2,177,22,7,0,0,0,0,695,165,216,239,697,87,3,9,840,6,20,29,31
16,Angeliño,es  ESP,"DF,FW",RB Leipzig,24-076,1997,20.9,1276,1033,243,40,4,134,46,89,36,13,15,1,674,239,363,938,108,55,167,3,915,9,20,26,56
17,Waldemar Anton,de  GER,DF,Stuttgart,24-244,1996,22.1,1382,1309,73,39,1,133,19,8,0,0,0,0,1070,112,200,209,1053,48,33,8,1196,3,18,17,21
18,Charles Aránguiz,cl  CHI,MF,Leverkusen,31-338,1989,12.3,742,706,36,30,3,118,21,1,0,0,0,0,545,87,110,106,588,31,6,4,636,0,8,12,19
19,Santiago Arias,co  COL,DF,Leverkusen,29-067,1992,1.0,55,47,8,1,0,12,0,0,0,0,0,0,39,9,7,3,42,3,7,0,47,0,0,1,1
20,Maximilian Arnold,de  GER,MF,Wolfsburg,26-298,1994,21.7,1190,1006,184,99,5,168,93,31,75,35,27,0,718,168,304,873,226,56,9,4,956,4,14,16,21
21,Toluwalas Arokodare,ng  NGA,FW,Köln,20-118,2000,1.1,32,30,2,0,0,12,1,0,0,0,0,0,13,12,7,4,15,5,0,2,23,0,0,1,1
22,Santiago Ascacíbar,ar  ARG,MF,Hertha BSC,24-024,1997,3.0,120,109,11,11,0,27,4,0,0,0,0,0,91,8,21,30,83,5,0,1,96,0,5,4,1
23,Ludwig Augustinsson,se  SWE,DF,Werder Bremen,26-334,1994,16.7,822,598,224,37,0,91,38,68,52,18,25,7,354,175,293,585,51,32,135,1,550,4,16,21,24
24,Taiwo Awoniyi,ng  NGA,FW,Union Berlin,23-221,1997,14.3,281,277,4,0,0,92,4,3,0,0,0,0,163,76,42,48,176,20,0,19,193,1,11,10,14
25,Leon Bailey,jm  JAM,FW,Leverkusen,23-224,1997,19.1,804,726,78,9,2,143,54,73,51,12,22,2,499,129,176,594,156,24,16,3,561,5,18,25,46
26,Aymen Barkok,ma  MAR,"FW,MF",Eint Frankfurt,22-304,1998,9.3,387,335,52,9,4,70,12,15,22,3,11,1,265,47,75,64,279,12,18,0,282,0,6,13,12
27,Leandro Barreiro Martins,lu  LUX,MF,Mainz 05,21-077,2000,17.3,502,492,10,9,1,105,2,5,0,0,0,0,293,70,139,81,324,57,1,5,337,1,8,8,26
28,Jacob Barrett Laursen,dk  DEN,DF,Arminia,26-124,1994,11.7,543,432,111,11,1,67,5,15,0,0,0,0,320,97,126,302,107,25,100,4,425,0,7,12,24
29,Oliver Baumann,de  GER,GK,Hoffenheim,30-292,1990,24.0,993,742,251,86,0,50,29,0,0,0,0,0,600,25,368,121,710,1,0,134,761,2,27,1,2
30,Julian Baumgartlinger,at  AUT,MF,Leverkusen,33-078,1988,11.9,668,647,21,19,0,134,22,2,0,0,0,0,474,79,115,96,522,28,1,3,579,1,8,7,13
31,Christoph Baumgartner,at  AUT,"MF,FW",Hoffenheim,21-232,1999,20.3,768,719,49,15,0,157,20,14,1,1,0,0,538,103,127,67,617,32,10,10,580,4,11,21,31
32,Noah Joel Sarenren Bazee,ng  NGA,"FW,MF",Augsburg,24-212,1996,0.4,13,12,1,0,0,3,0,0,0,0,0,0,5,4,4,1,6,2,0,1,6,0,2,1,1
33,Ihlas Bebou,tg  TOG,FW,Hoffenheim,26-332,1994,16.0,428,412,16,0,1,111,9,27,0,0,0,0,294,81,53,37,331,21,8,2,331,1,2,11,15
34,Sheraldo Becker,nl  NED,"FW,MF",Union Berlin,26-040,1995,11.9,315,311,4,0,1,56,12,47,0,0,0,0,175,68,72,45,236,21,2,4,197,2,10,11,17
35,Timo Becker,de  GER,DF,Schalke 04,23-361,1997,11.5,486,390,96,6,0,60,7,16,0,0,0,0,288,117,81,31,347,12,90,0,367,2,10,21,23
36,Brian Behrendt,de  GER,DF,Arminia,29-148,1991,0.9,56,39,17,3,0,9,5,1,0,0,0,0,17,25,14,0,37,3,14,0,41,0,1,1,2
37,Maximilian Beier,de  GER,"FW,DF",Hoffenheim,18-155,2002,0.0,4,4,0,0,0,1,0,0,0,0,0,0,3,1,0,1,2,1,0,0,4,0,0,0,0
38,Ishak Belfodil,dz  ALG,FW,Hoffenheim,29-068,1992,6.4,146,130,16,0,1,28,0,4,0,0,0,0,99,33,14,10,119,7,3,2,104,1,3,9,5
39,Stefan Bell,de  GER,DF,Mainz 05,29-209,1991,8.8,343,319,24,14,0,49,8,2,0,0,0,0,208,42,93,50,233,29,10,0,264,5,7,2,7
40,Karim Bellarabi,de  GER,"MF,FW",Leverkusen,30-347,1990,4.9,191,180,11,0,0,38,6,28,0,0,0,0,110,43,38,12,161,5,10,2,127,2,4,2,13
41,Jude Bellingham,eng  ENG,MF,Dortmund,17-265,2003,13.3,727,716,11,10,1,100,22,18,0,0,0,0,587,81,59,82,603,20,1,4,606,2,12,18,20
42,Lars Bender,de  GER,DF,Leverkusen,31-328,1989,10.4,707,608,99,9,1,101,14,9,0,0,0,0,448,115,144,72,502,32,90,3,588,3,4,14,22
43,Sven Bender,de  GER,DF,Leverkusen,31-328,1989,8.1,717,706,11,11,0,58,14,3,0,0,0,0,578,53,86,128,536,33,0,6,651,0,6,3,1
44,Ramy Bensebaini,dz  ALG,DF,M'Gladbach,25-339,1995,13.9,717,601,116,25,0,78,11,13,0,0,0,0,455,156,106,446,143,27,91,2,585,2,13,15,20
45,Nabil Bentaleb,dz  ALG,MF,Schalke 04,26-117,1994,6.1,281,272,9,8,0,48,9,1,0,0,0,0,212,40,29,223,38,9,1,4,231,1,4,9,4
46,Louis Beyer,de  GER,DF,M'Gladbach,20-306,2000,1.0,26,23,3,1,0,7,0,0,0,0,0,0,14,4,8,3,19,0,2,0,18,0,2,1,0
47,Bartosz Bialek,pl  POL,"FW,MF",Wolfsburg,19-130,2001,2.3,67,65,2,1,0,16,3,0,0,0,0,0,32,12,23,7,43,11,0,2,47,0,1,1,5
48,Ermin Bičakčić,ba  BIH,DF,Hoffenheim,31-056,1990,1.4,62,61,1,1,0,6,0,0,0,0,0,0,50,6,6,21,39,1,0,0,54,0,0,1,2
49,Leonardo Bittencourt,de  GER,"MF,FW",Werder Bremen,27-092,1993,14.1,498,461,37,15,1,81,17,35,12,1,8,1,318,68,112,108,359,18,5,2,358,3,8,8,27
50,Jérôme Boateng,de  GER,DF,Bayern Munich,32-199,1988,20.5,1457,1416,41,36,0,98,51,9,0,0,0,0,1139,93,225,397,989,41,5,2,1292,4,21,9,4
51,Jean-Paul Boëtius,nl  NED,"MF,FW",Mainz 05,26-364,1994,16.2,591,575,16,6,4,108,18,19,0,0,0,0,400,98,93,133,399,32,5,10,413,4,9,21,36
52,Melayro Bogarde,nl  NED,"DF,MF",Hoffenheim,18-297,2002,3.1,168,151,17,4,0,18,9,0,0,0,0,0,113,30,25,12,133,7,13,1,145,0,4,7,1
53,Dennis Borkowski,de  GER,MF,RB Leipzig,19-054,2002,0.1,7,7,0,0,0,1,0,0,0,0,0,0,6,1,0,1,5,0,0,0,5,0,0,1,0
54,Sebastiaan Bornauw,be  BEL,DF,Köln,21-364,1999,17.0,605,576,29,14,0,62,32,0,0,0,0,0,406,63,136,74,466,53,1,1,495,2,15,3,9
55,Nassim Boujellab,ma  MAR,"MF,FW",Schalke 04,21-274,1999,6.7,184,179,5,0,0,42,0,1,0,0,0,0,132,27,25,22,138,13,0,1,133,1,0,6,11
56,Dedryck Boyata,be  BEL,DF,Hertha BSC,30-113,1990,12.8,796,779,17,16,0,59,31,1,0,0,0,0,666,45,85,131,614,31,1,6,705,1,11,8,7
57,Can Bozdogan,de  GER,MF,Schalke 04,19-350,2001,5.0,141,137,4,1,1,18,2,6,1,0,1,0,104,21,16,114,15,8,2,2,103,0,6,3,5
58,Julian Brandt,de  GER,"FW,MF",Dortmund,24-323,1996,14.1,748,723,25,6,6,98,29,25,11,1,6,0,589,94,65,136,580,14,7,7,633,1,8,23,16
59,Josip Brekalo,hr  CRO,FW,Wolfsburg,22-271,1998,15.3,584,532,52,11,1,103,28,21,28,14,8,1,420,73,91,72,480,17,12,2,448,1,9,19,26
60,Joshua Brenet,nl  NED,DF,Hoffenheim,27-001,1994,0.0,2,2,0,0,0,0,0,0,0,0,0,0,1,0,1,0,2,0,0,0,0,0,0,0,0
61,John Brooks,us  USA,DF,Wolfsburg,28-052,1993,23.2,1403,1331,72,68,0,105,52,1,0,0,0,0,1030,110,263,1048,233,76,4,7,1187,4,26,18,9
62,Daniel Brosinski,de  GER,DF,Mainz 05,32-247,1988,11.4,584,399,185,31,0,60,24,40,26,15,8,2,238,123,223,34,395,21,128,0,378,3,10,18,20
63,Cédric Brunner,ch  SUI,DF,Arminia,27-032,1994,22.9,1171,937,234,15,0,167,23,36,1,0,1,0,618,170,383,128,742,57,218,1,845,5,23,14,30
64,Jacob Bruun Larsen,dk  DEN,FW,Hoffenheim,22-183,1998,1.0,19,19,0,0,0,4,0,1,0,0,0,0,15,3,1,5,12,1,0,0,15,0,2,0,1
65,Marius Bülter,de  GER,"FW,MF",Union Berlin,27-357,1993,9.1,267,253,14,0,0,52,6,22,0,0,0,0,161,63,43,77,155,12,11,2,163,3,9,6,30
66,Jonathan Burkardt,de  GER,"FW,DF",Mainz 05,20-253,2000,11.7,327,288,39,1,0,71,2,11,0,0,0,0,213,65,49,53,220,14,29,2,230,3,4,7,19
67,Roman Bürki,ch  SUI,GK,Dortmund,30-127,1990,16.0,529,424,105,17,0,40,14,0,0,0,0,0,361,24,144,130,310,0,1,86,434,0,11,0,2
68,Kerim Calhanoglu,de  GER,DF,Schalke 04,18-207,2002,2.8,90,69,21,2,0,13,3,4,0,0,0,0,40,20,30,54,13,3,19,0,59,0,3,0,6
69,Daniel Caligiuri,it  ITA,"MF,DF",Augsburg,33-065,1988,23.9,997,804,193,65,2,186,45,31,53,24,16,5,531,188,278,125,754,23,75,6,698,7,19,25,46
70,Emre Can,de  GER,"DF,MF",Dortmund,27-068,1994,18.2,1395,1345,50,28,3,175,49,11,0,0,0,0,1089,135,171,290,1021,28,22,11,1213,2,18,25,16
71,Koen Casteels,be  BEL,GK,Wolfsburg,28-269,1992,25.0,930,741,189,43,0,63,21,0,0,0,0,0,512,37,381,612,164,0,0,122,708,0,15,2,2
72,Gonzalo Castro,de  GER,"MF,FW",Stuttgart,33-283,1987,16.0,699,591,108,40,3,120,27,28,46,9,23,11,463,98,138,81,566,17,22,5,508,2,12,14,42
73,Sava Cestic,de  GER,DF,Köln,20-030,2001,10.0,405,387,18,16,0,35,7,0,0,0,0,0,276,38,91,41,333,25,0,0,307,0,7,7,8
74,Timothy Chandler,us  USA,DF,Eint Frankfurt,30-357,1990,1.0,37,29,8,1,0,3,0,2,0,0,0,0,19,7,11,8,19,1,7,0,25,0,0,2,1
75,Kwon Chang-hoon,kr  KOR,"MF,FW",Freiburg,26-264,1994,2.1,65,63,2,2,0,18,0,3,0,0,0,0,43,14,8,46,12,1,0,1,50,0,1,1,2
76,Tahith Chong,nl  NED,"FW,MF",Werder Bremen,21-107,1999,4.3,136,132,4,0,0,28,2,7,0,0,0,0,87,36,13,116,14,1,4,0,86,0,2,9,17
77,Darko Churlinov,mk  MKD,"DF,FW",Stuttgart,20-253,2000,0.7,34,34,0,0,0,3,0,1,0,0,0,0,27,4,3,2,31,0,0,1,28,1,0,0,0
78,Tim Civeja,de  GER,"MF,DF",Augsburg,19-076,2002,0.4,24,24,0,0,0,4,0,0,0,0,0,0,13,3,8,1,18,5,0,0,16,0,1,0,2
79,Kingsley Coman,fr  FRA,"FW,MF",Bayern Munich,24-281,1996,15.3,642,632,10,1,5,98,25,68,1,0,0,0,439,100,103,150,450,24,8,3,507,1,12,16,25
80,Jhon Córdoba,co  COL,FW,Hertha BSC,27-314,1993,12.2,229,204,25,0,1,62,7,10,0,0,0,0,128,66,35,23,163,11,1,14,179,1,3,1,16
81,Sergio Córdova,ve  VEN,"FW,MF",Arminia,23-224,1997,11.8,261,254,7,1,1,75,3,7,0,0,0,0,161,58,42,26,176,24,2,9,178,2,9,9,15
82,Douglas Costa,br  BRA,"FW,MF",Bayern Munich,30-188,1990,3.6,187,165,22,2,1,25,10,12,20,7,5,2,120,24,43,171,14,0,0,1,129,2,4,5,17
83,Tanguy Coulibaly,fr  FRA,"DF,FW",Stuttgart,20-031,2001,11.9,304,283,21,3,0,61,6,21,0,0,0,0,223,43,38,230,42,10,13,3,220,0,6,11,17
84,Mickaël Cuisance,fr  FRA,FW,Bayern Munich,21-217,1999,0.2,10,10,0,0,0,2,0,0,0,0,0,0,8,2,0,9,1,0,0,0,9,0,0,0,0
85,Matheus Cunha,br  BRA,"FW,MF",Hertha BSC,21-298,1999,19.2,641,531,110,35,3,119,53,48,53,16,22,5,382,94,165,66,528,18,15,5,425,3,15,21,33
86,Rafael Czichos,de  GER,DF,Köln,30-311,1990,17.1,807,753,54,37,0,85,20,1,0,0,0,0,557,83,167,659,76,41,12,1,684,1,13,17,7
87,Moanes Dabour,il  ISR,FW,Hoffenheim,28-311,1992,10.8,333,317,16,3,2,88,1,8,1,1,0,0,213,75,45,23,272,11,5,6,245,0,3,7,16
88,Finn Dahmen,de  GER,GK,Mainz 05,22-359,1998,1.0,23,16,7,2,0,1,0,0,0,0,0,0,16,1,6,6,7,0,0,8,17,0,0,0,0
89,Mahmoud Dahoud,de  GER,MF,Dortmund,25-079,1996,8.4,540,534,6,6,1,93,18,3,0,0,0,0,438,45,57,63,460,11,0,1,464,1,8,10,10
90,Leon Dajaku,de  GER,FW,Union Berlin,19-343,2001,0.4,13,13,0,0,0,1,0,0,0,0,0,0,10,3,0,1,11,0,0,0,11,0,0,0,1
91,Tiago Dantas,pt  POR,MF,Bayern Munich,20-087,2000,0.0,3,3,0,0,0,0,0,0,0,0,0,0,3,0,0,1,2,0,0,0,2,0,0,0,0
92,Márton Dárdai,de  GER,DF,Hertha BSC,19-037,2002,4.2,232,214,18,12,2,17,13,5,6,5,1,0,148,21,63,208,16,6,0,0,179,1,2,2,2
93,Vladimír Darida,cz  CZE,MF,Hertha BSC,30-225,1990,18.2,874,793,81,40,3,125,41,42,21,5,9,3,508,139,227,193,611,29,18,8,631,4,15,15,36
94,Alphonso Davies,ca  CAN,DF,Bayern Munich,20-139,2000,13.6,1027,883,144,24,0,90,9,21,0,0,0,0,792,163,72,715,163,16,120,2,911,0,11,21,24
95,Thomas Delaney,dk  DEN,MF,Dortmund,29-199,1991,10.6,639,623,16,13,0,79,15,6,0,0,0,0,452,72,115,488,101,27,2,7,534,2,13,11,12
96,Kerem Demirbay,de  GER,MF,Leverkusen,27-261,1993,13.0,789,704,85,33,0,114,46,18,41,14,16,6,496,96,197,622,120,26,10,3,617,7,12,17,15
97,Ermedin Demirović,ba  BIH,FW,Freiburg,22-361,1998,11.0,188,177,11,0,2,62,1,5,0,0,0,0,117,48,23,11,130,14,1,6,107,2,3,6,13
98,Emmanuel Dennis,ng  NGA,FW,Köln,23-126,1997,4.2,115,108,7,1,0,22,0,6,0,0,0,0,83,20,12,18,85,3,0,5,81,0,4,2,8
99,Mike van der Hoorn,nl  NED,DF,Arminia,28-157,1992,14.0,785,762,23,23,1,113,32,0,0,0,0,0,589,48,148,106,620,29,0,0,685,3,11,10,5
100,Moussa Diaby,fr  FRA,"FW,MF",Leverkusen,21-257,1999,22.3,801,784,17,3,1,137,27,91,2,0,1,0,589,94,118,556,224,4,10,5,605,4,15,14,52
101,Daniel Didavi,de  GER,"FW,MF",Stuttgart,31-028,1990,8.4,324,290,34,9,2,46,7,16,12,4,4,3,224,51,49,271,29,5,11,3,241,2,7,5,14
102,Javairô Dilrosun,nl  NED,"FW,MF",Hertha BSC,22-272,1998,3.3,115,110,5,0,0,17,1,5,2,0,0,0,83,19,13,95,12,4,3,1,86,0,2,2,6
103,Eren Dinkçi,de  GER,"FW,DF",Werder Bremen,19-098,2001,0.2,7,7,0,0,0,3,0,0,0,0,0,0,7,0,0,0,7,0,0,0,5,0,0,0,0
104,Ritsu Doan,jp  JPN,"MF,FW",Arminia,22-278,1998,23.1,672,564,108,60,1,151,39,47,39,24,13,1,382,83,207,532,81,30,8,1,426,3,19,18,28
105,Ji Dong-won,kr  KOR,FW,Mainz 05,29-297,1991,0.7,27,26,1,0,0,8,0,0,0,0,0,0,15,8,4,5,14,3,0,1,15,0,0,0,2
106,Bas Dost,nl  NED,FW,Eint Frankfurt,31-294,1989,9.1,312,304,8,1,0,106,3,4,0,0,0,0,152,58,102,20,182,44,1,3,203,2,4,7,12
107,Aleksandar Dragović,at  AUT,DF,Leverkusen,30-015,1991,8.6,828,750,78,23,1,81,31,5,0,0,0,0,622,97,109,135,601,26,53,2,727,0,12,14,10
108,Dominick Drexler,de  GER,"MF,FW",Köln,30-299,1990,10.4,363,347,16,2,2,72,4,27,0,0,0,0,253,66,44,14,317,14,11,1,281,1,8,7,18
109,Ondrej Duda,sk  SVK,"FW,MF",Köln,26-106,1994,21.5,930,808,122,42,2,164,57,39,60,24,23,3,537,152,241,99,755,33,2,12,654,11,19,24,31
110,Erik Durm,de  GER,DF,Eint Frankfurt,28-313,1992,12.4,557,424,133,4,2,75,18,29,0,0,0,0,265,121,171,102,292,16,129,4,391,1,16,9,26
111,Johannes Eggestein,de  GER,"FW,MF",Werder Bremen,22-317,1998,0.4,17,17,0,0,0,5,0,1,0,0,0,0,9,3,5,6,9,2,0,0,11,0,2,0,1
112,Maximilian Eggestein,de  GER,MF,Werder Bremen,24-103,1996,25.7,1004,977,27,22,2,154,24,9,2,0,1,0,697,118,189,152,774,49,2,2,787,2,16,31,33
113,Lilian Egloff,de  GER,MF,Stuttgart,18-213,2002,0.2,4,3,1,0,0,0,0,0,1,0,0,0,4,0,0,0,4,0,0,0,4,0,0,0,0
114,Kingsley Ehizibue,nl  NED,DF,Köln,25-300,1995,8.6,350,266,84,7,0,33,5,24,0,0,0,0,174,93,83,10,233,22,75,1,251,0,7,2,17
115,Nico Elvedi,ch  SUI,DF,M'Gladbach,24-172,1996,22.2,1422,1385,37,31,1,128,32,2,0,0,0,0,1208,102,112,396,924,61,6,1,1314,1,10,9,14
116,Breel Embolo,ch  SUI,"FW,MF",M'Gladbach,24-035,1997,13.0,353,331,22,3,0,90,4,8,0,0,0,0,249,69,35,35,253,28,0,20,252,4,8,11,22
117,Keita Endo,jp  JPN,"MF,FW",Union Berlin,23-119,1997,2.8,58,58,0,0,0,13,1,5,0,0,0,0,35,8,15,15,34,4,0,0,44,0,1,1,2
118,Wataru Endo,jp  JPN,MF,Stuttgart,28-040,1993,25.8,1352,1324,28,26,4,236,29,5,0,0,0,0,1023,128,201,245,997,55,2,6,1129,5,17,25,28
119,Patrick Erras,de  GER,"FW,MF",Werder Bremen,26-059,1995,0.2,27,27,0,0,0,5,0,0,0,0,0,0,16,1,10,8,12,3,0,0,18,0,0,0,1
120,Ralf Fährmann,de  GER,GK,Schalke 04,32-175,1988,13.8,545,372,173,45,0,33,16,0,0,0,0,0,276,24,245,56,396,0,0,69,366,2,6,1,1
121,Ohis Felix Uduokhai,de  GER,DF,Augsburg,23-193,1997,24.0,1184,1121,63,43,0,141,36,7,0,0,0,0,848,122,214,820,235,67,20,4,992,1,14,15,22
122,Edimilson Fernandes,ch  SUI,"MF,DF",Mainz 05,24-340,1996,8.6,328,293,35,6,0,37,14,11,10,5,5,0,213,35,80,41,248,16,19,0,238,1,5,12,9
123,Alfreð Finnbogason,is  ISL,FW,Augsburg,32-048,1989,4.6,140,135,5,0,2,38,3,8,1,0,0,0,77,41,22,31,82,13,1,4,85,1,3,7,7
124,Emil Forsberg,se  SWE,"FW,MF",RB Leipzig,29-149,1991,12.6,441,397,44,9,6,84,13,9,20,5,12,1,331,46,64,32,378,13,2,10,337,2,11,15,19
125,Philipp Förster,de  GER,"FW,MF",Stuttgart,26-045,1995,10.3,394,379,15,4,0,76,1,9,3,2,1,0,294,56,44,316,49,11,6,4,301,4,6,11,22
126,Timothy Fosu-Mensah,nl  NED,DF,Leverkusen,23-078,1998,4.5,352,309,43,5,0,54,10,5,0,0,0,0,250,50,52,39,258,8,38,1,304,0,1,7,4
127,Raphael Framberger,de  GER,DF,Augsburg,25-196,1995,12.6,548,405,143,7,1,93,9,29,0,0,0,0,216,188,144,14,344,38,136,1,359,4,16,19,34
128,Marco Friedl,at  AUT,DF,Werder Bremen,23-005,1998,25.0,1286,1188,98,62,0,96,92,6,8,1,3,0,841,113,332,895,301,43,28,6,1046,2,23,18,21
129,Marvin Friedrich,de  GER,DF,Union Berlin,25-098,1995,26.0,1352,1313,39,32,1,151,43,9,0,0,0,0,928,111,313,170,1071,57,7,8,1093,5,24,23,25
130,Jeremie Frimpong,nl  NED,"DF,FW",Leverkusen,20-101,2000,2.7,177,158,19,0,0,22,1,11,0,0,0,0,130,28,19,14,141,2,19,0,147,1,0,2,8
131,Niclas Füllkrug,de  GER,FW,Werder Bremen,28-040,1993,5.5,127,123,4,0,0,41,0,1,0,0,0,0,51,28,48,16,58,22,1,3,71,0,0,3,9
132,Mijat Gaćinović,rs  SRB,"DF,MF",Hoffenheim,26-041,1995,7.9,388,318,70,6,0,39,11,17,4,1,2,1,219,99,70,76,226,20,59,2,295,0,6,8,24
133,Christian Gebauer,at  AUT,"MF,FW",Arminia,27-091,1993,6.4,167,161,6,2,0,34,3,8,1,0,0,0,94,31,42,21,127,11,3,1,110,1,3,5,13
134,Theodor Gebre Selassie,cz  CZE,DF,Werder Bremen,34-087,1986,25.7,1104,868,236,8,0,122,12,23,0,0,0,0,545,255,304,67,718,59,228,5,854,3,16,35,26
135,Dennis Geiger,de  GER,MF,Hoffenheim,22-284,1998,7.3,354,306,48,24,1,60,16,12,23,8,11,1,253,29,72,34,309,4,1,4,292,2,2,6,7
136,Christian Gentner,de  GER,MF,Union Berlin,35-219,1985,6.1,245,238,7,3,0,33,2,5,0,0,0,0,151,41,53,27,187,24,0,4,192,1,7,5,4
137,Yannick Gerhardt,de  GER,MF,Wolfsburg,27-008,1994,15.6,500,482,18,5,2,77,10,24,4,4,0,0,344,80,76,304,136,35,6,6,365,4,10,10,22
138,Hamadi Al Ghaddioui,ma  MAR,"MF,FW",Stuttgart,30-180,1990,0.3,9,9,0,0,0,3,0,0,0,0,0,0,4,3,2,4,5,0,0,0,7,0,0,0,0
139,Niko Gießelmann,de  GER,DF,Union Berlin,29-176,1991,4.5,230,186,44,7,0,37,4,16,0,0,0,0,102,61,67,156,18,10,37,0,146,2,7,6,11
140,Rafał Gikiewicz,pl  POL,GK,Augsburg,33-146,1987,25.0,1063,761,302,84,0,76,16,0,0,0,0,0,506,82,475,178,674,0,0,166,756,3,27,9,0
141,Daniel Ginczek,de  GER,"FW,MF",Wolfsburg,29-342,1991,2.0,56,55,1,0,0,20,0,0,0,0,0,0,28,13,15,5,34,6,0,2,34,1,2,0,2
142,Matthias Ginter,de  GER,DF,M'Gladbach,27-061,1994,26.0,1839,1770,69,46,2,136,35,12,0,0,0,0,1309,154,376,245,1464,70,23,6,1581,4,9,31,16
143,Robert Glatzel,de  GER,FW,Mainz 05,27-072,1994,1.4,60,60,0,0,0,27,0,2,0,0,0,0,33,19,8,11,29,4,0,2,41,1,1,2,7
144,Serge Gnabry,de  GER,"FW,MF",Bayern Munich,25-250,1995,15.8,716,659,57,15,2,75,20,44,22,9,10,0,529,103,84,153,506,24,15,13,558,6,12,23,30
145,Akaki Gogia,de  GER,FW,Union Berlin,29-062,1992,1.6,57,56,1,1,0,9,1,3,0,0,0,0,38,12,7,21,32,3,0,0,46,0,1,1,3
146,Nicolás González,ar  ARG,"FW,DF",Stuttgart,22-349,1998,10.4,222,197,25,1,3,47,3,11,1,0,0,0,130,43,49,147,24,17,7,6,135,1,9,11,16
147,Leon Goretzka,de  GER,MF,Bayern Munich,26-043,1995,17.2,931,917,14,13,1,114,32,7,0,0,0,0,685,112,134,60,794,40,1,4,824,2,8,14,15
148,Jeffrey Gouweleeuw,nl  NED,DF,Augsburg,29-254,1991,24.0,1194,1113,81,79,1,130,37,4,0,0,0,0,781,86,327,122,983,66,2,4,956,4,21,23,22
149,Demarai Gray,eng  ENG,"FW,MF",Leverkusen,24-266,1996,2.8,112,97,15,1,0,20,8,14,11,5,4,0,68,16,28,12,96,1,3,0,73,0,5,2,5
150,Michael Gregoritsch,at  AUT,"FW,MF",Augsburg,26-337,1994,8.5,241,224,17,2,2,55,7,12,1,1,0,0,135,50,56,153,51,19,4,4,155,6,7,10,12
151,Sebastian Griesbeck,de  GER,MF,Union Berlin,30-169,1990,8.6,189,183,6,3,0,31,4,4,0,0,0,0,111,32,46,50,106,22,0,1,139,1,7,3,6
152,Vincenzo Grifo,it  ITA,"MF,FW",Freiburg,27-348,1993,21.1,904,797,107,38,1,133,54,50,56,20,25,3,577,109,218,82,772,32,8,4,664,0,14,32,39
153,Lennart Grill,de  GER,GK,Leverkusen,22-055,1999,3.0,133,110,23,3,0,5,0,0,0,0,0,0,107,4,22,22,88,0,0,21,117,0,2,0,0
154,Florian Grillitsch,at  AUT,"MF,DF",Hoffenheim,25-226,1995,12.3,685,645,40,34,0,100,20,6,0,0,0,0,513,69,103,80,555,33,5,2,583,2,5,9,18
155,Christian Groß,de  GER,"MF,DF",Werder Bremen,32-041,1989,10.9,627,608,19,15,0,50,9,0,0,0,0,0,482,48,97,58,526,28,2,2,536,1,6,12,7
156,Ilia Gruev,bg  BUL,FW,Werder Bremen,20-319,2000,0.0,0,0,0,0,0,0,0,0,0,0,0,0,0,0,0,0,0,0,0,0,0,0,0,0,0
157,Carlos Gruezo,ec  ECU,MF,Augsburg,25-336,1995,17.3,578,568,10,10,1,125,29,1,0,0,0,0,381,73,124,51,487,34,0,1,465,0,21,11,14
158,Mattéo Guendouzi,fr  FRA,MF,Hertha BSC,21-341,1999,15.9,851,804,47,35,1,124,38,6,5,0,2,0,661,86,104,74,725,34,7,5,726,6,11,13,21
159,Raphaël Guerreiro,pt  POR,DF,Dortmund,27-089,1993,17.7,1584,1411,173,25,8,132,17,32,18,10,1,0,1188,221,175,1330,93,25,130,1,1377,2,10,41,34
160,Josuha Guilavogui,fr  FRA,"MF,DF",Wolfsburg,30-183,1990,7.8,410,404,6,4,0,49,17,1,0,0,0,0,276,63,71,41,327,25,2,2,348,2,4,9,6
161,Péter Gulácsi,hu  HUN,GK,RB Leipzig,30-319,1990,26.0,908,736,172,46,2,53,15,0,0,0,0,0,642,38,228,75,662,1,0,141,781,1,11,2,1
162,Manuel Gulde,de  GER,DF,Freiburg,30-037,1991,14.8,668,652,16,13,0,95,12,3,0,0,0,0,507,71,90,195,406,38,3,4,579,2,10,6,8
163,Robert Gumny,pl  POL,DF,Augsburg,22-290,1998,8.1,334,259,75,5,0,44,1,6,0,0,0,0,185,88,61,30,211,16,70,0,255,1,10,14,20
164,Christian Günter,de  GER,DF,Freiburg,28-021,1993,25.0,1168,877,291,39,0,146,69,91,35,22,9,1,534,306,328,747,166,25,217,2,849,5,29,23,58
165,Erling Haaland,no  NOR,FW,Dortmund,20-243,2000,19.8,323,294,29,0,0,81,2,10,0,0,0,0,222,67,34,216,68,17,1,6,227,5,7,14,13
166,Janik Haberer,de  GER,"MF,FW",Freiburg,26-353,1994,3.1,116,114,2,1,0,28,2,1,0,0,0,0,83,15,18,13,93,8,0,0,90,0,3,4,2
167,Alexander Hack,de  GER,DF,Mainz 05,27-194,1993,11.4,530,493,37,32,1,67,17,1,0,0,0,0,321,68,141,414,42,43,5,2,402,1,6,6,14
168,André Hahn,de  GER,"FW,MF",Augsburg,30-220,1990,14.9,313,300,13,1,0,97,10,14,0,0,0,0,158,70,85,37,199,29,4,6,181,0,17,16,19
169,Amadou Haidara,ml  MLI,"MF,FW",RB Leipzig,23-049,1998,15.8,787,759,28,1,2,158,14,22,0,0,0,0,535,144,108,73,617,36,27,10,625,2,13,21,23
170,Marcel Halstenberg,de  GER,DF,RB Leipzig,29-175,1991,15.6,1373,1258,115,26,6,162,16,17,5,2,1,2,1013,185,175,1038,174,38,84,12,1210,3,10,20,17
171,Amine Harit,ma  MAR,"FW,MF",Schalke 04,23-276,1997,15.8,620,547,73,33,6,87,27,17,29,9,17,1,462,62,96,52,543,8,9,5,456,4,11,27,22
172,Marcel Hartel,de  GER,MF,Arminia,25-061,1996,18.5,784,684,100,51,1,154,25,30,22,10,9,0,525,85,174,89,641,32,2,5,587,2,20,25,23
173,Makoto Hasebe,jp  JPN,"DF,MF",Eint Frankfurt,37-062,1984,20.8,1239,1182,57,55,1,157,22,2,1,1,0,0,984,111,144,228,926,57,1,1,1086,4,13,23,8
174,Thorgan Hazard,be  BEL,"FW,DF",Dortmund,27-357,1993,4.5,203,183,20,4,1,22,9,6,7,3,2,0,143,25,35,40,147,7,8,0,173,1,0,5,7
175,Jonas Hector,de  GER,MF,Köln,30-298,1990,7.5,266,244,22,9,1,46,5,6,9,4,2,1,170,51,45,165,67,17,4,1,207,2,4,6,2
176,Hwang Hee-chan,kr  KOR,"FW,MF",RB Leipzig,25-054,1996,2.9,86,82,4,0,0,13,1,4,0,0,0,0,64,13,9,21,55,3,4,1,56,0,1,6,3
177,Dominique Heintz,de  GER,DF,Freiburg,27-218,1993,12.7,770,749,21,19,0,59,40,4,0,0,0,0,578,36,156,594,135,33,2,0,662,3,12,7,9
178,Benjamin Henrichs,de  GER,"MF,DF",RB Leipzig,24-026,1997,4.1,233,214,19,2,1,44,4,8,0,0,0,0,164,29,40,55,151,7,17,2,173,0,3,6,16
179,Lucas Hernández,fr  FRA,DF,Bayern Munich,25-035,1996,12.1,927,807,120,21,0,95,19,40,1,0,0,0,610,137,180,721,57,29,98,1,756,0,9,17,30
180,Patrick Herrmann,de  GER,FW,M'Gladbach,30-037,1991,9.1,328,286,42,8,0,36,15,23,22,8,13,0,197,51,80,37,261,15,10,2,217,2,3,11,14
181,Martin Hinteregger,at  AUT,DF,Eint Frankfurt,28-195,1992,23.6,1516,1392,124,62,3,194,31,5,0,0,0,0,1035,175,306,1051,261,78,59,3,1231,6,28,23,15
182,Marwin Hitz,ch  SUI,GK,Dortmund,33-184,1987,10.0,315,242,73,6,0,33,5,0,0,0,0,0,218,16,81,41,229,0,0,38,276,1,5,1,0
183,Nicolas Höfler,de  GER,MF,Freiburg,31-012,1990,23.3,1008,956,52,27,0,195,12,8,0,0,0,0,686,160,162,255,640,64,0,4,833,2,10,15,31
184,Jonas Hofmann,de  GER,"FW,MF",M'Gladbach,28-250,1992,16.6,806,665,141,45,1,96,65,35,78,22,36,13,529,109,168,117,656,12,15,2,607,4,7,15,34
185,Marco Höger,de  GER,DF,Köln,31-186,1989,0.6,29,24,5,0,0,3,0,2,0,0,0,0,10,9,10,0,17,5,5,0,20,0,1,0,0
186,Lucas Höler,de  GER,"FW,MF",Freiburg,26-254,1994,17.3,470,454,16,3,0,137,7,18,0,0,0,0,273,112,85,60,325,33,2,5,327,2,13,10,31
187,Matthew Hoppe,us  USA,FW,Schalke 04,20-008,2001,11.8,200,173,27,0,0,43,1,1,0,0,0,0,134,41,25,35,127,15,1,8,142,0,3,8,10
188,Jannes Horn,de  GER,DF,Köln,24-043,1997,15.3,730,638,92,17,0,69,17,23,0,0,0,0,448,108,174,527,83,36,75,2,591,0,17,11,17
189,Timo Horn,de  GER,GK,Köln,27-313,1993,25.4,997,768,229,74,0,64,23,0,0,0,0,0,463,48,486,684,164,0,0,89,719,4,22,7,2
190,Lukáš Hrádecký,fi  FIN,GK,Leverkusen,31-117,1989,20.5,1038,885,153,36,0,115,19,0,0,0,0,0,622,48,368,214,694,2,1,117,797,6,16,5,3
191,Ajdin Hrustic,au  AUS,"MF,FW",Eint Frankfurt,24-259,1996,1.2,91,81,10,3,0,9,9,4,7,3,2,0,73,4,14,79,9,1,0,1,74,1,1,1,1
192,Florian Hübner,de  GER,DF,Union Berlin,30-020,1991,5.8,238,224,14,7,0,38,1,1,0,0,0,0,150,31,57,55,140,22,7,0,177,1,17,3,2
193,Mats Hummels,de  GER,DF,Dortmund,32-095,1988,25.4,2080,2023,57,52,3,202,91,2,0,0,0,0,1567,205,308,677,1247,88,4,5,1830,3,41,14,18
194,Klaas-Jan Huntelaar,nl  NED,FW,Schalke 04,37-221,1983,0.3,3,3,0,0,0,0,0,0,0,0,0,0,2,0,1,1,1,1,0,0,2,0,0,0,1
195,Iago,br  BRA,DF,Augsburg,23-363,1997,13.4,634,524,110,11,0,74,9,25,0,0,0,0,348,144,142,402,85,36,99,0,474,4,11,18,26
196,Vedad Ibišević,ba  BIH,FW,Schalke 04,36-227,1984,1.7,35,33,2,0,0,10,0,0,0,0,0,0,17,9,9,0,24,3,0,2,25,0,0,1,1
197,Stefan Ilsanker,at  AUT,"MF,DF",Eint Frankfurt,31-307,1989,12.5,546,524,22,19,0,64,5,2,0,0,0,0,343,75,128,50,421,50,3,3,423,0,4,12,15
198,Marcus Ingvartsen,dk  DEN,"MF,FW",Union Berlin,25-076,1996,17.4,501,474,27,17,1,130,13,20,9,6,3,0,293,99,109,328,87,41,0,7,353,5,14,13,17
199,Ismail Jakobs,de  GER,"DF,MF",Köln,21-216,1999,16.2,554,475,79,5,0,89,19,51,1,1,0,0,275,136,143,403,45,19,73,3,363,3,15,11,29
200,Tony Jantschke,de  GER,DF,M'Gladbach,30-348,1990,2.8,248,245,3,2,0,17,6,0,0,0,0,0,213,14,21,42,194,8,1,2,229,0,5,1,2
201,Rune Jarstein,no  NOR,GK,Hertha BSC,36-173,1984,7.0,254,179,75,15,0,7,4,0,0,0,0,0,116,11,127,22,187,0,0,25,166,2,4,3,2
202,Tin Jedvaj,hr  CRO,DF,Leverkusen,25-113,1995,0.2,7,7,0,0,0,1,1,0,0,0,0,0,5,1,1,1,6,0,0,0,7,0,0,0,0
203,Fredrik Jensen,fi  FIN,"FW,MF",Augsburg,23-193,1997,2.9,61,59,2,0,1,22,3,2,1,0,1,0,41,8,12,9,47,2,1,0,40,0,1,3,2
204,Marco John,de  GER,DF,Hoffenheim,18-353,2002,9.3,443,358,85,2,0,39,7,20,0,0,0,0,261,123,59,279,58,15,83,1,348,1,3,15,24
205,Luka Jović,rs  SRB,"FW,MF",Eint Frankfurt,23-088,1997,4.7,116,113,3,0,1,40,4,1,0,0,0,0,69,27,20,23,70,6,1,1,90,0,1,3,3
206,Ozan Kabak,tr  TUR,DF,Schalke 04,20-361,2000,13.8,680,666,14,12,2,90,18,0,0,0,0,0,518,51,111,85,540,22,2,2,605,1,5,8,2
207,Pavel Kadeřábek,cz  CZE,DF,Hoffenheim,28-330,1992,8.6,436,336,100,3,1,62,2,25,0,0,0,0,187,136,113,28,266,24,97,2,306,0,4,7,30
208,Sasa Kalajdzic,at  AUT,FW,Stuttgart,23-257,1997,16.1,427,394,33,2,2,145,3,4,0,0,0,0,261,100,66,53,277,28,2,12,298,0,6,12,18
209,Daichi Kamada,jp  JPN,"MF,FW",Eint Frankfurt,24-228,1996,19.6,698,630,68,14,3,140,26,36,49,11,14,8,478,91,129,108,527,40,2,8,510,4,10,21,33
210,Marcin Kamiński,pl  POL,DF,Stuttgart,29-065,1992,1.4,128,124,4,2,0,10,3,0,0,0,0,0,105,8,15,96,21,5,2,0,115,0,1,0,1
211,Kevin Kampl,si  SVN,MF,RB Leipzig,30-163,1990,16.2,1052,1017,35,27,5,154,11,1,2,1,1,0,817,96,139,109,886,35,6,2,939,2,14,9,17
212,Atakan Karazor,de  GER,DF,Stuttgart,24-159,1996,5.8,297,275,22,19,0,24,2,0,0,0,0,0,239,24,34,34,242,11,1,1,258,0,2,3,4
213,Loris Karius,de  GER,GK,Union Berlin,27-272,1993,3.2,95,66,29,9,0,5,1,0,0,0,0,0,33,2,60,9,72,0,0,10,58,2,2,0,0
214,Noah Katterbach,de  GER,DF,Köln,19-342,2001,9.5,462,384,78,5,0,54,8,18,0,0,0,0,279,103,80,248,114,18,73,0,357,1,17,15,15
215,Yannik Keitel,de  GER,MF,Freiburg,21-034,2000,0.8,14,14,0,0,0,2,0,0,0,0,0,0,9,1,4,5,6,1,0,0,12,0,0,0,1
216,Marc-Oliver Kempf,de  GER,DF,Stuttgart,26-052,1995,23.5,1284,1175,109,64,1,141,45,10,0,0,0,0,841,154,289,1004,134,63,45,7,1037,8,17,20,26
217,Rani Khedira,de  GER,MF,Augsburg,27-053,1994,15.3,518,501,17,8,0,100,11,7,0,0,0,0,318,76,124,56,387,49,2,3,379,2,19,5,20
218,Sami Khedira,de  GER,MF,Hertha BSC,33-351,1987,1.8,91,86,5,5,0,11,4,0,0,0,0,0,69,11,11,17,70,1,0,0,70,1,2,1,1
219,Luca Kilian,de  GER,DF,Mainz 05,21-201,1999,4.2,222,214,8,8,0,20,6,0,0,0,0,0,168,14,40,24,176,13,0,0,193,0,2,2,3
220,Joshua Kimmich,de  GER,MF,Bayern Munich,26-041,1995,16.4,1466,1279,187,72,10,162,90,34,94,36,35,8,988,156,322,264,1120,50,21,4,1236,8,13,28,15
221,Davy Klaassen,nl  NED,MF,Werder Bremen,28-028,1993,2.5,64,62,2,2,0,13,0,1,0,0,0,0,43,12,9,12,45,5,0,0,44,2,3,0,3
222,Felix Klaus,de  GER,"DF,MF",Wolfsburg,28-189,1992,1.5,72,62,10,0,0,4,1,1,0,0,0,0,46,14,12,3,54,3,10,1,58,0,3,0,4
223,Klauss,br  BRA,FW,Hoffenheim,24-020,1997,0.6,22,21,1,0,1,7,0,0,0,0,0,0,15,2,5,3,18,0,0,0,18,0,0,0,1
224,Philipp Klement,de  GER,"MF,FW",Stuttgart,28-193,1992,3.0,213,168,45,17,0,22,8,7,22,6,14,1,129,27,57,189,14,2,6,0,167,0,4,1,6
225,Mateo Klimowicz,de  GER,"FW,MF",Stuttgart,20-258,2000,10.6,223,212,11,1,2,41,4,4,1,1,0,0,181,16,26,74,137,4,3,1,167,1,3,13,9
226,Fabian Klos,de  GER,FW,Arminia,33-109,1987,23.8,610,577,33,2,1,247,16,18,1,0,0,0,258,198,154,77,279,89,2,17,354,4,19,23,28
227,Lukas Klostermann,de  GER,DF,RB Leipzig,24-292,1996,10.3,749,703,46,19,0,46,7,4,0,0,0,0,581,57,111,124,573,15,27,1,662,1,8,10,4
228,Justin Kluivert,nl  NED,FW,RB Leipzig,21-320,1999,5.6,160,155,5,0,1,26,4,21,0,0,0,0,109,24,27,28,118,5,5,1,112,0,3,4,12
229,Lukas Klünter,de  GER,DF,Hertha BSC,24-299,1996,5.0,249,230,19,4,0,24,3,4,0,0,0,0,178,25,46,31,197,5,15,0,198,1,9,5,7
230,Ansgar Knauff,de  GER,FW,Dortmund,19-070,2002,0.1,,,,,,,,2,,,,,,,,,,,,,,,,,
231,Robin Knoche,de  GER,DF,Union Berlin,28-303,1992,26.0,1503,1450,53,50,1,137,56,0,0,0,0,0,1104,120,279,242,1107,102,3,4,1285,6,26,11,13
232,Gregor Kobel,ch  SUI,GK,Stuttgart,23-105,1997,26.0,921,679,242,32,0,53,9,0,0,0,0,0,621,26,274,149,593,0,0,153,751,2,19,5,4
233,Sead Kolašinac,ba  BIH,"DF,MF",Schalke 04,27-274,1993,10.7,511,451,60,10,0,48,2,11,0,0,0,0,359,75,77,384,54,19,50,1,421,1,11,16,9
234,Ibrahima Konaté,fr  FRA,DF,RB Leipzig,21-300,1999,4.6,257,245,12,10,0,27,4,0,2,0,1,1,200,17,40,21,219,8,0,2,214,1,1,6,0
235,Filip Kostić,rs  SRB,DF,Eint Frankfurt,28-140,1992,20.2,1053,840,213,28,2,118,39,153,47,20,21,1,527,220,306,791,85,28,138,1,652,7,20,36,78
236,Nianzou Kouassi,fr  FRA,DF,Bayern Munich,18-287,2002,0.2,7,6,1,1,0,2,0,0,0,0,0,0,6,1,0,0,6,1,0,0,7,0,0,0,0
237,Andrej Kramarić,hr  CRO,"FW,MF",Hoffenheim,29-275,1991,18.9,720,665,55,13,3,110,16,41,8,1,1,1,526,99,95,106,572,16,21,3,549,7,8,28,28
238,Christoph Kramer,de  GER,MF,M'Gladbach,30-030,1991,18.7,1010,975,35,33,1,120,13,3,0,0,0,0,748,119,143,145,807,35,2,4,879,2,8,16,15
239,Max Kruse,de  GER,"FW,MF",Union Berlin,33-002,1988,11.8,436,395,41,15,4,66,15,19,14,4,8,2,270,86,80,300,90,21,3,12,327,1,6,12,18
240,Lukas Kübler,de  GER,DF,Freiburg,28-203,1992,6.7,303,242,61,2,1,49,8,11,0,0,0,0,132,54,117,27,178,27,59,2,197,2,5,7,16
241,Pierre Kunde,cm  CMR,MF,Mainz 05,25-238,1995,5.7,294,273,21,12,2,47,13,3,6,0,5,1,182,43,69,34,237,15,2,5,224,1,3,11,8
242,Fabian Kunze,de  GER,MF,Arminia,22-280,1998,12.0,495,485,10,9,0,103,7,2,0,0,0,0,343,63,89,43,380,40,1,1,392,1,8,12,8
243,Ahmed Kutucu,tr  TUR,"FW,MF",Schalke 04,21-020,2000,1.2,37,34,3,0,0,6,2,2,0,0,0,0,24,7,6,8,22,4,0,0,22,1,0,2,2
244,Maxence Lacroix,fr  FRA,DF,Wolfsburg,20-349,2000,22.1,1290,1260,30,30,0,115,39,7,0,0,0,0,948,85,257,175,1012,71,0,8,1070,4,22,12,16
245,Stefan Lainer,at  AUT,DF,M'Gladbach,28-206,1992,22.9,1234,1018,216,20,2,137,17,65,1,0,1,0,692,257,285,226,760,39,195,3,914,7,23,30,54
246,Michael Langer,at  AUT,GK,Schalke 04,36-074,1985,2.7,76,47,29,3,0,8,1,0,0,0,0,0,36,3,37,3,64,0,0,7,50,0,1,0,0
247,Danny Latza,de  GER,MF,Mainz 05,31-104,1989,16.8,627,576,51,26,1,125,20,16,18,6,9,1,371,99,157,92,474,37,4,3,437,3,18,17,23
248,Valentino Lazaro,at  AUT,"DF,FW",M'Gladbach,24-362,1996,8.9,374,314,60,12,0,42,7,15,3,1,1,0,234,73,67,53,258,12,45,0,288,0,4,15,8
249,Mathew Leckie,au  AUS,"FW,DF",Hertha BSC,30-045,1991,3.3,143,126,17,1,0,27,5,4,0,0,0,0,90,29,24,16,91,8,16,4,111,0,2,8,6
250,Christopher Lenz,de  GER,DF,Union Berlin,26-180,1994,18.9,989,785,204,12,2,137,25,44,1,0,1,0,517,172,300,554,171,43,191,6,734,3,23,28,42
251,Robert Lewandowski,pl  POL,FW,Bayern Munich,32-212,1988,23.3,593,570,23,4,3,124,12,19,0,0,0,0,406,111,76,67,467,25,0,5,452,3,8,26,29
252,Philipp Lienhart,at  AUT,DF,Freiburg,24-253,1996,24.5,1397,1326,71,62,0,108,51,1,0,0,0,0,1059,102,236,128,1171,64,9,5,1175,2,25,17,17
253,Dimitris Limnios,gr  GRE,"MF,FW",Köln,22-298,1998,4.1,127,122,5,2,0,28,4,9,1,1,0,0,85,21,21,7,112,3,2,1,79,1,4,7,14
254,Niklas Lomb,de  GER,GK,Leverkusen,27-236,1993,1.5,60,49,11,4,0,3,0,0,0,0,0,0,41,2,17,4,42,0,0,14,48,0,0,0,0
255,Eduard Löwen,de  GER,"MF,DF",Hertha BSC,24-052,1997,0.5,37,32,5,1,0,4,0,3,0,0,0,0,21,7,9,2,28,3,4,0,25,1,1,0,2
256,Jan Luca Schuler,de  GER,FW,Schalke 04,21-364,1999,0.4,13,13,0,0,0,6,0,0,0,0,0,0,5,5,3,2,7,2,0,0,7,0,1,1,0
257,Anderson Lucoqui,ao  ANG,DF,Arminia,23-258,1997,10.9,463,352,111,15,0,75,7,8,0,0,0,0,253,86,124,300,44,18,96,0,319,0,11,16,24
258,Kilian Ludewig,de  GER,DF,Schalke 04,21-016,2000,5.8,294,228,66,4,2,42,0,7,0,0,0,0,152,82,60,20,197,10,62,0,220,2,5,7,18
259,Dodi Lukebakio,be  BEL,"FW,MF",Hertha BSC,23-178,1997,17.8,466,448,18,8,0,89,18,24,2,0,1,1,324,67,75,317,104,16,5,7,349,1,10,17,17
260,Andreas Luthe,de  GER,GK,Union Berlin,34-011,1987,22.8,787,576,211,61,0,43,10,0,0,0,0,0,376,27,384,83,582,0,1,80,534,1,20,6,2
261,Tim Maciejewski,de  GER,MF,Union Berlin,20-016,2001,0.1,3,3,0,0,0,1,0,0,0,0,0,0,2,1,0,0,3,0,0,0,2,0,0,0,1
262,Mikail Maden,no  NOR,FW,Schalke 04,19-063,2002,0.1,2,2,0,0,0,2,0,0,0,0,0,0,2,0,0,0,2,0,0,0,2,0,0,0,0
263,Yunus Mallı,tr  TUR,MF,Wolfsburg,29-025,1992,0.6,13,12,1,0,0,1,0,0,0,0,0,0,10,2,1,1,12,0,0,0,11,0,0,0,0
264,Orel Mangala,be  BEL,MF,Stuttgart,23-003,1998,23.4,1039,1023,16,12,3,155,9,10,1,0,1,0,876,76,87,132,869,27,3,1,881,1,9,29,19
265,Omar Marmoush,eg  EGY,FW,Wolfsburg,22-042,1999,0.0,1,1,0,0,0,0,0,0,0,0,0,0,0,1,0,0,0,1,0,0,1,0,0,0,0
266,Aarón Martín,es  ESP,DF,Mainz 05,23-333,1997,2.9,169,126,43,2,0,15,3,13,3,0,2,0,74,45,50,123,6,2,38,0,122,0,3,3,8
267,Javi Martínez,es  ESP,"MF,DF",Bayern Munich,32-200,1988,3.5,264,261,3,2,0,22,3,0,0,0,0,0,212,21,31,49,190,14,1,2,235,0,5,2,0
268,Omar Mascarell,es  ESP,MF,Schalke 04,28-047,1993,15.6,703,677,26,21,4,114,30,7,5,2,3,0,478,78,147,134,515,33,0,2,583,3,6,5,12
269,Roberto Massimo,de  GER,"DF,FW",Stuttgart,20-160,2000,3.9,126,109,17,2,0,27,3,2,0,0,0,0,83,28,15,22,79,6,14,1,90,2,2,3,11
270,Jean-Philippe Mateta,fr  FRA,FW,Mainz 05,23-266,1997,11.1,252,224,28,0,1,65,2,4,1,1,0,0,168,52,32,46,156,21,0,8,182,1,3,1,13
271,Rabbi Matondo,wal  WAL,"FW,MF",Schalke 04,20-193,2000,2.4,40,40,0,0,0,13,2,1,0,0,0,0,31,6,3,9,28,2,0,0,34,0,0,0,4
272,Konstantinos Mavropanos,gr  GRE,DF,Stuttgart,23-100,1997,11.7,657,549,108,26,0,63,33,4,1,0,0,0,375,105,177,95,424,38,81,4,508,2,8,26,14
273,Eric Maxim Choupo-Moting,cm  CMR,"MF,FW",Bayern Munich,31-363,1989,4.8,107,104,3,0,0,27,0,1,0,0,0,0,87,14,6,16,82,3,0,1,84,1,0,6,2
274,Kevin Mbabu,ch  SUI,DF,Wolfsburg,25-336,1995,12.1,594,498,96,0,0,57,16,34,0,0,0,0,292,141,161,85,359,41,96,0,409,4,17,27,36
275,Jean-Manuel Mbom,de  GER,"MF,DF",Werder Bremen,21-025,2000,11.8,317,290,27,1,0,71,9,12,0,0,0,0,183,65,69,36,218,14,26,3,224,1,13,6,11
276,Nathan de Medina,be  BEL,DF,Arminia,23-164,1997,5.2,244,176,68,5,0,37,3,5,0,0,0,0,116,52,76,35,135,10,63,1,172,1,8,3,9
277,Joshua Mees,de  GER,FW,Union Berlin,24-340,1996,0.1,3,3,0,0,0,1,0,0,0,0,0,0,3,0,0,1,2,0,0,0,2,0,1,0,0
278,Admir Mehmedi,ch  SUI,"MF,FW",Wolfsburg,30-005,1991,8.7,381,361,20,5,1,61,11,19,7,2,1,0,278,58,45,49,304,13,3,8,299,1,5,9,15
279,Hamza Mendyl,ma  MAR,FW,Schalke 04,23-151,1997,1.1,29,27,2,1,0,7,0,2,0,0,0,0,24,1,4,20,5,1,1,0,23,0,0,0,2
280,Jorge Meré,es  ESP,DF,Köln,23-338,1997,12.6,538,518,20,11,0,39,21,0,0,0,0,0,424,32,82,124,369,32,1,3,483,1,6,5,2
281,Thomas Meunier,be  BEL,DF,Dortmund,29-190,1991,15.2,1108,985,123,7,4,134,22,47,0,0,0,0,730,181,197,70,860,49,116,2,894,2,10,23,37
282,Max Meyer,de  GER,MF,Köln,25-184,1995,2.5,190,182,8,5,0,15,6,2,1,1,0,0,150,18,22,46,139,4,0,0,163,0,2,4,2
283,Maximilian Mittelstädt,de  GER,"DF,MF",Hertha BSC,24-003,1997,16.2,931,764,167,19,1,114,39,45,1,0,0,1,491,214,226,602,135,34,147,2,699,4,21,20,39
284,Anthony Modeste,fr  FRA,"FW,MF",Köln,32-341,1988,2.5,48,45,3,0,0,16,0,0,0,0,0,0,21,14,13,4,27,4,0,1,28,0,0,1,2
285,Kevin Möhwald,de  GER,MF,Werder Bremen,27-261,1993,13.3,704,645,59,48,2,57,21,14,8,0,4,1,523,73,108,42,618,24,3,5,589,2,10,21,14
286,Niklas Moisander,fi  FIN,DF,Werder Bremen,35-173,1985,6.6,440,426,14,14,0,26,9,0,0,0,0,0,341,22,77,229,182,24,0,1,393,0,4,2,3
287,Alkhaly Momo Cissé,gn  GUI,"DF,FW",Stuttgart,18-155,2002,0.2,12,11,1,0,0,0,0,0,0,0,0,0,10,2,0,4,7,0,1,0,11,0,1,0,0
288,Jan Morávek,cz  CZE,MF,Augsburg,31-140,1989,0.2,9,9,0,0,0,3,0,0,0,0,0,0,3,4,2,2,4,3,0,0,2,0,1,0,2
289,Mateu Morey,es  ESP,DF,Dortmund,21-019,2000,7.8,628,556,72,6,1,40,11,18,0,0,0,0,465,84,79,58,489,10,66,0,523,1,4,22,16
290,Youssoufa Moukoko,de  GER,"FW,MF",Dortmund,16-121,2004,4.7,73,66,7,0,0,15,0,3,0,0,0,0,57,10,6,53,17,1,0,1,56,0,1,1,3
291,Nordi Mukiele,fr  FRA,DF,RB Leipzig,23-140,1997,15.6,971,822,149,17,0,135,25,29,0,0,0,0,556,199,216,54,695,52,132,0,755,3,17,25,48
292,Florian Müller,de  GER,GK,Freiburg,23-128,1997,25.0,1047,758,289,66,0,91,16,0,0,0,0,0,481,39,527,713,187,1,0,113,683,2,21,4,3
293,Sebastian Müller,de  GER,"MF,DF",Arminia,20-057,2001,0.0,1,1,0,0,0,0,0,0,0,0,0,0,0,1,0,0,1,0,0,0,0,0,0,0,0
294,Thomas Müller,de  GER,MF,Bayern Munich,31-189,1989,22.6,1135,1060,75,8,7,190,25,83,6,2,1,0,691,229,215,178,817,67,33,11,847,3,15,32,49
295,Petar Musa,hr  CRO,FW,Union Berlin,23-017,1998,2.2,67,66,1,0,0,21,0,2,0,0,0,0,30,16,21,13,33,8,0,1,37,0,2,3,4
296,Jamal Musiala,eng  ENG,"MF,FW",Bayern Munich,18-023,2003,5.6,275,271,4,1,0,38,6,5,0,0,0,0,228,25,22,32,224,12,2,3,237,0,4,7,5
297,Shkodran Mustafi,de  GER,DF,Schalke 04,28-338,1992,6.0,277,257,20,19,0,33,8,0,0,0,0,0,201,33,43,11,233,22,1,1,233,0,4,3,4
298,Phillipp Mwene,at  AUT,DF,Mainz 05,27-051,1994,11.5,370,303,67,8,0,54,7,33,4,0,1,3,166,77,127,108,188,14,55,1,232,1,12,13,30
299,Obite N'Dicka,fr  FRA,DF,Eint Frankfurt,21-213,1999,16.0,836,779,57,14,0,94,12,3,0,0,0,0,631,98,107,649,84,40,43,3,720,0,11,14,19
300,Matija Nastasić,rs  SRB,DF,Schalke 04,27-358,1993,13.6,679,648,31,29,0,49,28,0,0,0,0,0,524,41,114,510,127,23,2,2,594,1,9,5,0
301,Paul Nebel,de  GER,MF,Mainz 05,18-162,2002,0.6,28,27,1,0,0,5,3,0,0,0,0,0,23,3,2,1,27,0,0,0,22,0,1,1,1
302,Luca Netz,de  GER,DF,Hertha BSC,17-310,2003,3.3,164,140,24,1,0,19,3,10,0,0,0,0,97,36,31,116,17,3,23,1,128,2,5,2,4
303,Manuel Neuer,de  GER,GK,Bayern Munich,34-359,1986,26.0,983,791,192,56,1,50,38,0,0,0,0,0,640,103,240,170,641,12,1,141,867,2,13,6,2
304,Florian Neuhaus,de  GER,MF,M'Gladbach,24-005,1997,21.5,1296,1249,47,37,5,207,51,3,8,3,5,0,991,128,177,209,1048,22,2,3,1074,9,12,27,23
305,Jessic Ngankam,de  GER,FW,Hertha BSC,20-244,2000,1.4,26,24,2,0,0,6,0,1,0,0,0,0,21,2,3,3,22,0,1,0,18,1,0,2,1
306,Moussa Niakhate,fr  FRA,DF,Mainz 05,25-013,1996,22.8,1109,971,138,27,1,137,28,14,0,0,0,0,684,119,306,841,114,24,111,1,839,2,25,14,30
307,Florian Niederlechner,de  GER,FW,Augsburg,30-148,1990,15.6,275,249,26,0,2,70,9,7,0,0,0,0,165,65,45,46,175,28,0,11,194,0,5,8,15
308,Joakim Nilsson,se  SWE,DF,Arminia,27-043,1994,16.0,724,695,29,25,0,74,27,1,0,0,0,0,541,52,131,573,84,35,4,2,614,3,14,6,8
309,Christopher Nkunku,fr  FRA,"FW,MF",RB Leipzig,23-127,1997,14.9,717,612,105,36,4,111,22,34,60,28,20,7,479,93,145,42,624,20,9,3,557,2,8,24,19
310,Håvard Nordtveit,no  NOR,DF,Hoffenheim,30-273,1990,6.8,395,372,23,23,1,44,22,0,0,0,0,0,281,21,93,47,311,20,0,1,336,0,6,1,3
311,Kasim Nuhu,gh  GHA,DF,Hoffenheim,25-272,1995,11.0,647,622,25,19,1,56,26,2,0,0,0,0,488,52,107,38,563,24,6,2,550,0,7,7,14
312,Bastian Oczipka,de  GER,DF,Schalke 04,32-068,1989,16.5,856,667,189,20,1,96,20,38,20,8,12,0,456,201,199,537,131,29,149,1,655,3,9,12,31
313,Masaya Okugawa,jp  JPN,"MF,FW",Arminia,24-341,1996,3.3,39,33,6,2,0,7,1,1,3,1,2,0,24,5,10,13,21,3,0,0,20,0,2,2,3
314,Dani Olmo,es  ESP,"MF,FW",RB Leipzig,22-318,1998,19.9,1038,1013,25,10,7,221,19,19,6,3,0,1,756,117,165,128,843,27,7,13,799,8,17,54,36
315,Karim Onisiwo,at  AUT,FW,Mainz 05,29-004,1992,13.7,279,260,19,0,0,93,7,26,1,0,1,0,164,56,59,50,170,15,3,8,172,1,10,8,14
316,Willi Orban,hu  HUN,DF,RB Leipzig,28-138,1992,19.3,1509,1460,49,37,1,179,19,3,0,0,0,0,1151,160,198,178,1176,82,12,11,1331,2,17,23,11
317,Stefan Ortega,de  GER,GK,Arminia,28-135,1992,26.0,1505,1213,292,109,2,171,83,0,0,0,0,0,693,46,766,208,1080,2,0,98,1085,8,42,5,5
318,Yuya Osako,jp  JPN,"FW,MF",Werder Bremen,30-307,1990,6.6,192,181,11,0,0,59,2,5,0,0,0,0,116,41,35,47,111,14,2,1,131,1,2,6,7
319,Paulo Otávio,br  BRA,DF,Wolfsburg,26-118,1994,14.4,758,617,141,3,0,70,16,45,1,0,1,0,396,186,176,509,64,34,137,0,563,0,10,15,26
320,Reece Oxford,eng  ENG,DF,Augsburg,22-095,1998,9.3,438,420,18,12,0,54,9,1,0,0,0,0,344,28,66,20,383,15,6,1,368,0,10,11,7
321,Salih Özcan,de  GER,"MF,FW",Köln,23-069,1998,13.8,578,536,42,30,0,112,12,10,0,0,0,0,391,95,92,76,421,46,9,6,459,4,8,16,12
322,Levin Öztunalı,de  GER,"DF,FW",Mainz 05,25-006,1996,7.7,256,214,42,4,1,43,10,18,1,1,0,0,139,50,67,33,173,9,37,1,163,1,9,8,15
323,Gonçalo Paciência,pt  POR,FW,Schalke 04,26-232,1994,6.2,123,105,18,0,0,28,7,7,0,0,0,0,76,25,22,24,79,7,0,3,78,1,5,1,7
324,Exequiel Palacios,ar  ARG,MF,Leverkusen,22-167,1998,1.0,62,58,4,1,0,2,1,1,0,0,0,0,46,9,7,4,53,2,3,0,53,1,1,0,1
325,Matondo-Merveille Papela,de  GER,DF,Mainz 05,20-062,2001,0.0,1,0,1,0,0,0,0,0,0,0,0,0,0,1,0,0,0,0,1,0,1,0,0,0,0
326,Felix Passlack,de  GER,DF,Dortmund,22-296,1998,3.8,295,251,44,3,0,47,4,6,0,0,0,0,212,49,34,65,181,7,41,1,249,0,2,2,10
327,Benjamin Pavard,fr  FRA,DF,Bayern Munich,24-358,1996,15.4,1136,1010,126,11,0,75,20,39,1,0,1,0,792,190,154,48,922,28,114,3,965,1,12,22,19
328,Jiří Pavlenka,cz  CZE,GK,Werder Bremen,28-341,1992,26.0,854,539,315,98,0,53,35,0,0,0,0,0,403,40,411,98,591,2,0,125,618,3,25,6,2
329,Mads Pedersen,dk  DEN,DF,Augsburg,24-201,1996,7.4,314,220,94,15,0,64,9,4,7,3,2,1,163,69,82,185,42,10,72,3,229,2,8,8,12
330,Peter Pekarík,sk  SVK,DF,Hertha BSC,34-142,1986,15.8,818,655,163,10,0,69,11,31,1,0,0,0,453,205,160,39,564,50,152,5,667,2,15,14,13
331,Philipp Pentke,de  GER,GK,Hoffenheim,35-324,1985,1.0,29,25,4,0,0,4,0,0,0,0,0,0,21,1,7,2,22,0,0,5,23,0,1,1,0
332,Pavao Pervan,at  AUT,GK,Wolfsburg,33-128,1987,1.0,32,20,12,3,0,1,1,0,0,0,0,0,11,1,20,6,23,0,0,1,18,0,3,0,1
333,Nils Petersen,de  GER,FW,Freiburg,32-105,1988,11.5,196,190,6,0,2,58,2,3,0,0,0,0,92,70,34,34,106,22,0,10,131,0,5,5,15
334,Maximilian Philipp,de  GER,MF,Wolfsburg,27-020,1994,6.8,223,214,9,1,0,47,4,3,1,1,0,0,145,44,34,48,149,12,3,4,153,1,6,8,13
335,Krzysztof Piątek,pl  POL,FW,Hertha BSC,25-263,1995,15.3,336,305,31,1,1,87,9,4,0,0,0,0,187,82,67,25,246,29,1,4,235,3,4,12,15
336,Amos Pieper,de  GER,DF,Arminia,23-063,1998,22.8,1185,1151,34,29,1,131,69,2,0,0,0,0,822,92,271,161,922,71,5,2,989,3,26,5,8
337,Łukasz Piszczek,pl  POL,DF,Dortmund,35-291,1985,0.7,45,41,4,2,0,1,0,0,0,0,0,0,37,2,6,3,37,3,2,0,37,0,0,1,0
338,Marvin Plattenhardt,de  GER,DF,Hertha BSC,29-054,1992,8.9,527,397,130,20,0,56,18,37,19,5,10,0,292,88,147,400,20,12,91,0,392,0,3,4,28
339,Alassane Pléa,fr  FRA,FW,M'Gladbach,28-011,1993,14.8,467,446,21,0,1,117,11,26,0,0,0,0,316,80,71,67,351,13,1,16,333,4,14,21,22
340,Marin Pongračić,hr  CRO,DF,Wolfsburg,23-191,1997,5.1,267,254,13,12,0,25,6,0,0,0,0,0,207,18,42,55,193,14,1,1,229,0,6,7,2
341,Stefan Posch,at  AUT,DF,Hoffenheim,23-311,1997,15.9,871,747,124,39,1,109,37,14,0,0,0,0,502,151,218,111,624,34,85,0,657,4,20,16,39
342,Yussuf Poulsen,dk  DEN,FW,RB Leipzig,26-279,1994,13.3,407,386,21,0,0,121,0,9,0,0,0,0,240,97,70,57,281,23,2,19,291,3,5,14,16
343,Manuel Prietl,at  AUT,MF,Arminia,29-230,1991,20.0,730,718,12,11,0,135,19,3,1,1,0,0,539,85,106,194,463,48,0,3,594,0,7,16,19
344,Grischa Prömel,de  GER,MF,Union Berlin,26-071,1995,16.4,619,587,32,11,0,98,7,5,0,0,0,0,417,98,104,110,435,45,2,11,479,2,13,15,19
345,Robin Quaison,se  SWE,"FW,MF",Mainz 05,27-163,1993,13.3,273,267,6,1,1,71,9,4,0,0,0,0,163,53,57,20,203,25,1,11,183,2,5,7,16
346,Nemanja Radonjić,rs  SRB,"FW,MF",Hertha BSC,25-034,1996,1.5,44,41,3,0,0,10,1,2,1,0,0,0,35,3,6,9,32,1,0,1,33,0,0,1,1
347,Benito Raman,be  BEL,"FW,MF",Schalke 04,26-134,1994,13.5,300,265,35,1,0,43,6,15,1,0,0,0,191,71,38,33,227,14,16,2,201,3,3,13,32
348,Milot Rashica,xk  KVX,"FW,MF",Werder Bremen,24-266,1996,10.7,240,231,9,0,0,45,10,17,1,0,0,0,148,47,45,50,163,18,2,3,164,3,7,8,10
349,Daishawn Redan,nl  NED,"MF,FW",Hertha BSC,20-047,2001,0.8,21,21,0,0,0,0,0,3,0,0,0,0,14,6,1,1,17,3,0,0,15,0,1,2,0
350,Reinier,br  BRA,"MF,FW",Dortmund,19-061,2002,1.7,52,52,0,0,0,4,0,0,0,0,0,0,44,6,2,2,45,2,0,1,49,0,0,1,0
351,Rocco Reitz,de  GER,MF,M'Gladbach,18-296,2002,0.7,43,43,0,0,1,8,0,0,0,0,0,0,26,7,10,2,38,3,0,0,35,1,0,1,0
352,Marco Reus,de  GER,"MF,FW",Dortmund,31-294,1989,18.2,808,752,56,22,4,125,10,37,10,4,3,0,627,99,82,164,600,17,8,8,643,3,7,24,40
353,Elvis Rexhbeçaj,de  GER,"MF,FW",Köln,23-140,1997,17.9,578,514,64,20,2,100,21,28,30,17,7,3,351,77,150,422,115,24,7,6,376,5,4,30,32
354,Gio Reyna,us  USA,"FW,MF",Dortmund,18-128,2002,16.5,747,697,50,8,4,125,14,24,22,9,10,0,583,84,80,77,604,30,18,4,592,2,14,19,26
355,Marco Richter,de  GER,"FW,MF",Augsburg,23-117,1997,9.2,279,266,13,2,1,47,6,24,2,1,0,0,152,59,68,83,169,13,5,2,165,4,10,20,24
356,Marc Roca,es  ESP,MF,Bayern Munich,24-115,1996,1.6,103,102,1,0,0,7,3,2,1,0,0,0,85,7,11,83,16,3,0,0,93,0,0,1,1
357,Sebastian Rode,de  GER,MF,Eint Frankfurt,30-161,1990,13.8,730,715,15,12,3,118,7,5,2,0,0,0,519,99,112,109,551,44,1,5,601,2,18,10,18
358,Jérôme Roussillon,fr  FRA,DF,Wolfsburg,28-074,1993,10.5,557,458,99,5,0,68,16,38,0,0,0,0,310,114,133,379,56,23,94,0,421,1,13,13,19
359,Georginio Rutter,fr  FRA,"MF,FW",Hoffenheim,18-335,2002,0.1,10,10,0,0,0,4,1,1,0,0,0,0,5,4,1,6,3,0,0,0,8,0,1,0,0
360,Julian Ryerson,no  NOR,DF,Union Berlin,23-124,1997,8.5,356,298,58,6,0,46,5,10,0,0,0,0,208,71,77,55,221,19,52,1,260,3,12,10,14
361,Frederik Rønnow,dk  DEN,GK,Schalke 04,28-229,1992,9.5,327,235,92,17,0,25,4,0,0,0,0,0,185,23,119,25,231,0,0,59,249,3,11,3,1
362,João Victor Santos Sá,br  BRA,FW,Wolfsburg,26-359,1994,4.0,133,130,3,0,0,27,0,3,0,0,0,0,100,22,11,24,93,3,3,4,101,1,1,4,8
363,Marcel Sabitzer,at  AUT,MF,RB Leipzig,27-004,1994,16.6,990,939,51,36,5,173,35,17,0,0,0,0,637,142,211,152,750,53,14,8,790,7,21,19,28
364,Roland Sallai,hu  HUN,"MF,FW",Freiburg,23-303,1997,12.2,344,337,7,4,0,77,7,27,0,0,0,0,212,74,58,73,235,11,1,4,239,1,7,8,20
365,Lazar Samardzic,de  GER,"MF,FW",RB Leipzig,19-025,2002,2.0,63,62,1,1,1,24,0,0,0,0,0,0,42,12,9,45,13,4,0,0,48,0,0,1,1
366,Diadie Samassékou,ml  MLI,MF,Hoffenheim,25-069,1996,21.5,1043,1025,18,18,3,176,24,6,0,0,0,0,755,118,170,108,836,69,0,8,869,0,19,21,23
367,Jadon Sancho,eng  ENG,"FW,MF",Dortmund,20-361,2000,19.7,1281,1158,123,24,4,156,24,43,60,26,25,1,987,155,139,157,1053,28,37,1,1004,9,23,48,38
368,Leroy Sané,de  GER,"FW,MF",Bayern Munich,25-069,1996,15.4,597,552,45,4,1,97,35,44,33,16,11,1,424,80,93,491,77,10,8,7,433,0,15,20,34
369,Salif Sané,sn  SEN,DF,Schalke 04,30-208,1990,8.5,552,524,28,28,1,63,18,3,0,0,0,0,388,59,105,105,373,40,0,2,458,1,12,3,6
370,Baptiste Santamaria,fr  FRA,MF,Freiburg,26-012,1995,18.7,809,794,15,11,0,148,29,17,0,0,0,0,514,142,153,65,660,41,2,6,622,3,9,20,33
371,Josh Sargent,us  USA,FW,Werder Bremen,21-029,2000,22.0,456,429,27,1,3,119,1,11,0,0,0,0,281,112,63,90,266,29,6,22,314,2,7,20,21
372,Bouna Sarr,gn  GUI,DF,Bayern Munich,29-049,1992,3.7,279,242,37,5,0,24,2,7,0,0,0,0,201,52,26,37,195,11,32,0,246,1,4,2,5
373,Patrik Schick,cz  CZE,FW,Leverkusen,25-056,1996,14.1,289,271,18,0,0,94,0,2,0,0,0,0,159,76,54,162,42,27,3,16,205,0,2,10,7
374,Sven Schipplock,de  GER,"FW,MF",Arminia,32-133,1988,7.6,168,163,5,0,0,48,2,9,0,0,0,0,94,40,34,21,98,24,2,6,95,1,4,13,14
375,Xaver Schlager,at  AUT,MF,Wolfsburg,23-174,1997,21.6,909,886,23,18,4,161,24,7,0,0,0,0,626,113,170,561,275,41,2,8,702,10,18,33,25
376,Keven Schlotterbeck,de  GER,DF,Freiburg,23-327,1997,13.9,543,520,23,23,0,63,9,1,0,0,0,0,384,61,98,333,153,36,0,3,450,0,14,10,5
377,Nico Schlotterbeck,de  GER,DF,Union Berlin,21-110,1999,8.3,406,394,12,11,1,54,19,1,1,0,1,0,292,38,76,335,47,15,0,2,333,1,10,8,6
378,Jonathan Schmid,fr  FRA,"DF,MF",Freiburg,30-268,1990,19.8,962,729,233,15,0,111,25,54,1,0,1,0,450,252,260,116,574,43,217,2,744,2,10,25,34
379,Romano Schmid,at  AUT,"FW,MF",Werder Bremen,21-053,2000,10.2,320,308,12,1,0,71,2,8,1,0,0,1,216,46,58,37,260,10,4,2,223,3,11,17,16
380,Benno Schmitz,de  GER,DF,Köln,26-124,1994,1.4,75,65,10,0,0,8,2,0,0,0,0,0,37,14,24,12,47,5,10,1,54,0,2,2,2
381,Alessandro Schöpf,at  AUT,"FW,MF",Schalke 04,27-042,1994,9.5,318,296,22,5,1,57,5,6,6,1,3,2,225,63,30,101,194,7,11,1,250,0,4,9,17
382,Nico Schulz,de  GER,DF,Dortmund,27-354,1993,4.8,259,234,25,5,0,29,2,9,0,0,0,0,206,29,24,197,39,2,20,0,209,1,4,9,12
383,Alexander Schwolow,de  GER,GK,Hertha BSC,28-292,1992,18.0,629,452,177,34,0,36,16,0,0,0,0,0,382,27,220,109,428,0,0,75,504,5,10,4,1
384,Davie Selke,de  GER,FW,Werder Bremen,26-060,1995,4.7,117,112,5,0,0,47,2,4,0,0,0,0,44,35,38,4,60,13,0,8,69,0,4,3,6
385,Suat Serdar,de  GER,MF,Schalke 04,23-344,1997,17.5,491,474,17,9,0,116,10,5,1,0,0,0,361,75,55,50,414,15,1,4,383,3,11,18,17
386,Ryan Sessegnon,eng  ENG,DF,Hoffenheim,20-307,2000,10.6,577,493,84,5,0,51,12,31,0,0,0,0,362,111,104,420,51,19,79,1,449,2,10,22,21
387,Nils Seufert,de  GER,"MF,FW",Arminia,24-046,1997,3.8,154,146,8,5,0,31,1,2,2,0,2,0,105,29,20,26,114,9,1,0,125,0,2,2,5
388,André Silva,pt  POR,FW,Eint Frankfurt,25-135,1995,22.7,560,509,51,2,1,179,8,12,0,0,0,0,364,118,78,61,395,39,7,18,420,1,4,14,23
389,Jóan Símun Edmundsson,fo  FRO,"MF,FW",Arminia,29-238,1991,0.6,15,14,1,0,0,6,1,0,1,0,0,0,10,2,3,13,2,0,0,0,11,0,2,1,1
390,Daley Sinkgraven,nl  NED,DF,Leverkusen,25-260,1995,14.7,1137,978,159,7,4,136,13,16,1,0,1,0,774,190,173,762,178,35,151,3,938,2,19,25,32
391,Tobias Sippel,de  GER,GK,M'Gladbach,32-364,1988,1.0,25,17,8,3,0,5,1,0,0,0,0,0,17,1,7,1,22,0,0,2,21,0,2,0,0
392,Ellyes Skhiri,tn  TUN,MF,Köln,25-315,1995,24.2,1090,1040,50,46,4,140,26,2,0,0,0,0,776,141,173,115,898,46,3,6,946,2,13,18,12
393,Robert Skov,dk  DEN,"DF,FW",Hoffenheim,24-305,1996,7.6,315,266,49,6,0,49,24,26,19,11,5,0,171,56,88,240,27,13,24,6,212,1,14,5,18
394,Steven Skrzybski,de  GER,FW,Schalke 04,28-123,1992,4.1,106,97,9,0,0,15,3,4,0,0,0,0,53,23,30,11,79,4,9,1,61,1,4,4,12
395,Yann Sommer,ch  SUI,GK,M'Gladbach,32-094,1988,25.0,999,770,229,51,0,84,23,0,0,0,0,0,652,46,301,239,640,0,0,95,816,3,7,4,2
396,Borna Sosa,hr  CRO,DF,Stuttgart,23-059,1998,18.0,953,753,200,21,0,88,40,113,37,11,14,5,507,174,272,726,56,21,142,2,662,4,25,39,31
397,Cebio Soukou,bj  BEN,"FW,MF",Arminia,28-170,1992,4.7,108,104,4,0,0,24,2,2,0,0,0,0,81,15,12,10,89,2,3,1,95,1,5,1,2
398,Djibril Sow,ch  SUI,MF,Eint Frankfurt,24-043,1997,17.9,836,823,13,7,2,127,13,3,0,0,0,0,674,68,94,151,628,30,5,4,732,2,13,22,5
399,Jerry St. Juste,nl  NED,DF,Mainz 05,24-153,1996,23.0,1013,921,92,43,0,117,37,11,1,1,0,0,700,114,199,65,820,56,48,2,832,3,7,22,18
400,Benjamin Stambouli,fr  FRA,"MF,DF",Schalke 04,30-220,1990,17.7,791,725,66,32,1,131,33,7,0,0,0,0,450,99,242,187,503,47,34,0,568,6,21,33,18
401,Niklas Stark,de  GER,"DF,MF",Hertha BSC,25-341,1995,24.9,1161,1120,41,34,0,124,38,5,0,0,0,0,856,99,206,73,990,62,6,4,972,2,22,10,16
402,Renato Steffen,ch  SUI,"FW,MF",Wolfsburg,29-138,1991,17.4,661,628,33,6,1,119,17,36,2,0,2,0,410,132,119,500,86,31,20,6,481,5,12,17,31
403,Pascal Stenzel,de  GER,DF,Stuttgart,25-001,1996,11.7,892,752,140,28,0,41,38,5,0,0,0,0,594,133,165,74,656,42,112,3,764,1,14,9,16
404,Lars Stindl,de  GER,"MF,FW",M'Gladbach,32-207,1988,18.1,815,775,40,7,5,143,19,7,18,2,10,2,588,126,101,163,604,25,2,1,663,5,8,26,14
405,Kevin Stöger,at  AUT,"MF,FW",Mainz 05,27-206,1993,5.6,374,314,60,29,0,45,14,14,18,10,3,3,218,57,99,293,52,12,13,1,260,2,5,12,6
406,Tobias Strobl,de  GER,MF,Augsburg,30-313,1990,17.6,709,691,18,15,2,147,26,7,0,0,0,0,415,139,155,72,562,48,0,2,573,3,10,18,18
407,Marek Suchý,cz  CZE,DF,Augsburg,32-357,1988,1.9,104,97,7,7,0,19,2,1,0,0,0,0,83,2,19,35,63,2,0,0,89,0,0,1,1
408,Niklas Süle,de  GER,DF,Bayern Munich,25-199,1995,14.9,1163,1092,71,15,0,87,31,6,1,0,0,0,914,121,128,222,828,42,55,0,1065,1,12,11,8
409,Ádám Szalai,hu  HUN,FW,Mainz 05,33-102,1987,5.6,148,146,2,0,0,55,2,7,0,0,0,0,52,61,35,21,75,19,0,2,75,0,3,4,12
410,Frederik Sørensen,dk  DEN,DF,Köln,28-341,1992,1.1,50,47,3,1,0,8,0,0,0,0,0,0,26,8,16,4,37,3,2,0,38,0,4,0,2
411,Alexander Sørloth,no  NOR,FW,RB Leipzig,25-106,1995,12.5,391,377,14,1,1,138,5,22,0,0,0,0,249,83,59,203,100,24,1,7,291,1,10,9,16
412,Jonathan Tah,de  GER,DF,Leverkusen,25-038,1996,17.2,1435,1409,26,25,0,144,36,0,0,0,0,0,1179,100,156,314,1011,71,1,4,1314,2,7,11,10
413,Edmond Tapsoba,bf  BFA,DF,Leverkusen,22-047,1999,21.5,2172,2104,68,44,3,196,72,1,0,0,0,0,1826,165,181,301,1797,43,6,1,1980,2,21,19,17
414,Niklas Tauer,de  GER,"MF,DF",Mainz 05,20-032,2001,0.8,27,22,5,0,0,6,0,1,0,0,0,0,10,7,10,3,16,1,5,0,17,0,2,1,1
415,Lino Tempelmann,de  GER,"MF,DF",Freiburg,22-047,1999,2.6,141,133,8,0,0,25,2,3,0,0,0,0,100,18,23,29,89,13,7,0,112,0,5,2,6
416,Cedric Teuchert,de  GER,"FW,MF",Union Berlin,24-066,1997,7.2,158,152,6,1,0,35,3,1,2,0,1,1,105,34,19,40,102,11,0,3,112,1,6,7,6
417,Malick Thiaw,de  GER,DF,Schalke 04,19-225,2001,12.4,517,482,35,8,0,61,15,1,0,0,0,0,361,68,88,91,369,17,27,2,414,1,15,8,13
418,Jan Thielmann,de  GER,"FW,MF",Köln,18-299,2002,10.5,323,309,14,0,0,68,7,15,0,0,0,0,172,73,78,19,266,19,7,3,205,2,15,6,32
419,Erik Thommy,de  GER,"FW,DF",Stuttgart,26-213,1994,1.6,67,63,4,1,1,10,3,6,3,2,1,0,47,9,11,19,45,2,0,0,44,0,0,2,5
420,Marcus Thuram,fr  FRA,"FW,MF",M'Gladbach,23-227,1997,12.8,376,370,6,0,2,96,4,14,0,0,0,0,249,71,56,72,246,29,1,6,263,0,1,12,24
421,Steffen Tigges,de  GER,FW,Dortmund,22-233,1998,0.6,21,19,2,0,0,11,0,0,0,0,0,0,9,6,6,7,6,2,0,0,11,0,1,1,1
422,Guus Til,nl  NED,FW,Freiburg,23-089,1997,0.5,11,11,0,0,0,6,0,1,0,0,0,0,7,3,1,1,7,0,0,2,5,0,0,1,2
423,Corentin Tolisso,fr  FRA,MF,Bayern Munich,26-230,1994,8.1,508,490,18,11,1,74,26,5,5,2,3,0,366,67,75,66,415,10,2,2,434,2,3,9,10
424,Ömer Toprak,tr  TUR,DF,Werder Bremen,31-243,1989,18.6,837,776,61,61,0,84,16,0,0,0,0,0,623,60,154,243,520,51,0,3,696,4,17,18,5
425,Jordan Torunarigha,de  GER,DF,Hertha BSC,23-226,1997,7.5,480,477,3,3,1,37,11,1,0,0,0,0,405,28,47,323,128,19,0,1,432,1,7,2,5
426,Almamy Touré,ml  MLI,DF,Eint Frankfurt,24-327,1996,7.7,332,299,33,1,0,51,10,34,0,0,0,0,170,73,89,35,239,14,32,0,219,1,7,7,26
427,Lucas Tousart,fr  FRA,MF,Hertha BSC,23-326,1997,18.8,689,675,14,13,2,121,43,8,0,0,0,0,453,82,154,104,503,41,1,0,552,4,17,5,23
428,Ibrahima Traoré,gn  GUI,FW,M'Gladbach,32-334,1988,1.0,44,40,4,1,0,5,1,4,1,1,0,0,30,7,7,34,8,0,2,0,27,0,0,1,4
429,Kevin Trapp,de  GER,GK,Eint Frankfurt,30-256,1990,26.0,1026,774,252,62,0,88,20,0,0,0,0,0,495,19,512,115,742,0,0,126,708,5,20,4,4
430,Christopher Trimmel,at  AUT,DF,Union Berlin,34-025,1987,22.1,1171,852,319,48,1,120,61,73,73,30,36,4,531,285,355,100,798,61,198,1,846,11,20,24,41
431,Tuta,br  BRA,DF,Eint Frankfurt,21-260,1999,10.3,644,615,29,9,0,79,10,2,0,0,0,0,479,61,104,66,518,24,20,2,536,2,15,6,9
432,Dayot Upamecano,fr  FRA,DF,RB Leipzig,22-145,1998,20.1,1694,1658,36,35,2,170,55,2,0,0,0,0,1312,128,254,158,1430,57,1,2,1509,1,16,22,15
433,Mark Uth,de  GER,"FW,MF",Schalke 04,29-209,1991,14.4,481,410,71,28,0,88,30,18,31,8,21,2,301,68,112,386,74,12,2,1,355,4,9,7,13
434,Ruben Vargas,ch  SUI,"MF,FW",Augsburg,22-228,1998,13.2,386,374,12,0,2,85,5,13,0,0,0,0,262,67,57,47,304,16,12,1,288,1,8,12,25
435,Miloš Veljković,rs  SRB,DF,Werder Bremen,25-176,1995,15.6,603,565,38,35,0,62,17,2,0,0,0,0,366,47,190,129,430,31,3,0,447,1,12,8,12
436,Michel Vlap,nl  NED,MF,Arminia,23-292,1997,3.4,109,92,17,3,0,22,9,2,7,4,1,1,65,17,27,15,82,8,1,0,76,0,1,4,9
437,Andreas Voglsammer,de  GER,"FW,MF",Arminia,29-071,1992,4.2,120,115,5,2,0,42,1,7,0,0,0,0,51,33,36,18,63,16,2,0,69,0,2,6,8
438,Kevin Vogt,de  GER,DF,Hoffenheim,29-179,1991,17.5,1186,1140,46,42,1,101,63,1,0,0,0,0,856,111,219,51,1055,62,4,0,1049,1,16,14,3
439,Silas Wamangituka,cd  COD,"DF,FW",Stuttgart,21-166,1999,21.3,484,451,33,3,0,94,11,39,0,0,0,0,355,63,66,35,398,10,30,1,338,0,10,14,33
440,Wout Weghorst,nl  NED,FW,Wolfsburg,28-226,1992,24.7,600,577,23,1,2,192,8,5,0,0,0,0,320,162,118,69,377,63,2,14,407,4,9,22,30
441,Mitchell Weiser,de  GER,DF,Leverkusen,26-334,1994,2.5,210,176,34,3,0,26,0,4,0,0,0,0,147,32,31,24,145,10,31,0,177,2,2,3,4
442,Wendell,br  BRA,DF,Leverkusen,27-244,1993,9.9,860,767,93,8,1,80,14,12,0,0,0,0,631,135,94,664,69,31,85,6,740,5,10,13,21
443,Oscar Wendt,se  SWE,DF,M'Gladbach,35-148,1985,12.2,633,503,130,17,0,47,13,19,0,0,0,0,377,97,159,386,107,20,113,1,494,3,7,19,21
444,Florian Wirtz,de  GER,MF,Leverkusen,17-322,2003,18.6,772,742,30,3,5,184,10,11,2,1,0,0,557,121,94,80,654,22,9,3,596,1,11,29,34
445,Axel Witsel,be  BEL,MF,Dortmund,32-068,1989,12.6,800,778,22,20,0,118,17,1,0,0,0,0,694,52,54,62,698,21,2,1,752,2,6,3,7
446,Hannes Wolf,at  AUT,"FW,MF",M'Gladbach,21-339,1999,12.0,415,408,7,2,1,112,5,4,0,0,0,0,323,56,36,252,140,12,2,3,308,1,5,17,26
447,Marius Wolf,de  GER,"DF,MF",Köln,25-298,1995,22.0,1019,829,190,21,1,127,33,42,0,0,0,0,531,275,213,43,748,37,169,9,709,4,28,33,71
448,Nick Woltemade,de  GER,"MF,FW",Werder Bremen,19-035,2002,1.6,39,38,1,0,0,16,0,1,0,0,0,0,27,4,8,1,34,1,0,1,24,1,1,1,3
449,Jeong Woo-yeong,kr  KOR,"FW,MF",Freiburg,21-182,1999,7.7,305,303,2,0,1,55,5,9,1,0,0,0,204,57,44,47,228,19,1,3,228,1,7,10,13
450,Joscha Wosz,de  GER,"DF,FW",RB Leipzig,18-244,2002,0.4,15,12,3,0,0,1,0,0,0,0,0,0,9,4,2,0,11,1,3,0,11,0,0,0,1
451,Reinhold Yabo,de  GER,"MF,FW",Arminia,29-039,1992,7.2,166,165,1,1,0,40,3,3,0,0,0,0,130,11,25,22,132,7,0,3,126,0,4,4,9
452,Amin Younes,de  GER,"MF,FW",Eint Frankfurt,27-227,1993,13.3,566,525,41,4,2,92,20,25,21,13,1,0,424,69,73,93,433,17,16,7,430,1,5,28,23
453,Dan-Axel Zagadou,fr  FRA,DF,Dortmund,21-291,1999,3.1,242,236,6,6,0,26,6,0,0,0,0,0,193,22,27,179,48,9,0,0,209,0,2,2,2
454,Denis Zakaria,ch  SUI,MF,M'Gladbach,24-121,1996,9.9,403,395,8,8,0,48,9,0,0,0,0,0,338,29,36,5,382,9,0,0,355,0,4,8,9
455,Deyovaisio Zeefuik,nl  NED,"DF,MF",Hertha BSC,23-010,1998,6.1,312,255,57,2,0,42,9,16,0,0,0,0,174,75,63,26,200,20,55,0,239,2,6,8,10
456,Robin Zentner,de  GER,GK,Mainz 05,26-144,1994,24.0,850,618,232,52,1,55,13,0,0,0,0,0,435,47,368,83,575,1,0,159,584,0,16,9,3
457,Ron-Robert Zieler,de  GER,GK,Köln,32-037,1989,0.6,23,15,8,2,0,0,1,0,0,0,0,0,12,2,9,1,16,0,0,4,18,0,1,0,0
458,Joshua Zirkzee,nl  NED,FW,Bayern Munich,19-303,2001,1.0,30,26,4,0,0,8,0,0,0,0,0,0,21,6,3,9,18,1,0,0,24,0,1,2,1
459,Steven Zuber,ch  SUI,DF,Eint Frankfurt,29-216,1991,5.4,271,250,21,4,0,52,6,12,0,0,0,0,169,55,47,93,148,10,17,2,199,3,6,4,22
