,Player,Nation,Pos,Squad,Age,Born,90s,Att,Live_Pass Types,Dead_Pass Types,FK_Pass Types,TB_Pass Types,Press_Pass Types,Sw_Pass Types,Crs_Pass Types,CK_Pass Types,In_Corner Kicks,Out_Corner Kicks,Str_Corner Kicks,Ground_Height,Low_Height,High_Height,Left_Body Parts,Right_Body Parts,Head_Body Parts,TI_Body Parts,Other_Body Parts,Cmp,Off_Outcomes,Out_Outcomes,Int_Outcomes,Blocks_Outcomes
0,Ismael Aaneba,fr  FRA,"FW,DF",Strasbourg,21,1999,0.1,2,2,0,0,0,0,1,0,0,0,0,0,2,0,0,0,2,0,0,0,2,0,0,0,0
1,Yunis Abdelhamid,ma  MAR,DF,Reims,32,1987,32.1,1715,1656,59,59,0,168,39,0,0,0,0,0,1365,124,226,1135,475,57,0,3,1506,4,26,24,13
2,Mehdi Abeid,dz  ALG,MF,Nantes,27,1992,14.7,725,676,49,32,1,83,33,21,14,7,4,3,544,70,111,100,589,19,3,4,616,5,15,10,7
3,Laurent Abergel,fr  FRA,MF,Lorient,27,1993,32.9,1592,1546,46,37,2,318,53,18,1,1,0,0,1174,198,220,137,1391,45,7,5,1330,5,28,50,28
4,Charles Abi,fr  FRA,"FW,MF",Saint-Étienne,20,2000,10.1,214,199,15,0,1,77,2,4,0,0,0,0,140,33,41,142,26,16,0,3,144,0,7,1,14
5,Matthis Abline,fr  FRA,FW,Rennes,17,2003,0.0,1,1,0,0,0,0,0,0,0,0,0,0,1,0,0,0,1,0,0,0,0,0,0,1,0
6,Pape Abou Cisse,sn  SEN,DF,Saint-Étienne,24,1995,14.0,624,598,26,24,0,67,43,1,0,0,0,0,424,51,149,191,387,30,2,0,505,0,15,5,3
7,Yacine Adli,fr  FRA,MF,Bordeaux,20,2000,26.9,1629,1569,60,38,10,259,71,30,18,7,5,3,1262,158,209,135,1435,31,4,5,1346,6,27,43,36
8,Nayef Aguerd,ma  MAR,DF,Rennes,24,1996,35.0,2658,2586,72,71,1,168,71,1,0,0,0,0,2258,146,254,2264,266,69,1,5,2430,1,22,15,9
9,Ruben Aguilar,fr  FRA,"DF,FW",Monaco,27,1993,24.7,1599,1374,225,32,2,133,51,100,22,8,10,2,1023,246,330,33,1304,54,171,5,1317,5,16,24,31
10,Matteo Ahlinvi,bj  BEN,MF,Nîmes,21,1999,10.0,336,328,8,8,0,39,9,4,0,0,0,0,277,25,34,261,56,13,0,2,266,1,16,8,12
11,Cheikh Ahmadou Dieng,sn  SEN,FW,Marseille,20,2000,1.4,20,17,3,0,0,4,0,1,0,0,0,0,11,7,2,3,12,2,1,1,15,0,1,0,0
12,Rayan Aït Nouri,fr  FRA,DF,Angers,19,2001,2.1,149,129,20,0,0,11,2,4,0,0,0,0,116,15,18,117,8,2,20,0,136,0,0,1,1
13,Ludovic Ajorque,re  REU,FW,Strasbourg,26,1994,33.0,907,852,55,0,2,294,44,33,0,0,0,0,448,264,195,482,172,89,7,20,645,1,27,21,42
14,Marley Aké,fr  FRA,FW,Marseille,19,2001,1.6,35,33,2,0,0,11,0,1,0,0,0,0,21,6,8,3,24,3,0,1,28,1,2,2,1
15,Sofiane Alakouch,fr  FRA,DF,Nîmes,22,1998,16.7,912,713,199,18,0,75,19,15,0,0,0,0,529,238,145,60,643,21,180,2,726,3,19,30,29
16,Mohamed Ali Cho,fr  FRA,"FW,MF",Angers,16,2004,3.9,105,104,1,0,0,25,1,9,0,0,0,0,76,18,11,74,20,3,0,4,67,1,2,7,5
17,Rachid Alioui,ma  MAR,FW,Angers,28,1992,0.2,6,6,0,0,0,2,0,0,0,0,0,0,3,2,1,0,4,2,0,0,5,0,0,0,0
18,Saturnin Allagbé,bj  BEN,GK,Dijon,26,1993,12.0,405,271,134,29,0,23,8,0,0,0,0,0,169,16,220,27,294,0,1,70,267,1,13,1,1
19,Ibrahim Amadou,fr  FRA,MF,Angers,27,1993,16.7,689,668,21,20,2,104,14,3,0,0,0,0,557,51,81,48,594,28,1,1,596,1,8,12,9
20,Romain Amalfitano,fr  FRA,"FW,DF",Dijon,30,1989,1.3,58,52,6,1,0,11,1,4,0,0,0,0,42,8,8,4,48,0,5,0,47,1,2,0,1
21,Jordan Amavi,fr  FRA,DF,Marseille,26,1994,9.0,441,363,78,7,0,64,13,9,0,0,0,0,228,119,94,239,90,23,71,2,355,1,9,3,15
22,Thierry Ambrose,fr  FRA,FW,Metz,23,1997,8.4,253,240,13,2,1,82,11,14,3,2,1,0,151,37,65,42,171,19,1,1,174,1,6,7,15
23,Joachim Andersen,dk  DEN,DF,Lyon,24,1996,2.1,117,111,6,4,0,11,4,0,0,0,0,0,89,11,17,9,96,5,2,0,105,0,0,1,1
24,Benjamin André,fr  FRA,MF,Lille,29,1990,32.1,2042,2012,30,27,3,310,45,12,0,0,0,0,1491,286,265,250,1607,107,3,16,1737,5,36,42,40
25,Victorien Angban,ci  CIV,MF,Metz,23,1996,18.6,878,859,19,15,0,134,27,6,0,0,0,0,693,88,97,101,743,21,4,0,777,1,12,18,14
26,Houssem Aouar,fr  FRA,"MF,FW",Lyon,22,1998,19.8,1009,969,40,10,4,130,17,20,12,4,1,0,860,94,55,103,883,12,7,0,852,4,12,38,31
27,Adil Aouchiche,fr  FRA,"MF,FW",Saint-Étienne,18,2002,19.2,827,691,136,48,7,132,61,41,76,26,37,3,526,92,209,115,667,16,6,12,594,1,18,31,24
28,Dennis Appiah,fr  FRA,DF,Nantes,28,1992,17.3,861,672,189,10,0,98,13,41,0,0,0,0,456,188,217,113,506,45,179,4,634,3,22,25,26
29,Luiz Araújo,br  BRA,MF,Lille,24,1996,16.6,611,594,17,3,4,110,25,25,5,2,2,0,413,88,110,495,73,28,8,1,463,2,11,20,26
30,Karim Aribi,dz  ALG,FW,Nîmes,26,1994,3.3,62,53,9,0,0,20,0,1,0,0,0,0,36,13,13,11,37,7,0,0,40,0,2,1,2
31,Roger Assalé,ci  CIV,"FW,MF",Dijon,26,1993,9.2,183,177,6,2,0,35,3,5,0,0,0,0,138,26,19,28,136,11,1,1,126,1,2,13,7
32,Youcef Attal,dz  ALG,"DF,MF",Nice,24,1996,10.6,633,537,96,11,0,79,14,41,1,0,1,0,438,122,73,28,497,16,84,1,508,0,15,17,20
33,Jean-Kévin Augustin,fr  FRA,FW,Nantes,23,1997,0.4,5,3,2,1,0,0,0,0,0,0,0,0,3,2,0,0,5,0,0,0,5,0,0,0,0
34,Ludovic Baal,gf  GUF,DF,Brest,34,1986,3.3,254,232,22,8,0,31,5,2,0,0,0,0,182,36,36,218,9,7,14,0,215,0,6,5,2
35,Loïc Bade,fr  FRA,DF,Lens,20,2000,29.0,1891,1848,43,36,0,193,79,6,0,0,0,0,1530,87,274,134,1615,76,3,6,1667,3,41,24,11
36,Stéphane Bahoken,cm  CMR,FW,Angers,28,1992,18.0,349,321,28,0,4,91,3,19,0,0,0,0,244,69,36,24,286,15,1,11,249,0,2,19,19
37,Stefan Bajic,fr  FRA,GK,Saint-Étienne,18,2001,1.0,36,28,8,1,0,2,0,0,0,0,0,0,18,1,17,3,23,0,0,9,22,0,2,0,0
38,Mitchel Bakker,nl  NED,DF,Paris S-G,20,2000,18.8,1342,1211,131,12,0,123,15,49,0,0,0,0,1035,204,103,1040,138,28,119,4,1192,0,14,23,21
39,Dilane Bakwa,fr  FRA,"FW,MF",Bordeaux,17,2002,0.6,40,40,0,0,0,9,1,0,0,0,0,0,34,4,2,32,6,0,0,0,36,0,1,0,1
40,Leonardo Balerdi,ar  ARG,DF,Marseille,21,1999,18.2,1046,990,56,39,0,86,36,1,0,0,0,0,824,81,141,82,897,37,16,3,918,0,14,8,15
41,Fodé Ballo-Touré,sn  SEN,DF,Monaco,23,1997,7.4,430,352,78,7,0,46,12,26,0,0,0,0,273,90,67,307,29,16,71,0,352,2,4,8,11
42,Abdoulaye Bamba,ci  CIV,DF,Angers,30,1990,15.0,875,684,191,13,1,98,6,37,0,0,0,0,516,149,210,26,635,26,178,2,670,1,14,21,33
43,Jonathan Bamba,fr  FRA,MF,Lille,24,1996,33.2,1691,1510,181,48,9,256,71,62,74,27,41,5,1215,208,268,162,1418,33,58,8,1331,10,18,49,54
44,Robson Bambu,br  BRA,DF,Nice,22,1997,11.6,804,766,38,26,0,89,18,0,0,0,0,0,669,52,83,157,607,22,12,3,709,0,12,12,16
45,Simon Banza,fr  FRA,FW,Lens,23,1996,15.2,318,308,10,1,1,102,9,11,0,0,0,0,196,68,54,55,195,20,0,7,237,3,6,5,11
46,Danilo Barbosa,br  BRA,DF,Nice,24,1996,2.8,202,199,3,3,0,16,2,0,0,0,0,0,167,13,22,42,147,8,0,1,178,1,2,1,2
47,Melvin Bard,fr  FRA,DF,Lyon,19,2000,4.8,383,318,65,5,0,43,4,14,0,0,0,0,256,55,72,293,10,11,60,1,309,0,9,9,9
48,Toma Bašić,hr  CRO,MF,Bordeaux,23,1996,28.9,1300,1242,58,33,1,194,40,32,22,10,5,4,979,109,212,1080,162,33,3,1,1069,4,24,25,23
49,Cristian Battocchio,it  ITA,"MF,FW",Brest,28,1992,3.9,209,189,20,7,1,18,9,7,12,7,2,0,152,22,35,20,177,8,1,2,168,1,5,2,2
50,Paul Baysse,fr  FRA,DF,Bordeaux,32,1988,29.0,1677,1619,58,52,4,145,53,2,0,0,0,0,1327,109,241,289,1271,74,5,5,1502,2,10,16,11
51,Erwan Belhadji,fr  FRA,MF,Dijon,19,2001,0.3,7,7,0,0,0,1,0,0,0,0,0,0,6,1,0,2,5,0,0,0,6,0,1,0,0
52,Haris Belkebla,dz  ALG,MF,Brest,26,1994,30.3,1425,1386,39,32,2,209,28,13,1,0,0,0,1142,125,158,176,1180,35,5,4,1245,1,22,15,26
53,Jean-Ricner Bellegarde,fr  FRA,"MF,FW",Strasbourg,22,1998,23.2,790,753,37,7,2,147,34,33,27,12,5,3,519,123,148,171,561,33,3,4,615,4,20,12,35
54,Sami Ben Amar,ma  MAR,MF,Nîmes,22,1998,0.1,3,3,0,0,0,0,0,0,0,0,0,0,2,0,1,0,2,1,0,0,2,0,0,0,0
55,Hatem Ben Arfa,fr  FRA,"MF,FW",Bordeaux,33,1987,18.9,897,758,139,49,2,178,49,37,47,15,14,8,659,82,156,725,131,17,18,2,711,2,16,23,19
56,Salim Ben Seghir,fr  FRA,DF,Nice,17,2003,0.1,8,8,0,0,0,1,0,0,0,0,0,0,8,0,0,1,7,0,0,0,8,0,0,0,0
57,Wissam Ben Yedder,fr  FRA,FW,Monaco,29,1990,29.0,873,802,71,4,10,208,12,22,0,0,0,0,606,138,129,406,376,41,5,14,643,4,10,28,36
58,Samy Benchama,fr  FRA,"MF,DF",Montpellier,20,2000,0.5,20,20,0,0,0,3,1,0,0,0,0,0,11,7,2,4,14,2,0,0,16,0,1,1,0
59,Darío Benedetto,ar  ARG,FW,Marseille,30,1990,17.5,351,333,18,0,3,71,18,15,0,0,0,0,204,79,68,50,247,24,0,9,239,0,11,9,12
60,Walter Benítez,ar  ARG,GK,Nice,27,1993,38.0,1226,866,360,57,0,117,21,0,0,0,0,0,812,59,355,170,839,1,1,172,990,4,21,8,0
61,Loris Benito,ch  SUI,DF,Bordeaux,28,1992,29.5,1779,1497,282,44,1,180,11,33,2,0,0,0,1233,263,283,1213,247,51,236,6,1509,3,16,25,41
62,Bilal Benkhedim,fr  FRA,FW,Saint-Étienne,19,2001,0.8,49,40,9,3,0,8,2,4,6,3,0,2,36,2,11,1,48,0,0,0,33,0,0,1,3
63,Djamel Benlamri,dz  ALG,DF,Lyon,30,1989,1.7,77,74,3,2,0,6,7,0,0,0,0,0,61,6,10,3,68,4,1,1,71,0,1,1,0
64,Yassine Benrahou,fr  FRA,MF,Nîmes,21,1999,13.8,600,510,90,36,4,81,37,32,49,21,18,5,379,76,145,502,75,13,4,3,439,1,13,10,14
65,Yassine Benzia,dz  ALG,"MF,FW",Dijon,25,1994,4.5,201,172,29,12,0,49,10,7,10,3,7,0,132,27,42,29,160,7,0,2,154,1,4,11,3
66,Valon Berisha,xk  KVX,MF,Reims,27,1993,18.3,1027,933,94,46,2,122,72,20,45,11,23,5,635,151,241,113,858,35,3,7,830,2,20,20,13
67,Paul Bernardoni,fr  FRA,GK,Angers,23,1997,38.0,989,602,387,117,0,56,28,0,0,0,0,0,415,46,528,611,124,1,1,210,642,3,39,7,0
68,Juan Bernat,es  ESP,DF,Paris S-G,27,1993,2.2,129,111,18,2,2,6,1,1,0,0,0,0,101,16,12,105,4,3,16,1,117,1,1,3,2
69,Dimitry Bertaud,fr  FRA,GK,Montpellier,22,1998,8.3,313,195,118,36,0,16,13,0,0,0,0,0,106,16,191,23,219,0,0,44,217,0,10,1,1
70,Loïc Bessile,tg  TOG,DF,Bordeaux,21,1999,1.0,45,44,1,1,0,3,2,0,0,0,0,0,37,1,7,41,4,0,0,0,39,0,4,0,0
71,Giulian Biancone,fr  FRA,"DF,MF",Monaco,20,2000,1.0,90,80,10,1,0,12,5,8,0,0,0,0,57,17,16,15,56,6,9,0,70,0,0,0,5
72,El Bilal Touré,ml  MLI,"FW,MF",Reims,18,2001,13.8,283,257,26,0,2,95,2,2,0,0,0,0,162,77,44,56,144,22,0,10,195,1,6,6,8
73,Ludovic Blas,fr  FRA,"MF,FW",Nantes,22,1997,31.0,970,921,49,13,3,184,49,23,7,5,0,0,753,91,126,822,104,19,4,8,771,5,27,31,26
74,Antonin Bobichon,fr  FRA,"MF,FW",Angers,24,1995,10.1,551,496,55,26,2,101,27,17,23,7,14,1,403,48,100,37,494,10,5,1,453,0,9,9,8
75,Quentin Boisgard,fr  FRA,"MF,FW",Lorient,23,1997,14.6,565,466,99,22,1,103,30,37,71,29,27,10,339,79,147,36,500,13,5,3,370,2,9,15,35
76,Sven Botman,nl  NED,DF,Lille,20,2000,36.8,2542,2482,60,52,1,175,52,1,0,0,0,0,1992,168,382,1911,443,111,8,6,2245,6,20,37,15
77,Denis Bouanga,ga  GAB,"MF,FW",Saint-Étienne,25,1994,30.2,802,750,52,8,2,174,37,55,6,2,3,0,472,153,177,128,550,46,22,5,535,2,35,31,31
78,Hicham Boudaoui,dz  ALG,"MF,FW",Nice,20,1999,19.3,853,841,12,9,0,151,13,9,0,0,0,0,695,87,71,98,720,19,2,2,701,1,18,30,29
79,Ryad Boudebouz,dz  ALG,"MF,FW",Saint-Étienne,30,1990,7.2,462,404,58,24,2,57,29,22,26,16,6,1,297,48,117,366,76,13,2,1,344,3,14,12,13
80,Sofiane Boufal,ma  MAR,"FW,MF",Angers,26,1993,8.1,285,276,9,2,2,45,9,13,6,1,4,0,213,32,40,59,212,10,1,0,207,0,3,11,14
81,Farid Boulaya,dz  ALG,"MF,FW",Metz,27,1993,31.3,1569,1318,251,82,6,241,117,76,119,34,52,6,896,197,476,149,1329,41,18,7,1061,11,52,46,59
82,Ismaëlben Boura,fr  FRA,DF,Lens,19,2000,9.1,477,377,100,9,0,66,15,26,6,3,0,3,276,106,95,319,49,12,85,3,368,1,8,10,19
83,Benjamin Bourigeaud,fr  FRA,"MF,FW",Rennes,26,1994,28.4,1880,1647,233,81,7,216,132,73,132,55,64,3,1234,218,428,160,1631,49,15,14,1453,6,32,42,62
84,John Boye,gh  GHA,DF,Metz,33,1987,33.8,1203,1167,36,23,1,100,63,0,0,0,0,0,896,121,186,190,920,62,13,0,1044,1,25,8,9
85,Umut Bozok,tr  TUR,"FW,MF",Lorient,23,1996,0.7,27,27,0,0,0,8,1,0,0,0,0,0,18,7,2,3,20,2,0,2,17,0,1,1,1
86,Domagoj Bradarić,hr  CRO,DF,Lille,20,1999,14.0,908,781,127,17,0,83,13,35,3,1,2,0,595,123,190,691,64,31,107,3,730,4,20,17,17
87,Lilian Brassier,fr  FRA,DF,Brest,20,1999,10.7,669,642,27,13,1,67,15,4,0,0,0,0,491,36,142,549,77,19,14,0,555,0,11,18,7
88,Anthony Briançon,fr  FRA,DF,Nîmes,25,1994,13.6,840,793,47,42,0,50,64,1,0,0,0,0,620,77,143,34,742,47,5,0,729,2,11,11,5
89,Jimmy Briand,fr  FRA,FW,Bordeaux,34,1985,6.3,166,160,6,0,0,46,0,1,0,0,0,0,114,33,19,13,126,7,0,3,123,1,5,1,8
90,Dylan Bronn,tn  TUN,DF,Metz,25,1995,37.9,1773,1690,83,74,2,171,56,5,0,0,0,0,1304,126,343,137,1540,70,8,4,1497,5,26,29,14
91,Lucas Buadés,fr  FRA,MF,Nîmes,22,1997,0.2,5,4,1,0,0,3,0,0,1,0,1,0,4,0,1,0,5,0,0,0,2,0,0,0,0
92,Marcin Bułka,pl  POL,GK,Paris S-G,20,1999,1.0,30,28,2,0,0,3,0,0,0,0,0,0,24,1,5,8,13,0,0,9,25,1,0,1,0
93,Jimmy Cabot,fr  FRA,"FW,MF",Angers,26,1994,10.5,428,414,14,2,2,58,12,21,9,5,1,0,315,60,53,69,349,6,3,0,319,0,6,17,16
94,Anthony Caci,fr  FRA,DF,Strasbourg,23,1997,31.1,1883,1528,355,40,1,224,103,64,0,0,0,0,985,442,456,496,990,58,315,6,1469,4,32,52,59
95,Mathieu Cafaro,fr  FRA,"MF,FW",Reims,23,1997,23.0,823,758,65,31,1,96,50,55,31,12,16,3,488,124,211,64,729,17,3,5,513,7,29,44,38
96,Yannick Cahuzac,fr  FRA,MF,Lens,35,1985,25.0,896,859,37,29,1,123,13,10,1,0,0,0,612,113,171,63,729,64,6,5,755,1,19,11,14
97,Marc-Aurèle Caillard,fr  FRA,GK,Metz,26,1994,4.0,101,61,40,10,0,3,0,0,0,0,0,0,47,4,50,4,68,0,0,27,65,1,6,0,1
98,Duje Ćaleta-Car,hr  CRO,DF,Marseille,23,1996,31.3,1878,1811,67,55,4,117,56,0,0,0,0,0,1426,142,310,520,1221,76,11,7,1632,2,35,16,9
99,Mahdi Camara,fr  FRA,"MF,DF",Saint-Étienne,22,1998,36.6,1679,1596,83,32,0,246,43,28,2,2,0,0,1290,185,204,52,1474,69,44,6,1449,4,32,25,37
100,Eduardo Camavinga,fr  FRA,MF,Rennes,17,2002,26.7,1621,1585,36,30,3,214,30,4,0,0,0,0,1354,139,128,1433,93,63,6,6,1447,0,15,39,19
101,Pierrick Capelle,fr  FRA,"MF,DF",Angers,33,1987,22.8,1176,1096,80,13,3,215,23,24,9,3,3,1,832,186,158,921,124,38,56,7,966,1,9,32,36
102,Maxence Caqueret,fr  FRA,MF,Lyon,20,2000,19.6,1085,1067,18,8,2,190,20,12,1,0,0,0,886,100,99,164,874,26,2,8,940,7,7,29,25
103,Irvin Cardona,fr  FRA,"FW,MF",Brest,22,1997,22.5,494,445,49,1,1,99,23,36,1,0,1,0,285,118,91,60,372,36,4,7,340,2,18,17,20
104,Lionel Carole,fr  FRA,DF,Strasbourg,29,1991,14.9,911,755,156,24,1,98,35,35,0,0,0,0,519,156,236,648,80,31,132,1,705,1,18,24,21
105,Moreto Cassamã,gw  GNB,MF,Reims,22,1998,22.6,1392,1335,57,51,4,176,78,6,6,1,5,0,1060,141,191,103,1263,19,0,4,1215,3,40,28,9
106,Jean-Charles Castelletto,cm  CMR,DF,Nantes,25,1995,21.6,751,695,56,42,0,77,14,2,0,0,0,0,542,62,147,61,605,50,14,1,633,1,15,5,13
107,Zeki Çelik,tr  TUR,DF,Lille,23,1997,26.5,1657,1359,298,22,0,163,26,46,0,0,0,0,1027,308,322,129,1191,39,275,3,1308,5,22,38,65
108,Bersant Celina,xk  KVX,"MF,FW",Dijon,23,1996,25.5,1092,954,138,59,10,156,59,48,64,29,29,4,750,117,225,112,935,30,7,5,844,5,16,31,29
109,Fabien Centonze,fr  FRA,DF,Metz,24,1996,35.8,1769,1417,352,24,0,205,27,94,0,0,0,0,1035,369,365,240,1098,68,328,7,1381,2,31,38,55
110,Nassim Chadli,fr  FRA,"FW,MF",Nîmes,19,2001,0.3,15,13,2,1,0,4,1,2,1,1,0,0,13,0,2,15,0,0,0,0,12,0,1,0,1
111,Fouad Chafik,ma  MAR,DF,Dijon,33,1986,18.0,1021,830,191,25,0,108,12,31,0,0,0,0,567,225,229,44,765,34,165,2,781,4,16,28,29
112,Mehdi Chahiri,ma  MAR,"FW,MF",Strasbourg,24,1996,8.9,279,272,7,1,2,68,7,8,1,0,1,0,199,38,42,21,232,8,4,3,201,1,8,9,14
113,Aníbal Chalá,ec  ECU,DF,Dijon,24,1996,8.3,393,314,79,5,0,48,2,9,0,0,0,0,239,75,79,289,15,13,74,0,301,0,10,10,16
114,Trevoh Chalobah,eng  ENG,"DF,MF",Lorient,21,1999,24.9,1202,1150,52,35,2,116,23,12,0,0,0,0,931,130,141,100,1005,59,16,2,1035,2,20,29,17
115,Gaëtan Charbonnier,fr  FRA,"MF,FW",Brest,31,1988,17.4,698,644,54,4,4,133,13,18,5,2,0,0,503,118,77,68,579,16,10,9,548,2,12,22,26
116,Brendan Chardonnet,fr  FRA,DF,Brest,25,1994,30.2,1633,1581,52,49,1,133,79,6,0,0,0,0,1169,94,370,102,1442,58,3,2,1372,10,23,20,13
117,Xavier Chavalerin,fr  FRA,MF,Reims,29,1991,28.3,1037,1011,26,23,3,119,27,13,3,2,0,1,769,99,169,808,176,38,0,1,870,3,22,21,14
118,Pape Cheikh Diop,sn  SEN,MF,Dijon,22,1997,12.1,612,595,17,16,1,120,15,1,0,0,0,0,489,67,56,79,506,18,1,0,535,1,5,11,9
119,Rayan Cherki,fr  FRA,"FW,MF",Lyon,16,2003,7.8,351,334,17,5,4,61,5,10,6,2,0,1,282,35,34,192,148,2,6,2,280,2,7,10,12
120,Pedro Chirivella,es  ESP,MF,Nantes,23,1997,25.3,1235,1201,34,28,2,178,34,7,0,0,0,0,939,123,173,156,993,67,3,4,1040,3,27,23,19
121,Joris Chotard,fr  FRA,MF,Montpellier,18,2001,12.9,380,362,18,9,0,48,19,8,3,2,1,0,218,66,96,54,282,27,4,4,274,1,11,9,9
122,Mounir Chouiar,fr  FRA,"FW,MF",Dijon,21,1999,14.3,523,473,50,12,1,95,30,17,26,12,13,0,378,70,75,57,426,15,8,6,395,1,7,16,22
123,Sébastien Cibois,fr  FRA,GK,Brest,22,1998,3.0,90,60,30,8,0,10,3,0,0,0,0,0,40,5,45,13,61,0,0,13,64,0,9,0,0
124,Alexis Claude-Maurice,fr  FRA,"MF,FW",Nice,22,1998,21.2,765,706,59,25,0,154,29,26,29,9,20,0,612,68,85,71,668,16,4,2,619,1,18,18,17
125,Jonathan Clauss,fr  FRA,DF,Lens,27,1992,28.0,1403,1057,346,41,1,125,43,135,71,35,20,6,744,312,347,125,995,36,234,2,1015,5,36,28,40
126,Marcus Coco,fr  FRA,"MF,FW",Nantes,24,1996,16.4,609,584,25,4,1,122,15,24,8,3,3,0,397,100,112,85,448,25,13,6,417,5,12,24,38
127,Racine Coly,sn  SEN,DF,Nice,24,1995,0.2,20,16,4,0,0,0,0,0,0,0,0,0,12,6,2,7,7,1,4,1,18,0,0,0,0
128,Daniel Congré,fr  FRA,DF,Montpellier,35,1985,36.6,1482,1425,57,52,1,126,35,3,0,0,0,0,1084,144,254,327,1033,84,5,2,1296,0,27,21,20
129,Sébastien Corchia,fr  FRA,DF,Nantes,29,1990,23.0,969,655,314,51,0,104,38,58,43,16,25,2,437,187,345,69,635,23,220,3,663,2,13,25,46
130,Maxwel Cornet,ci  CIV,"DF,FW",Lyon,23,1996,27.2,1673,1408,265,22,1,169,28,64,9,1,2,0,1102,286,285,1086,273,52,234,3,1329,1,21,62,52
131,David Pereira da Costa,pt  POR,"MF,FW",Lens,19,2001,1.8,60,58,2,0,0,13,2,0,2,1,1,0,43,7,10,13,45,1,0,0,45,0,3,3,3
132,Charles Costes,fr  FRA,MF,Dijon,17,2002,0.0,0,0,0,0,0,0,0,0,0,0,0,0,0,0,0,0,0,0,0,0,0,0,0,0,0
133,Benoît Costil,fr  FRA,GK,Bordeaux,33,1987,38.0,1326,894,432,141,0,60,50,0,0,0,0,0,567,55,704,59,1066,0,0,144,926,1,49,10,2
134,Kalifa Coulibaly,ml  MLI,FW,Nantes,28,1991,10.9,271,260,11,1,0,91,4,9,0,0,0,0,126,74,71,21,137,38,1,15,169,1,4,8,12
135,Lassana Coulibaly,ml  MLI,"MF,FW",Angers,24,1996,18.7,681,668,13,10,1,108,18,5,0,0,0,0,527,63,91,30,609,22,3,4,579,0,13,14,24
136,Senou Coulibaly,ml  MLI,DF,Dijon,25,1994,21.5,980,949,31,29,0,99,26,0,0,0,0,0,739,69,172,94,818,42,2,3,813,3,36,17,14
137,Nicolas Cozza,fr  FRA,DF,Montpellier,21,1999,15.2,610,529,81,7,0,59,10,13,0,0,0,0,394,75,141,424,82,22,74,0,486,1,14,15,14
138,Adrián Cubas,py  PAR,MF,Nîmes,24,1996,24.9,1031,985,46,39,3,142,45,4,5,1,4,0,750,111,170,161,824,39,1,2,853,3,10,33,14
139,Mickaël Cuisance,fr  FRA,MF,Marseille,20,1999,11.4,515,504,11,5,2,92,10,9,2,1,1,0,400,58,57,411,84,10,3,1,442,1,2,6,13
140,Damien Da Silva,fr  FRA,DF,Rennes,32,1988,29.6,1980,1946,34,33,4,130,60,7,0,0,0,0,1548,124,308,41,1814,83,1,3,1766,1,26,16,14
141,Colin Dagba,fr  FRA,DF,Paris S-G,21,1998,15.1,946,831,115,12,0,65,5,32,0,0,0,0,748,135,63,94,738,9,103,1,841,0,9,17,24
142,Flavius Daniliuc,at  AUT,DF,Nice,19,2001,16.4,1104,1041,63,20,0,84,28,2,0,0,0,0,884,98,122,99,919,33,43,0,974,0,10,21,11
143,Dante,br  BRA,DF,Nice,36,1983,8.6,695,682,13,12,1,72,22,0,0,0,0,0,566,55,74,551,112,14,1,4,630,1,8,1,3
144,Jonathan David,ca  CAN,FW,Lille,20,2000,26.2,582,559,23,0,1,132,4,7,1,0,0,0,427,103,52,127,391,31,8,5,453,1,3,23,27
145,Mattia De Sciglio,it  ITA,DF,Lyon,27,1992,16.3,958,836,122,15,1,100,18,24,2,0,1,0,660,149,149,195,599,45,105,1,807,1,16,19,25
146,Thibault De Smet,be  BEL,DF,Reims,22,1998,5.5,355,297,58,0,0,30,4,9,0,0,0,0,224,55,76,235,50,9,58,0,282,2,6,12,11
147,Lucas Deaux,fr  FRA,"MF,DF",Nîmes,31,1988,19.5,1008,966,42,30,0,124,72,21,1,1,0,0,664,151,193,125,785,53,11,6,802,4,16,22,23
148,Mathieu Debuchy,fr  FRA,DF,Saint-Étienne,35,1985,23.4,1263,938,325,34,0,137,49,61,0,0,0,0,544,329,390,31,808,95,291,5,940,4,27,21,52
149,Romain Del Castillo,fr  FRA,"MF,FW",Rennes,24,1996,7.2,371,347,24,7,1,67,15,26,10,4,5,0,247,66,58,273,69,16,7,0,265,0,5,18,20
150,Thomas Delaine,fr  FRA,DF,Metz,28,1992,19.8,829,685,144,10,0,104,20,69,0,0,0,0,476,174,179,399,268,21,134,1,621,2,15,22,31
151,Jonathan Delaplace,fr  FRA,DF,Lorient,34,1986,10.1,520,391,129,8,0,51,5,27,0,0,0,0,260,132,128,60,321,13,121,1,397,2,7,21,14
152,Sacha Delaye,fr  FRA,MF,Montpellier,18,2002,0.1,2,2,0,0,0,0,0,0,0,0,0,0,1,0,1,0,2,0,0,0,2,0,0,0,0
153,Andy Delort,dz  ALG,FW,Montpellier,28,1991,27.6,895,821,74,6,4,240,29,92,9,3,3,0,344,245,306,24,599,93,7,72,556,1,20,27,52
154,Moussa Dembélé,fr  FRA,FW,Lyon,24,1996,7.5,146,137,9,1,2,38,1,2,1,0,0,1,101,28,17,24,100,7,0,7,104,0,1,5,5
155,Jason Denayer,be  BEL,DF,Lyon,25,1995,29.0,1661,1623,38,34,0,92,37,1,0,0,0,0,1476,77,108,117,1474,41,4,7,1592,1,3,7,5
156,Kevin Denkey,tg  TOG,FW,Nîmes,19,2000,5.8,113,101,12,0,0,32,4,5,0,0,0,0,71,25,17,23,81,2,0,2,81,1,3,4,2
157,Memphis Depay,nl  NED,FW,Lyon,26,1994,32.5,1300,1104,196,58,10,264,67,99,101,39,26,7,906,133,261,156,1092,16,9,19,917,8,30,47,59
158,Clément Depres,fr  FRA,MF,Nîmes,25,1994,0.2,6,6,0,0,0,5,0,0,0,0,0,0,4,2,0,0,6,0,0,0,3,0,0,0,2
159,Ángel Di María,ar  ARG,"FW,MF",Paris S-G,32,1988,20.6,1218,1078,140,31,20,163,66,103,79,41,22,0,801,144,273,1099,75,11,28,5,889,7,25,35,56
160,Boulaye Dia,sn  SEN,"FW,MF",Reims,23,1996,32.6,622,574,48,1,1,151,15,13,0,0,0,0,496,87,39,67,516,15,0,8,501,1,4,16,26
161,Abdou Diallo,sn  SEN,DF,Paris S-G,24,1996,16.6,1191,1117,74,26,1,79,24,10,0,0,0,0,1013,98,80,959,150,18,48,3,1109,2,9,15,7
162,Ibrahima Diallo,fr  FRA,MF,Brest,21,1999,4.9,282,274,8,8,0,27,10,3,0,0,0,0,208,45,29,36,239,5,0,0,245,1,4,4,3
163,Stéphane Diarra,fr  FRA,"FW,MF",Lorient,21,1998,2.2,85,79,6,0,0,18,3,13,4,0,0,0,53,19,13,68,10,3,2,0,60,0,0,4,6
164,Raphael Dias Belloli,br  BRA,"FW,MF",Rennes,23,1996,4.5,139,121,18,5,4,19,10,7,10,8,1,1,82,25,32,110,16,7,3,0,90,1,4,1,9
165,Krepin Diatta,sn  SEN,"MF,DF",Monaco,21,1999,4.3,172,161,11,0,0,33,3,8,0,0,0,0,125,23,24,20,124,11,11,1,126,2,4,5,10
166,Tristan Dingomé,cm  CMR,MF,Reims,29,1991,0.2,15,15,0,0,0,2,0,0,0,0,0,0,10,3,2,13,1,1,0,0,11,0,2,0,1
167,Sinaly Diomande,ci  CIV,DF,Lyon,19,2001,12.6,718,693,25,15,1,57,14,3,0,0,0,0,577,71,70,77,574,29,10,8,639,0,8,10,7
168,Lois Diony,fr  FRA,FW,Angers,27,1992,19.4,401,363,38,0,1,126,10,30,0,0,0,0,250,80,71,61,268,22,1,13,254,0,13,20,30
169,Sofiane Diop,fr  FRA,"MF,FW",Monaco,20,2000,22.5,985,952,33,15,0,189,20,24,10,3,3,1,738,118,129,73,845,39,8,6,776,3,18,29,30
170,Andy Diouf,fr  FRA,FW,Rennes,18,2002,0.1,4,4,0,0,0,1,0,0,0,0,0,0,3,0,1,1,2,0,0,0,2,0,0,1,0
171,Yehvann Diouf,fr  FRA,GK,Reims,20,1999,1.5,52,39,13,1,0,2,2,0,0,0,0,0,33,1,18,4,34,0,0,13,40,0,4,0,0
172,Assane Dioussé,sn  SEN,DF,Saint-Étienne,22,1997,0.0,1,1,0,0,0,0,0,0,0,0,0,0,1,0,0,1,0,0,0,0,1,0,0,0,0
173,Axel Disasi,fr  FRA,DF,Monaco,22,1998,22.3,1531,1469,62,28,1,101,47,3,0,0,0,0,1209,110,212,151,1276,43,34,3,1327,6,19,17,9
174,Tiago Djaló,pt  POR,DF,Lille,20,2000,9.7,693,615,78,8,1,44,14,6,0,0,0,0,510,107,76,60,539,17,70,1,608,1,7,18,11
175,Alexander Djiku,gh  GHA,"DF,MF",Strasbourg,25,1994,28.4,1317,1275,42,40,2,106,49,5,0,0,0,0,952,107,258,216,1010,60,2,1,1140,2,20,12,14
176,Mihai Dobre,ro  ROU,FW,Dijon,21,1998,5.9,176,168,8,0,0,47,2,6,0,0,0,0,128,29,19,36,116,8,4,4,132,0,7,8,10
177,Jeremy Doku,be  BEL,"MF,FW",Rennes,18,2002,25.7,971,962,9,3,5,191,17,69,0,0,0,0,871,59,41,148,805,5,6,3,790,1,12,39,54
178,Kasper Dolberg,dk  DEN,FW,Nice,22,1997,21.4,329,286,43,0,0,92,3,4,0,0,0,0,234,57,38,28,253,13,0,20,260,2,7,8,7
179,Keagan Dolly,za  RSA,MF,Montpellier,27,1993,5.0,185,172,13,3,0,31,8,4,8,3,3,1,136,33,16,146,29,7,1,1,156,0,6,2,5
180,Anastasios Donis,gr  GRE,MF,Reims,23,1996,1.1,20,20,0,0,0,4,0,3,0,0,0,0,11,6,3,3,14,1,0,1,13,0,0,0,1
181,Lucas Douath,fr  FRA,MF,Saint-Étienne,16,2003,14.7,625,613,12,11,0,109,12,3,0,0,0,0,518,41,66,73,508,28,1,4,541,0,21,13,10
182,Cheick Doucouré,ml  MLI,MF,Lens,20,2000,29.2,1463,1444,19,18,4,257,54,3,0,0,0,0,1155,166,142,66,1314,57,0,6,1273,4,16,25,28
183,Fodé Doucouré,ml  MLI,DF,Reims,19,2001,3.7,193,156,37,3,0,13,3,4,0,0,0,0,131,40,22,21,132,5,34,0,149,0,5,10,4
184,Mahamadou Doucouré,fr  FRA,FW,Nîmes,20,2000,0.5,13,12,1,0,0,2,0,2,0,0,0,0,11,2,0,1,11,0,0,1,10,0,0,1,0
185,Moussa Doumbia,ml  MLI,"MF,FW",Reims,25,1994,10.0,417,396,21,6,0,56,13,21,13,8,4,0,320,46,51,64,338,9,2,2,338,1,6,12,10
186,Souleyman Doumbia,ci  CIV,DF,Angers,23,1996,24.7,1265,1018,247,11,0,122,17,35,0,0,0,0,799,277,189,870,108,30,236,6,1033,2,28,29,36
187,Mouhamadou Drammeh,fr  FRA,MF,Reims,21,1999,1.9,53,50,3,3,0,7,0,0,0,0,0,0,33,15,5,37,8,6,0,0,43,0,1,2,0
188,Julian Draxler,de  GER,"MF,FW",Paris S-G,26,1993,11.8,634,603,31,6,3,120,18,22,21,11,4,0,539,43,52,89,534,1,4,1,548,2,4,19,10
189,Matthieu Dreyer,fr  FRA,GK,Lorient,31,1989,15.0,361,215,146,38,0,15,8,0,0,0,0,0,150,13,198,19,275,0,0,43,225,1,10,4,2
190,Leo Dubois,fr  FRA,DF,Lyon,25,1994,32.3,2291,1817,474,67,1,197,55,129,90,2,55,4,1362,433,496,189,1688,70,317,1,1818,10,30,48,70
191,Haris Duljević,ba  BIH,"MF,FW",Nîmes,26,1993,8.6,306,289,17,4,0,49,13,14,2,1,0,1,215,40,51,45,244,10,2,2,238,2,7,14,7
192,Jean-Kevin Duverne,fr  FRA,DF,Brest,23,1997,22.5,1337,1275,62,40,1,117,52,8,0,0,0,0,939,136,262,214,1007,63,21,2,1131,3,23,20,11
193,Eric Junior Dina Ebimbe,fr  FRA,"FW,MF",Dijon,19,2000,23.8,804,784,20,10,3,157,26,25,1,0,0,1,642,100,62,109,642,29,8,5,635,4,16,36,32
194,Enzo Ebosse,fr  FRA,DF,Angers,21,1999,2.9,153,140,13,2,0,12,3,3,0,0,0,0,120,11,22,133,7,1,11,0,127,1,2,2,3
195,Bruno Ecuele Manga,ga  GAB,DF,Dijon,32,1988,38.0,1918,1853,65,59,0,174,53,1,0,0,0,0,1455,138,325,244,1531,86,6,5,1655,3,26,23,15
196,Hugo Ekitike,fr  FRA,"MF,FW",Reims,18,2002,1.0,26,23,3,0,0,8,0,0,0,0,0,0,20,2,4,1,22,1,0,0,21,0,0,1,0
197,Niclas Eliasson,se  SWE,"MF,FW",Nîmes,24,1995,20.0,525,421,104,37,0,74,31,68,56,25,24,3,246,81,198,375,94,24,11,2,322,3,11,11,25
198,Sepe Elye Wahi,fr  FRA,FW,Montpellier,17,2003,6.2,110,105,5,0,0,27,2,6,0,0,0,0,80,20,10,11,84,4,1,2,72,0,2,7,8
199,Renaud Emond,be  BEL,FW,Nantes,28,1991,3.9,88,80,8,0,0,29,0,3,0,0,0,0,47,22,19,7,58,11,1,0,62,0,1,5,1
200,Yoann Etienne,fr  FRA,DF,Lorient,23,1997,1.0,38,29,9,0,0,12,0,2,0,0,0,0,14,9,15,21,3,3,9,1,24,0,4,2,2
201,Fábio,br  BRA,DF,Nantes,30,1990,16.7,864,676,188,14,1,79,13,22,1,0,0,1,465,175,224,221,399,43,173,3,668,2,19,20,31
202,Cesc Fàbregas,es  ESP,MF,Monaco,33,1987,9.7,812,716,96,33,4,103,42,15,56,22,20,6,527,102,183,110,655,27,5,6,643,2,10,15,16
203,Wout Faes,be  BEL,DF,Reims,22,1998,32.2,1623,1592,31,26,1,135,65,1,0,0,0,0,1249,129,245,188,1327,75,5,2,1418,4,25,23,10
204,Romain Faivre,fr  FRA,"MF,FW",Brest,22,1998,32.1,1482,1316,166,57,3,190,56,46,88,47,18,9,1061,182,239,1231,196,24,13,2,1188,5,21,41,39
205,Wuilker Faríñez,ve  VEN,GK,Lens,22,1998,1.2,27,17,10,1,0,1,1,0,0,0,0,0,14,0,13,2,18,0,0,3,17,0,2,1,0
206,Noah Fatar,fr  FRA,"FW,MF",Angers,18,2002,0.2,9,9,0,0,0,0,0,0,0,0,0,0,8,0,1,8,1,0,0,0,7,0,0,0,0
207,Julien Faussurier,fr  FRA,DF,Brest,33,1987,10.6,610,485,125,9,1,48,34,44,6,1,2,0,302,130,178,39,425,27,110,1,466,0,16,16,27
208,Zinedine Ferhat,dz  ALG,"FW,MF",Nîmes,27,1993,32.9,1242,1159,83,14,11,221,45,83,41,16,10,7,737,232,273,69,1025,59,24,5,824,4,42,43,58
209,Jordan Ferri,fr  FRA,MF,Montpellier,28,1992,28.6,1634,1594,40,34,3,196,88,15,1,0,0,1,1195,166,273,97,1464,43,5,7,1402,5,15,28,35
210,Alexis Flips,fr  FRA,MF,Reims,20,2000,0.5,15,13,2,1,0,5,5,4,1,1,0,0,7,2,6,0,15,0,0,0,8,0,4,1,0
211,Alessandro Florenzi,it  ITA,DF,Paris S-G,29,1991,17.1,1003,896,107,7,0,69,27,71,3,1,2,0,638,179,186,54,809,32,97,3,830,2,22,20,16
212,Mamadou Fofana,ml  MLI,"MF,DF",Metz,22,1998,11.9,449,436,13,13,0,58,8,0,0,0,0,0,331,40,78,72,348,26,0,1,377,0,7,9,6
213,Seko Fofana,ci  CIV,MF,Lens,25,1995,25.7,1250,1232,18,7,3,194,23,21,0,0,0,0,1051,88,111,228,950,37,4,8,1072,2,11,25,29
214,Wesley Fofana,fr  FRA,DF,Saint-Étienne,19,2000,3.5,184,175,9,4,0,16,2,1,0,0,0,0,134,21,29,5,162,9,5,0,148,3,4,1,3
215,Youssouf Fofana,fr  FRA,MF,Monaco,21,1999,31.9,1710,1655,55,36,4,228,64,12,17,5,11,0,1324,147,239,312,1339,42,2,3,1449,5,31,41,24
216,Thomas Foket,be  BEL,DF,Reims,25,1994,36.9,1929,1537,392,26,0,207,45,51,0,0,0,0,1154,454,321,151,1340,54,366,1,1537,4,41,62,60
217,Lamine Fomba,fr  FRA,MF,Nîmes,22,1998,24.2,721,709,12,10,1,108,17,3,0,0,0,0,535,109,77,104,558,34,1,6,594,0,15,24,14
218,Thomas Fontaine,mg  MAD,DF,Lorient,29,1991,3.6,100,90,10,10,0,7,5,0,0,0,0,0,74,8,18,59,36,2,0,1,89,0,3,0,2
219,José Fonte,pt  POR,DF,Lille,36,1983,35.4,2336,2270,66,60,0,165,85,11,1,0,0,0,1875,141,320,231,1949,96,4,12,2117,3,28,15,18
220,Steven Fortes,cv  CPV,DF,Lens,28,1992,15.9,924,892,32,30,0,87,30,1,0,0,0,0,752,53,119,139,718,47,2,2,815,0,19,15,8
221,Yassin Fortune,fr  FRA,FW,Angers,21,1999,0.2,4,3,1,0,0,1,0,0,0,0,0,0,3,1,0,2,2,0,0,0,3,0,0,1,0
222,Angelo Fulgini,fr  FRA,MF,Angers,23,1996,30.3,1624,1502,122,43,15,297,58,44,56,12,24,10,1210,188,226,163,1393,28,6,19,1315,5,22,51,35
223,Baptiste Gabard,fr  FRA,MF,Saint-Étienne,20,2000,1.5,55,54,1,1,0,6,0,0,0,0,0,0,49,1,5,42,11,1,0,0,43,0,0,6,2
224,Idrissa Gana Gueye,sn  SEN,MF,Paris S-G,30,1989,17.6,1691,1658,33,25,1,197,20,7,0,0,0,0,1527,81,83,125,1512,24,8,6,1569,2,9,32,11
225,Ignatius Ganago,cm  CMR,FW,Lens,21,1999,14.5,283,256,27,0,1,71,5,17,1,0,0,0,193,57,33,31,210,20,2,3,203,0,7,13,11
226,Yann Gboho,fr  FRA,"MF,FW",Rennes,19,2001,3.4,120,118,2,0,0,28,1,5,0,0,0,0,103,10,7,6,109,1,2,0,91,1,3,2,5
227,Valère Germain,fr  FRA,FW,Marseille,30,1990,9.5,283,267,16,1,0,75,5,10,0,0,0,0,155,73,55,18,202,25,3,2,204,2,1,9,20
228,Willem Geubbels,fr  FRA,"FW,MF",Monaco,18,2001,3.3,108,103,5,1,0,17,2,4,0,0,0,0,71,17,20,13,78,9,1,0,75,0,4,2,6
229,Andrei Girotto,br  BRA,"DF,MF",Nantes,28,1992,29.6,1432,1376,56,51,1,140,39,6,2,1,1,0,1007,146,279,117,1136,119,3,9,1177,2,34,21,20
230,Aleksandr Golovin,ru  RUS,"MF,FW",Monaco,24,1996,11.9,587,488,99,32,4,130,29,36,59,29,22,4,368,70,149,81,479,12,6,3,404,6,20,16,24
231,Vagner Gonçalves,cv  CPV,"FW,MF",Metz,24,1996,10.7,249,228,21,12,5,55,5,10,2,1,0,1,171,30,48,17,206,13,2,4,189,3,6,4,9
232,Álvaro González,es  ESP,DF,Marseille,30,1990,31.5,1907,1838,69,62,1,128,44,0,0,0,0,0,1473,132,302,186,1600,87,7,3,1702,2,24,28,13
233,Amine Gouiri,fr  FRA,"FW,MF",Nice,20,2000,30.5,1159,1026,133,26,5,227,45,55,62,31,10,4,865,130,164,58,1043,22,17,2,881,3,17,41,51
234,Jonathan Gradit,fr  FRA,DF,Lens,27,1992,31.4,1722,1659,63,49,4,151,73,4,0,0,0,0,1371,124,227,43,1576,54,14,5,1520,0,32,37,14
235,Andrew Gravillon,fr  FRA,DF,Lorient,22,1998,25.2,1180,1134,46,41,1,135,39,7,0,0,0,0,810,113,257,159,947,43,5,0,911,5,32,23,30
236,Adrian Grbić,at  AUT,FW,Lorient,23,1996,10.7,214,193,21,0,0,71,3,1,0,0,0,0,135,41,38,17,153,15,0,4,132,1,6,9,21
237,Etienne Green,fr  FRA,GK,Saint-Étienne,20,2000,8.0,219,129,90,20,0,5,4,0,0,0,0,0,82,6,131,7,168,0,0,31,133,1,6,1,0
238,Clément Grenier,fr  FRA,MF,Rennes,29,1991,12.0,904,830,74,37,2,135,40,20,32,12,14,4,659,99,146,146,719,18,2,10,721,0,15,24,24
239,Evann Guessand,fr  FRA,FW,Nice,19,2001,0.3,4,4,0,0,0,2,0,1,0,0,0,0,2,0,2,0,3,0,0,0,2,0,0,0,0
240,Kelyan Guessoum,fr  FRA,DF,Nîmes,21,1999,12.5,558,538,20,19,1,18,20,1,0,0,0,0,465,20,73,74,451,27,1,1,505,2,3,4,3
241,Lamine Gueye,sn  SEN,"FW,MF",Metz,22,1998,16.2,502,471,31,5,0,111,16,38,17,4,8,1,340,69,93,44,407,14,8,5,351,1,13,19,21
242,Pape Gueye,fr  FRA,MF,Marseille,21,1999,22.9,1378,1351,27,23,2,196,42,9,0,0,0,0,1047,104,227,1121,160,63,4,1,1160,4,28,28,26
243,Frederic Guilbert,fr  FRA,DF,Strasbourg,25,1994,12.4,652,494,158,27,0,88,26,49,8,3,4,1,308,101,243,64,414,36,123,5,446,3,14,22,31
244,Bruno Guimarães,br  BRA,MF,Lyon,22,1997,19.5,1461,1417,44,34,6,248,42,7,4,1,0,0,1219,114,128,85,1330,29,6,1,1306,6,18,27,17
245,Sehrou Guirassy,fr  FRA,FW,Rennes,24,1996,19.6,497,471,26,1,3,176,16,5,0,0,0,0,333,98,66,53,354,30,1,11,384,0,9,17,21
246,Malo Gusto,fr  FRA,MF,Lyon,17,2003,0.0,1,0,1,0,0,0,0,0,0,0,0,0,0,0,1,0,0,0,1,0,1,0,0,0,0
247,Massadio Haïdara,ml  MLI,DF,Lens,27,1992,23.7,1229,1029,200,40,0,159,29,28,1,0,0,0,824,192,213,905,102,43,159,2,1009,2,22,33,32
248,Pierre-Yves Hamel,fr  FRA,FW,Lorient,26,1994,9.4,191,172,19,0,0,62,2,1,0,0,0,0,109,41,41,20,113,22,0,7,124,0,13,6,11
249,Romain Hamouma,fr  FRA,FW,Saint-Étienne,33,1987,19.7,657,554,103,21,1,135,37,42,43,8,25,8,411,109,137,67,536,18,7,8,446,3,26,17,37
250,Dalbert Henrique,br  BRA,DF,Rennes,26,1993,4.1,279,236,43,6,1,35,4,11,0,0,0,0,192,34,53,204,26,7,37,1,242,0,2,6,5
251,Luis Henrique,br  BRA,"DF,FW",Marseille,18,2001,7.5,295,272,23,3,1,40,6,30,0,0,0,0,212,42,41,50,217,7,19,0,228,1,5,14,9
252,Christophe Hérelle,mq  MTQ,DF,Brest,27,1992,15.3,874,847,27,18,0,81,25,2,0,0,0,0,675,66,133,101,708,32,9,0,784,0,21,6,1
253,Jérôme Hergault,fr  FRA,DF,Lorient,34,1986,18.1,884,701,183,10,0,88,13,29,0,0,0,0,504,194,186,68,597,34,173,2,688,1,19,23,22
254,Ander Herrera,es  ESP,MF,Paris S-G,30,1989,20.6,1750,1714,36,21,9,173,10,12,5,0,1,1,1496,135,119,190,1497,36,8,14,1591,7,14,32,13
255,Vitorino Hilton,br  BRA,DF,Montpellier,42,1977,23.5,1022,967,55,45,0,85,51,2,0,0,0,0,653,116,253,224,731,41,10,2,851,2,17,15,19
256,Franck Honorat,fr  FRA,"MF,FW",Brest,23,1996,27.3,1032,910,122,35,5,150,69,113,52,27,10,3,564,213,255,99,836,42,32,3,690,7,24,41,57
257,Fraser Hornby,sco  SCO,FW,Reims,20,1999,0.4,9,9,0,0,0,2,0,0,0,0,0,0,3,3,3,2,3,3,0,0,4,0,0,0,0
258,Adrien Hunou,fr  FRA,"FW,MF",Rennes,26,1994,6.5,195,185,10,0,0,42,3,8,0,0,0,0,128,50,17,12,166,12,2,1,149,0,2,5,8
259,Didier Ibrahim Ndong,ga  GAB,MF,Dijon,26,1994,29.0,1521,1488,33,30,2,180,54,16,0,0,0,0,1200,144,177,184,1259,46,3,2,1317,3,30,23,21
260,Mauro Icardi,ar  ARG,FW,Paris S-G,27,1993,12.0,176,154,22,0,3,32,1,2,1,0,0,0,124,30,22,28,128,10,1,4,144,0,2,5,5
261,Jonathan Ikone,fr  FRA,"MF,FW",Lille,22,1998,24.2,773,740,33,14,6,166,13,11,0,0,0,0,617,91,65,640,75,20,12,11,620,3,10,30,25
262,Yun Il-lok,kr  KOR,"MF,FW",Montpellier,28,1992,3.5,109,102,7,1,0,28,5,2,4,1,3,0,75,16,18,22,73,5,1,0,80,1,3,2,7
263,Corentin Jean,fr  FRA,"FW,MF",Lens,25,1995,6.4,171,160,11,1,1,27,5,7,5,1,3,1,116,26,29,25,126,12,2,3,129,0,3,3,8
264,Jesé,es  ESP,FW,Paris S-G,27,1993,0.3,8,8,0,0,0,2,0,1,0,0,0,0,8,0,0,1,7,0,0,0,4,0,0,1,2
265,Stevan Jovetić,me  MNE,"FW,MF",Monaco,30,1989,8.9,382,361,21,1,2,88,12,15,14,4,6,0,240,67,75,41,304,21,3,7,269,4,5,12,20
266,Abdoul Kader Bamba,fr  FRA,"FW,MF",Nantes,26,1994,10.2,494,445,49,23,1,80,11,20,17,3,9,5,360,64,70,45,424,10,7,2,371,2,9,13,26
267,Tino Kadewere,zw  ZIM,FW,Lyon,24,1996,22.3,626,618,8,0,1,137,8,36,0,0,0,0,460,89,77,83,498,16,3,5,461,0,12,23,29
268,Gaël Kakuta,cd  COD,"MF,FW",Lens,29,1991,26.6,1168,1072,96,39,6,257,41,51,50,29,15,1,803,159,206,930,178,31,5,6,853,8,25,32,50
269,Samuel Kalu,ng  NGA,"FW,MF",Bordeaux,22,1997,10.7,317,302,15,5,0,73,17,18,7,4,0,3,220,53,44,23,267,13,3,1,230,1,9,9,17
270,Aboubakar Kamara,mr  MTN,"FW,MF",Dijon,25,1995,6.2,151,144,7,0,0,53,4,10,0,0,0,0,96,35,20,26,109,5,2,0,113,0,3,3,5
271,Bingourou Kamara,sn  SEN,GK,Strasbourg,23,1996,8.0,247,174,73,17,0,24,2,0,0,0,0,0,98,9,140,11,183,0,0,45,166,0,5,1,0
272,Boubacar Kamara,fr  FRA,MF,Marseille,20,1999,32.2,2029,1934,95,89,1,245,64,6,0,0,0,0,1556,152,321,217,1690,69,6,4,1769,3,33,37,26
273,Hassane Kamara,ci  CIV,DF,Nice,25,1994,32.9,1933,1675,258,19,3,240,53,92,1,0,0,1,1284,342,307,1414,213,33,238,6,1590,5,40,49,52
274,Wilfried Kanga,fr  FRA,FW,Angers,22,1998,1.5,17,13,4,0,0,4,0,1,0,0,0,0,10,4,3,4,11,1,0,1,14,0,0,0,0
275,Eiji Kawashima,jp  JPN,GK,Strasbourg,37,1983,24.0,715,461,254,61,0,39,13,0,0,0,0,0,263,28,424,62,523,1,0,79,487,0,19,2,3
276,Moise Kean,it  ITA,FW,Paris S-G,20,2000,18.9,315,289,26,0,1,65,8,11,0,0,0,0,250,42,23,29,266,9,2,5,253,1,3,14,12
277,Thilo Kehrer,de  GER,DF,Paris S-G,23,1996,18.0,1250,1190,60,15,1,82,9,10,0,0,0,0,1069,113,68,377,759,51,45,3,1164,1,8,16,9
278,Habib Keita,ml  MLI,MF,Lyon,18,2002,0.1,3,3,0,0,0,0,0,0,0,0,0,0,3,0,0,2,1,0,0,0,3,0,0,0,0
279,Saîf-Eddine Khaoui,tn  TUN,"FW,MF",Marseille,25,1995,6.7,255,223,32,2,0,40,2,10,2,0,0,2,144,56,55,201,11,12,28,2,181,1,3,9,10
280,Wahbi Khazri,tn  TUN,FW,Saint-Étienne,29,1991,13.1,383,349,34,17,0,87,18,20,4,2,1,1,239,61,83,33,328,8,7,5,261,2,13,19,16
281,Presnel Kimpembe,fr  FRA,DF,Paris S-G,24,1995,25.6,1927,1879,48,44,0,140,16,2,0,0,0,0,1762,78,87,1623,234,49,4,0,1850,2,8,8,10
282,Randal Kolo Muani,fr  FRA,FW,Nantes,21,1998,33.7,629,593,36,0,2,161,5,35,0,0,0,0,413,134,82,40,472,39,0,21,430,1,7,20,32
283,Timothée Kolodziejczak,fr  FRA,DF,Saint-Étienne,28,1991,22.6,1332,1237,95,45,0,117,23,8,0,0,0,0,966,143,223,1110,66,73,50,1,1122,2,25,21,24
284,Ghislain Konan,ci  CIV,DF,Reims,24,1995,29.0,1476,1194,282,25,0,146,22,43,0,0,0,0,931,284,261,1048,114,45,257,4,1170,4,30,48,45
285,Moussa Konaté,sn  SEN,FW,Dijon,27,1993,13.3,287,253,34,1,0,73,2,4,0,0,0,0,190,55,42,37,202,14,0,11,211,2,7,3,7
286,Lamine Koné,ci  CIV,DF,Strasbourg,31,1989,11.6,471,446,25,23,0,59,23,2,0,0,0,0,304,44,123,63,358,30,2,6,387,0,8,10,7
287,Moussa Koné,sn  SEN,FW,Nîmes,23,1996,19.5,305,258,47,1,1,58,12,5,0,0,0,0,234,42,29,22,254,13,1,5,237,2,6,9,9
288,Laurent Koscielny,fr  FRA,DF,Bordeaux,34,1985,24.6,1342,1307,35,34,0,132,37,0,0,0,0,0,1067,106,169,133,1113,61,1,3,1207,2,17,12,15
289,Boubakar Kouyaté,ml  MLI,DF,Metz,23,1997,21.8,790,766,24,24,0,86,21,0,0,0,0,0,581,73,136,206,512,37,0,3,675,2,12,10,8
290,Jean-Philippe Krasso,fr  FRA,FW,Saint-Étienne,23,1997,2.5,46,43,3,0,0,9,0,3,0,0,0,0,28,10,8,30,7,5,1,1,30,0,0,0,2
291,Layvin Kurzawa,fr  FRA,DF,Paris S-G,27,1992,14.2,971,853,118,16,1,77,8,39,0,0,0,0,713,157,101,733,84,29,102,5,849,2,14,21,15
292,Dereck Kutesa,ch  SUI,"MF,FW",Reims,22,1997,7.6,156,153,3,0,0,54,3,14,0,0,0,0,115,21,20,28,113,7,2,0,105,0,3,10,13
293,Enock Kwateng,fr  FRA,DF,Bordeaux,23,1997,11.5,660,563,97,6,0,99,6,14,0,0,0,0,420,128,112,75,452,26,91,3,546,0,10,19,9
294,Gaëtan Laborde,fr  FRA,"FW,MF",Montpellier,26,1994,36.2,917,899,18,2,3,268,16,54,0,0,0,0,515,183,219,434,270,82,7,25,613,4,19,28,49
295,Tom Lacoux,fr  FRA,MF,Bordeaux,18,2002,5.8,221,218,3,0,0,36,7,2,0,0,0,0,182,19,20,21,184,9,3,1,194,0,0,7,4
296,Alban Lafont,fr  FRA,GK,Nantes,21,1999,38.0,1127,735,392,133,0,40,28,0,0,0,0,0,426,30,671,37,893,1,1,128,653,3,29,7,3
297,Kenny Lala,fr  FRA,DF,Strasbourg,28,1991,20.4,1127,853,274,43,4,127,55,62,29,9,15,2,529,217,381,133,745,24,202,7,832,1,27,23,41
298,Loïck Landre,fr  FRA,DF,Nîmes,28,1992,18.1,782,742,40,32,0,61,35,0,0,0,0,0,627,51,104,83,659,20,4,4,695,3,13,10,3
299,Julien Laporte,fr  FRA,DF,Lorient,26,1993,29.5,1423,1384,39,38,1,119,48,0,0,0,0,0,1037,90,296,215,1085,84,1,5,1231,4,31,12,6
300,Gautier Larsonneur,fr  FRA,GK,Brest,23,1997,35.0,1264,878,386,104,0,77,22,0,0,0,0,0,759,67,438,62,971,0,0,165,1005,4,32,3,4
301,Paul Lasne,fr  FRA,MF,Brest,31,1989,18.7,1063,1044,19,17,0,109,25,4,1,1,0,0,833,111,119,438,563,40,0,5,916,2,17,22,12
302,Armand Lauriente,fr  FRA,"FW,MF",Lorient,21,1998,18.0,572,514,58,6,1,108,23,42,46,17,19,4,408,64,100,61,486,13,3,3,434,0,16,15,20
303,Wesley Lautoa,nc  NCL,"MF,DF",Dijon,32,1987,17.9,821,801,20,17,2,99,30,2,0,0,0,0,598,94,129,603,150,45,3,5,700,1,21,16,14
304,Jérémy Le Douaron,fr  FRA,"FW,MF",Brest,22,1998,9.1,197,191,6,1,0,58,1,11,0,0,0,0,123,34,40,120,36,13,2,3,138,1,1,5,10
305,Enzo Le Fée,fr  FRA,"MF,FW",Lorient,20,2000,20.2,880,792,88,32,4,113,43,21,45,16,17,4,619,105,156,90,764,19,2,4,689,5,30,27,16
306,Vincent Le Goff,fr  FRA,DF,Lorient,30,1989,25.6,1275,1016,259,19,3,150,28,57,1,0,1,0,707,327,241,917,72,33,239,4,1007,5,20,36,33
307,Damien Le Tallec,fr  FRA,"MF,DF",Montpellier,30,1990,13.6,435,420,15,15,0,58,24,0,0,0,0,0,264,51,120,37,329,47,0,1,349,0,8,7,6
308,James Lea Siliki,cm  CMR,MF,Rennes,24,1996,2.8,156,155,1,1,0,24,8,5,0,0,0,0,112,17,27,107,40,8,0,0,121,1,5,4,6
309,Jean-Louis Leca,fr  FRA,GK,Lens,34,1985,36.8,1031,677,354,95,0,54,22,0,0,0,0,0,490,24,517,66,785,0,0,135,699,1,23,4,2
310,Benjamin Lecomte,fr  FRA,GK,Monaco,29,1991,28.0,997,755,242,72,0,55,35,0,0,0,0,0,559,39,399,609,241,2,0,110,758,0,30,5,4
311,Pierre Lees-Melou,fr  FRA,MF,Nice,27,1993,22.9,1225,1188,37,29,4,189,37,16,1,0,0,0,878,166,181,201,976,32,5,5,1047,2,27,26,19
312,Fabien Lemoine,fr  FRA,MF,Lorient,33,1987,21.5,1454,1413,41,35,2,234,38,13,1,1,0,0,1064,175,215,192,1181,54,2,5,1255,3,24,25,18
313,Aaron Leya Iseka,be  BEL,FW,Metz,22,1997,11.2,199,191,8,0,3,56,2,4,0,0,0,0,129,38,32,19,143,9,0,8,151,1,4,6,6
314,Yanis Lhery,fr  FRA,"MF,FW",Saint-Étienne,17,2003,0.3,1,1,0,0,0,1,0,0,0,0,0,0,0,1,0,0,0,0,0,0,1,0,0,0,0
315,Dimitri Liénard,fr  FRA,MF,Strasbourg,32,1988,20.3,1154,1022,132,41,2,177,112,69,87,39,35,9,660,129,365,929,186,18,4,5,853,6,40,17,36
316,Isaac Lihadji,fr  FRA,"MF,DF",Lille,18,2002,2.2,108,98,10,3,0,15,5,5,3,2,1,0,78,15,15,76,20,4,4,1,75,0,2,6,5
317,Pol Lirola,es  ESP,DF,Marseille,22,1997,17.3,825,664,161,11,1,111,43,57,0,0,0,0,465,203,157,22,609,27,150,2,638,1,11,30,31
318,Anthony Lopes,pt  POR,GK,Lyon,29,1990,38.0,1176,855,321,71,0,36,43,0,0,0,0,0,722,66,388,720,234,2,0,183,971,0,25,8,5
319,Rony Lopes,pt  POR,"FW,MF",Nice,24,1995,19.8,775,667,108,33,3,152,45,37,60,32,17,1,541,91,143,625,112,15,13,4,590,1,13,22,28
320,Maxime Lopez,fr  FRA,"FW,MF",Marseille,22,1997,1.5,57,56,1,0,0,12,1,1,0,0,0,0,47,6,4,3,50,4,0,0,46,1,0,0,3
321,Dion Lopy,sn  SEN,MF,Reims,18,2002,2.8,109,108,1,1,0,17,4,1,0,0,0,0,84,15,10,19,86,2,0,0,95,0,6,1,1
322,Jordan Lotomba,ch  SUI,DF,Nice,21,1998,23.6,1445,1177,268,29,1,160,18,43,0,0,0,0,944,312,189,104,1038,47,239,3,1185,1,18,42,42
323,Adrien Louveau,fr  FRA,"DF,MF",Lens,20,2000,0.1,5,5,0,0,0,0,0,0,0,0,0,0,4,1,0,1,4,0,0,0,5,0,0,0,0
324,Imran Louza,fr  FRA,MF,Nantes,21,1999,26.4,1323,1195,128,73,4,145,54,30,40,22,15,3,876,151,296,992,248,53,8,4,1038,7,29,22,30
325,Florentino Luís,pt  POR,MF,Monaco,20,1999,2.7,161,158,3,3,0,20,6,1,0,0,0,0,129,11,21,10,139,10,0,1,138,0,2,4,3
326,Yann M'Vila,fr  FRA,"MF,FW",Saint-Étienne,30,1990,0.2,15,15,0,0,0,0,0,0,0,0,0,0,12,3,0,0,15,0,0,0,13,0,0,0,0
327,Yvann Macon,fr  FRA,DF,Saint-Étienne,21,1998,6.0,320,239,81,4,0,43,8,13,0,0,0,0,171,78,71,74,149,13,77,2,241,2,5,7,13
328,Hugo Magnetti,fr  FRA,MF,Brest,22,1998,6.7,343,331,12,11,1,40,17,3,0,0,0,0,237,33,73,18,302,19,1,1,290,1,9,6,5
329,Hicham Mahou,fr  FRA,DF,Nice,21,1999,0.4,18,16,2,1,0,3,1,3,0,0,0,0,12,3,3,1,16,0,1,0,12,0,1,1,0
330,Habib Maïga,ci  CIV,MF,Metz,24,1996,29.9,1440,1398,42,29,2,258,50,17,0,0,0,0,1070,132,238,131,1206,59,12,3,1196,3,33,21,21
331,Mike Maignan,fr  FRA,GK,Lille,24,1995,38.0,1070,761,309,69,1,43,19,0,0,0,0,0,600,40,430,122,729,0,2,192,777,5,33,4,0
332,Josh Maja,ng  NGA,FW,Bordeaux,21,1998,8.9,187,178,9,0,0,55,1,0,0,0,0,0,145,32,10,27,140,6,2,7,165,0,0,3,4
333,Radosław Majecki,pl  POL,GK,Monaco,20,1999,1.0,37,25,12,0,0,3,0,0,0,0,0,0,21,0,16,5,30,0,0,2,25,1,1,0,0
334,Abdul Majeed Waris,gh  GHA,"FW,MF",Strasbourg,28,1991,6.1,140,139,1,0,0,17,4,9,0,0,0,0,100,27,13,15,114,6,0,4,106,1,3,3,9
335,Marco Majouga,fr  FRA,"FW,MF",Nîmes,19,2001,1.2,33,33,0,0,0,10,1,1,0,0,0,0,22,5,6,7,22,1,0,0,23,0,0,1,4
336,Adilson Malanda,fr  FRA,MF,Nîmes,18,2001,0.2,6,5,1,0,0,1,0,0,0,0,0,0,3,0,3,0,5,0,0,0,4,0,0,0,0
337,Hianga Mananga Mbock,fr  FRA,MF,Brest,20,1999,5.1,222,220,2,2,0,28,13,1,0,0,0,0,185,12,25,34,174,7,0,1,203,1,1,2,3
338,Vincent Manceau,fr  FRA,DF,Angers,31,1989,25.7,1597,1309,288,27,0,115,27,42,0,0,0,0,948,295,354,176,1104,42,261,5,1290,2,21,50,32
339,Steve Mandanda,fr  FRA,GK,Marseille,35,1985,37.0,1324,937,387,97,0,77,11,0,0,0,0,0,694,61,569,149,919,0,0,187,942,3,38,1,1
340,Reinildo Mandava,mz  MOZ,DF,Lille,26,1994,24.2,1564,1314,250,27,1,159,25,55,0,0,0,0,984,305,275,1093,157,60,223,3,1259,3,18,38,52
341,Thomas Mangani,fr  FRA,MF,Angers,33,1987,29.9,2052,1877,175,108,4,278,109,36,63,27,31,3,1298,220,534,1634,317,68,4,6,1676,7,21,24,31
342,Vito Mannone,it  ITA,GK,Monaco,32,1988,9.0,287,210,77,16,0,26,7,0,0,0,0,0,140,12,135,17,230,1,0,26,201,0,5,0,1
343,Myziane Maolida,fr  FRA,"FW,MF",Nice,21,1999,12.0,365,357,8,1,1,100,7,23,1,0,0,0,288,39,38,77,278,7,0,2,274,2,7,20,21
344,Faitout Maouassa,fr  FRA,DF,Rennes,22,1998,13.0,818,680,138,11,0,65,20,42,0,0,0,0,482,183,153,583,70,29,127,0,640,1,14,22,34
345,Sekou Mara,fr  FRA,FW,Bordeaux,18,2002,2.5,67,62,5,0,0,28,0,1,0,0,0,0,39,17,11,8,39,6,1,0,38,0,2,4,6
346,Fernando Marçal,br  BRA,DF,Lyon,31,1989,0.9,71,67,4,2,0,3,6,3,0,0,0,0,50,11,10,52,10,4,2,1,64,0,3,1,0
347,Marcelo,br  BRA,DF,Lyon,33,1987,32.3,2028,1974,54,45,0,165,66,5,0,0,0,0,1612,124,292,159,1706,83,9,6,1801,4,25,17,10
348,Dario Maresic,at  AUT,DF,Reims,20,1999,5.7,343,328,15,6,0,18,13,3,0,0,0,0,237,30,76,48,269,12,9,3,288,2,10,6,5
349,Jordan Marié,fr  FRA,MF,Dijon,28,1991,15.9,762,746,16,9,1,119,32,7,7,1,6,0,528,93,141,79,627,40,0,5,622,2,15,18,12
350,Guillermo Maripán,cl  CHI,DF,Monaco,26,1994,23.2,1648,1608,40,37,0,120,55,1,0,0,0,0,1387,91,170,116,1442,51,3,6,1490,1,22,27,9
351,Marquinhos,br  BRA,DF,Paris S-G,26,1994,23.6,1729,1695,34,30,2,131,45,3,0,0,0,0,1461,101,167,261,1389,41,4,11,1610,5,9,15,6
352,Jonas Martin,fr  FRA,MF,Rennes,30,1990,5.4,384,371,13,11,0,41,6,2,0,0,0,0,316,35,33,62,301,13,1,0,340,0,4,6,8
353,Pablo Martinez,fr  FRA,DF,Nîmes,31,1989,6.0,299,283,16,15,0,27,23,0,0,0,0,0,196,29,74,236,42,18,1,0,250,1,12,1,2
354,Gelson Martins,pt  POR,"MF,FW",Monaco,25,1995,17.2,632,628,4,0,0,119,4,28,0,0,0,0,528,57,47,78,528,14,2,3,527,1,9,16,17
355,Sylvain Marveaux,fr  FRA,"MF,FW",Lorient,34,1986,2.2,85,82,3,1,1,12,0,1,0,0,0,0,66,6,13,67,12,3,1,0,69,0,1,1,1
356,Pape Matar Sarr,sn  SEN,MF,Metz,17,2002,17.7,928,909,19,16,0,173,44,6,3,0,1,0,740,87,101,110,775,25,0,2,794,2,20,25,21
357,Eliot Matazo,be  BEL,MF,Monaco,18,2002,3.5,92,91,1,1,0,15,1,0,0,0,0,0,70,17,5,11,70,8,0,0,72,0,2,3,0
358,Chrislain Matsima,fr  FRA,DF,Monaco,18,2002,3.9,272,260,12,7,0,15,11,2,0,0,0,0,222,22,28,16,237,8,5,1,244,1,3,0,6
359,Tony Mauricio,fr  FRA,MF,Lens,26,1994,5.6,342,289,53,19,0,63,24,7,31,13,11,2,241,33,68,277,51,9,2,1,275,0,3,13,14
360,Stephy Mavididi,eng  ENG,"FW,MF",Montpellier,22,1998,22.6,512,496,16,1,3,105,6,19,0,0,0,0,383,85,44,77,388,23,8,8,398,2,11,13,32
361,Youssef Maziz,fr  FRA,"MF,FW",Metz,22,1998,2.9,119,98,21,8,0,22,3,3,6,2,2,1,79,17,23,13,101,2,0,0,84,0,3,7,4
362,Kylian Mbappé,fr  FRA,FW,Paris S-G,21,1998,26.4,1033,979,54,6,4,154,15,68,15,5,1,0,869,106,58,200,801,9,17,4,812,2,12,39,44
363,Nathanael Mbuku,fr  FRA,"MF,FW",Reims,18,2002,24.6,584,560,24,5,7,130,16,21,12,7,2,0,433,70,81,489,49,16,4,5,448,4,8,24,16
364,Facundo Medina,ar  ARG,DF,Lens,21,1999,22.3,1558,1504,54,41,0,167,59,2,0,0,0,0,1241,107,210,1368,125,34,13,2,1358,1,18,26,35
365,Farid El Melali,dz  ALG,"FW,MF",Angers,23,1997,4.6,147,144,3,1,1,32,2,7,0,0,0,0,112,24,11,6,136,2,2,0,111,0,4,4,4
366,Birger Meling,no  NOR,DF,Nîmes,25,1994,25.9,1307,1016,291,33,1,137,23,32,1,0,1,0,788,329,190,780,219,37,257,4,1064,4,30,24,42
367,Houboulang Mendes,fr  FRA,DF,Lorient,22,1998,14.4,599,436,163,5,0,72,8,24,0,0,0,0,288,180,131,71,348,10,158,1,434,0,19,20,30
368,Pedro Mendes,pt  POR,DF,Montpellier,29,1990,18.1,802,774,28,27,0,80,46,2,0,0,0,0,569,55,178,77,675,33,1,3,678,1,15,4,12
369,Thiago Mendes,br  BRA,MF,Lyon,28,1992,24.9,1499,1439,60,53,5,194,54,7,1,0,0,0,1111,141,247,180,1232,59,6,5,1327,4,18,23,16
370,Batista Mendy,fr  FRA,MF,Nantes,20,2000,0.8,36,35,1,1,0,3,1,0,0,0,0,0,33,0,3,2,33,1,0,0,30,0,1,2,0
371,Edouard Mendy,sn  SEN,GK,Rennes,28,1992,1.0,29,21,8,2,0,1,1,0,0,0,0,0,17,0,12,1,25,0,0,2,24,0,1,0,0
372,Mexer,mz  MOZ,DF,Bordeaux,31,1988,7.9,447,419,28,13,0,45,18,2,0,0,0,0,353,31,63,58,349,16,15,1,397,1,5,5,3
373,Clément Michelin,fr  FRA,DF,Lens,23,1997,12.8,672,529,143,21,0,73,25,49,17,9,7,1,354,115,203,24,502,26,105,2,490,5,15,10,28
374,Edouard Michut,fr  FRA,MF,Paris S-G,17,2003,0.0,0,0,0,0,0,0,0,0,0,0,0,0,0,0,0,0,0,0,0,0,0,0,0,0,0
375,Florian Miguel,fr  FRA,DF,Nîmes,23,1996,17.1,913,840,73,31,0,62,24,6,0,0,0,0,641,77,195,753,81,25,39,0,749,0,20,12,7
376,Arkadiusz Milik,pl  POL,FW,Marseille,26,1994,13.6,302,271,31,3,0,76,5,5,0,0,0,0,199,63,40,220,40,12,2,12,221,0,7,14,17
377,Enzo Millot,fr  FRA,MF,Monaco,18,2002,0.5,25,19,6,2,0,2,3,1,2,1,0,1,16,4,5,21,2,0,2,0,19,0,0,0,2
378,Stefan Mitrović,rs  SRB,DF,Strasbourg,30,1990,30.9,1242,1185,57,54,0,114,43,1,0,0,0,0,930,102,210,485,657,74,3,3,1118,0,15,13,5
379,Anthony Modeste,fr  FRA,FW,Saint-Étienne,32,1988,3.3,54,53,1,0,0,28,2,3,0,0,0,0,30,15,9,5,35,2,0,2,31,0,4,2,2
380,Terem Moffi,ng  NGA,FW,Lorient,21,1999,23.0,401,360,41,0,4,107,8,11,0,0,0,0,268,85,48,241,107,20,0,9,285,1,13,23,14
381,Dion Moise Sahi,ci  CIV,"FW,MF",Strasbourg,18,2001,1.0,30,28,2,0,0,9,0,1,1,0,0,0,23,6,1,15,13,0,0,0,23,0,1,2,1
382,Florent Mollet,fr  FRA,MF,Montpellier,28,1991,26.2,1267,1145,122,54,2,167,59,45,55,21,31,2,940,101,226,139,1081,25,9,4,1055,3,20,19,34
383,Thomas Monconduit,fr  FRA,MF,Lorient,29,1991,12.8,679,648,31,24,1,115,31,6,4,1,2,1,495,69,115,114,523,23,0,5,542,1,18,26,19
384,Kévin Monnet-Paquet,fr  FRA,"MF,FW",Saint-Étienne,31,1988,6.3,224,211,13,0,0,47,4,12,0,0,0,0,149,44,31,25,166,16,13,0,151,0,3,10,21
385,Jérémy Morel,mg  MAD,DF,Lorient,36,1984,27.7,1266,1162,104,48,0,183,30,2,1,0,1,0,836,182,248,961,156,65,55,8,1072,1,14,25,24
386,Aimen Moueffek,fr  FRA,"DF,MF",Saint-Étienne,19,2001,8.3,373,313,60,6,0,59,6,1,0,0,0,0,238,73,62,45,245,19,54,1,277,1,8,16,16
387,Harold Moukoudi,cm  CMR,DF,Saint-Étienne,22,1997,25.3,1134,1096,38,33,2,104,45,0,0,0,0,0,929,72,133,219,818,63,5,1,1027,0,13,10,12
388,Jessy Moulin,fr  FRA,GK,Saint-Étienne,34,1986,29.0,881,605,276,74,0,55,28,0,0,0,0,0,467,57,357,37,651,0,0,147,634,2,35,5,3
389,Steve Mounié,bj  BEN,FW,Brest,25,1994,29.8,758,746,12,0,0,336,5,13,0,0,0,0,335,223,200,64,398,87,3,12,460,4,29,27,25
390,Samuel Moutoussamy,cd  COD,FW,Nantes,23,1996,0.9,30,29,1,0,0,4,0,2,0,0,0,0,27,2,1,27,2,0,0,0,26,0,1,0,0
391,Loris Mouyokolo,cg  CGO,DF,Lorient,19,2001,0.2,6,6,0,0,0,0,0,0,0,0,0,0,3,0,3,1,4,1,0,0,3,0,1,0,0
392,Benoît Mukinayi,fr  FRA,DF,Monaco,19,2001,31.9,2387,2341,46,39,3,171,93,1,0,0,0,0,1873,175,339,1868,370,86,7,3,2112,4,38,16,16
393,Marshall Munetsi,zw  ZIM,"MF,DF",Reims,24,1996,21.4,858,846,12,9,1,91,17,4,0,0,0,0,657,87,114,105,678,39,3,7,726,3,13,13,5
394,Kévin N'Doram,fr  FRA,MF,Metz,24,1996,3.4,129,122,7,7,0,17,7,0,0,0,0,0,107,5,17,12,116,1,0,0,112,0,0,6,2
395,Stanley N'Soki,fr  FRA,DF,Nice,21,1999,13.8,1027,978,49,20,0,73,12,7,0,0,0,0,826,109,92,693,246,40,29,0,891,2,15,25,15
396,Yuto Nagatomo,jp  JPN,DF,Marseille,33,1986,17.7,802,629,173,8,0,101,7,25,0,0,0,0,460,189,153,198,395,29,165,1,649,1,16,10,20
397,Kenny Nagera,fr  FRA,FW,Paris S-G,18,2002,0.0,3,3,0,0,0,0,0,0,0,0,0,0,2,0,1,0,3,0,0,0,3,0,0,0,0
398,Paul Nardi,fr  FRA,GK,Lorient,26,1994,23.0,639,377,262,65,0,47,11,0,0,0,0,0,265,17,357,28,481,0,0,108,392,3,30,3,0
399,Keylor Navas,cr  CRC,GK,Paris S-G,33,1986,28.0,745,540,205,33,0,35,14,0,0,0,0,0,529,42,174,97,512,0,0,114,650,0,15,3,0
400,Papa Ndiaga Yade,sn  SEN,"FW,MF",Metz,20,2000,11.1,285,273,12,0,2,73,13,22,3,0,2,0,189,43,53,226,26,9,8,4,197,1,7,13,13
401,Bridge Ndilu,fr  FRA,"FW,MF",Nantes,20,2000,0.5,21,21,0,0,0,2,1,1,0,0,0,0,15,4,2,4,16,0,0,0,13,0,2,1,1
402,Dan Ndoye,ch  SUI,"FW,MF",Nice,19,2000,6.1,178,169,9,1,0,42,1,14,0,0,0,0,139,26,13,26,138,3,5,2,131,1,1,9,13
403,Neymar,br  BRA,"MF,FW",Paris S-G,28,1992,15.7,998,899,99,34,13,163,32,29,50,20,8,4,733,112,153,161,804,12,15,5,776,8,19,47,20
404,Yvan Neyou,cm  CMR,MF,Saint-Étienne,23,1997,27.1,1300,1274,26,25,3,189,40,8,0,0,0,0,1018,107,175,155,1062,58,1,3,1131,2,20,27,12
405,Muzinga Ngonda,cd  COD,DF,Dijon,25,1994,25.6,1671,1379,292,27,0,216,24,40,2,0,1,1,966,333,372,1241,74,70,263,2,1217,6,36,55,79
406,Ahmad Ngouyamsa,cm  CMR,DF,Dijon,19,2000,1.7,93,70,23,1,0,12,4,3,0,0,0,0,57,7,29,11,55,3,22,0,66,0,1,2,1
407,Opa Nguette,sn  SEN,"FW,MF",Metz,26,1994,12.6,280,272,8,1,0,79,4,10,0,0,0,0,205,36,39,21,212,23,0,0,204,2,6,9,9
408,Ibrahima Niane,sn  SEN,FW,Metz,21,1999,7.4,153,142,11,0,0,50,2,1,0,0,0,0,83,31,39,13,104,11,0,1,112,1,2,3,5
409,M'Baye Niang,sn  SEN,FW,Rennes,25,1994,4.7,84,77,7,0,0,24,0,1,0,0,0,0,54,21,9,15,57,2,1,0,57,0,2,2,6
410,Casimir Ninga,td  CHA,FW,Angers,27,1993,0.3,9,9,0,0,1,2,1,0,0,0,0,0,6,1,2,0,8,1,0,0,7,0,0,0,1
411,Arnaud Nordin,fr  FRA,"MF,FW",Saint-Étienne,22,1998,19.7,503,462,41,4,1,82,23,37,22,12,5,2,358,68,77,267,202,16,13,0,374,0,15,20,23
412,Olivier Ntcham,fr  FRA,MF,Marseille,24,1996,1.3,59,54,5,4,0,16,3,1,0,0,0,0,49,3,7,3,54,1,1,0,48,0,3,1,0
413,Gerzino Nyamsi,fr  FRA,DF,Rennes,23,1997,9.7,661,659,2,2,0,58,19,2,0,0,0,0,545,53,63,84,538,24,0,1,582,0,13,14,5
414,Steven Nzonzi,fr  FRA,MF,Rennes,31,1988,32.3,2894,2836,58,57,1,352,54,4,0,0,0,0,2416,224,254,213,2537,91,0,4,2667,2,21,39,17
415,Jonas Omlin,ch  SUI,GK,Montpellier,26,1994,29.7,982,641,341,97,0,48,26,0,1,1,0,0,448,43,491,88,675,1,0,173,701,2,29,3,1
416,Henry Onyekuru,ng  NGA,FW,Monaco,23,1997,1.6,32,32,0,0,1,4,0,1,0,0,0,0,27,3,2,3,26,1,0,1,27,0,1,0,1
417,Otávio,br  BRA,MF,Bordeaux,26,1994,17.3,945,925,20,19,0,130,33,2,0,0,0,0,764,72,109,95,806,32,1,3,852,1,6,12,7
418,Remi Oudin,fr  FRA,"FW,MF",Bordeaux,23,1996,26.9,1074,993,81,17,2,206,37,74,40,18,9,4,689,180,205,823,138,54,24,6,725,4,35,30,60
419,Alexandre Oukidja,dz  ALG,GK,Metz,32,1988,34.0,1035,648,387,99,0,65,51,0,1,1,0,0,387,74,574,60,721,2,0,190,679,3,36,6,4
420,Zinédine Ould Khaled,fr  FRA,MF,Angers,20,2000,0.4,17,16,1,1,0,3,0,0,0,0,0,0,15,0,2,2,13,1,0,0,16,0,0,1,0
421,Ambroise Oyongo,cm  CMR,DF,Montpellier,29,1991,6.2,307,249,58,4,0,29,4,7,0,0,0,0,173,48,86,223,21,6,54,0,232,2,8,4,7
422,Pablo,br  BRA,DF,Bordeaux,29,1991,12.0,692,684,8,8,0,43,21,0,0,0,0,0,571,37,84,180,460,28,0,5,625,0,4,1,7
423,Vincent Pajot,fr  FRA,MF,Metz,29,1990,10.2,520,494,26,19,2,60,20,7,4,0,2,1,385,56,79,56,430,21,1,1,452,0,10,3,3
424,Nicolas Pallois,fr  FRA,DF,Nantes,32,1987,30.8,1273,1217,56,49,1,140,51,4,0,0,0,0,864,124,285,1019,120,92,7,3,1035,1,32,20,16
425,Jonathan Panzo,eng  ENG,DF,Dijon,19,2000,20.0,1095,1064,31,24,1,93,19,2,0,0,0,0,914,76,105,889,146,34,6,1,967,3,12,17,10
426,Lucas Paquetá,br  BRA,MF,Lyon,22,1997,25.3,1254,1208,46,20,13,268,17,14,3,0,1,0,985,134,135,1012,162,28,9,6,1021,6,18,52,45
427,Gaëtan Paquiez,fr  FRA,DF,Nîmes,26,1994,11.6,470,333,137,13,1,48,10,10,0,0,0,0,232,119,119,55,249,27,124,0,367,2,7,11,13
428,Rubén Pardo,es  ESP,"MF,FW",Bordeaux,27,1992,0.3,13,12,1,0,0,0,0,0,1,0,0,0,13,0,0,2,11,0,0,0,9,0,1,0,1
429,Leandro Paredes,ar  ARG,MF,Paris S-G,26,1994,14.5,1470,1418,52,43,5,98,41,6,6,3,2,0,1251,86,133,98,1339,16,3,7,1327,4,13,30,14
430,Mateo Pavlović,ba  BIH,DF,Angers,30,1990,12.3,518,498,20,18,0,50,17,0,0,0,0,0,393,54,71,54,423,31,2,0,464,1,7,5,5
431,Strahinja Pavlović,rs  SRB,DF,Monaco,19,2001,0.0,1,1,0,0,0,0,0,0,0,0,0,0,0,1,0,1,0,0,0,0,0,0,0,0,1
432,Dimitri Payet,fr  FRA,"FW,MF",Marseille,33,1987,26.9,1458,1267,191,65,6,201,63,84,93,53,30,8,921,197,340,187,1209,13,28,18,1047,12,28,60,47
433,Yohann Pelé,fr  FRA,GK,Marseille,37,1982,1.0,25,19,6,3,0,0,0,0,0,0,0,0,22,1,2,2,15,0,0,7,23,0,0,1,0
434,Pietro Pellegri,it  ITA,"FW,MF",Monaco,19,2001,2.6,42,41,1,1,0,19,0,3,0,0,0,0,25,10,7,4,26,4,0,2,24,1,0,0,6
435,Andy Pelmard,fr  FRA,DF,Nice,20,2000,13.4,915,845,70,23,0,63,13,1,0,0,0,0,777,72,66,163,686,13,47,3,835,0,16,9,15
436,Timothee Pembele,fr  FRA,DF,Paris S-G,17,2002,4.3,259,238,21,1,0,16,0,2,0,0,0,0,226,25,8,26,207,4,20,0,234,0,0,4,6
437,Mathias Pereira Lage,pt  POR,"FW,MF",Angers,23,1996,16.3,482,462,20,3,0,103,9,28,1,0,0,0,326,78,78,72,352,26,14,3,359,0,14,14,18
438,Danilo Pereira,pt  POR,"MF,DF",Paris S-G,28,1991,15.9,1179,1162,17,16,0,146,16,2,0,0,0,0,1022,78,79,76,1055,31,1,2,1097,0,7,17,10
439,Manuel Perez,fr  FRA,MF,Lens,29,1991,1.4,46,44,2,2,0,11,3,0,0,0,0,0,26,5,15,10,31,2,0,0,40,0,1,0,1
440,Romain Perraud,fr  FRA,DF,Brest,22,1997,34.9,2049,1658,391,29,1,209,46,110,6,0,1,1,1183,430,436,1499,138,36,356,3,1630,7,38,35,78
441,Lucas Perrin,fr  FRA,DF,Marseille,21,1998,3.4,166,157,9,6,0,13,8,2,0,0,0,0,141,10,15,21,133,4,3,1,154,0,0,3,1
442,Rayan Philippe,fr  FRA,FW,Dijon,19,2000,1.0,15,10,5,1,0,6,0,1,2,0,1,0,7,5,3,11,2,1,0,0,8,0,0,0,1
443,Jérémy Pied,fr  FRA,DF,Lille,31,1989,3.5,287,244,43,3,0,17,4,9,0,0,0,0,166,60,61,25,206,12,40,0,228,0,5,8,8
444,Ronaël Pierre-Gabriel,fr  FRA,DF,Brest,22,1998,25.6,1412,1143,269,20,1,161,13,24,0,0,0,0,875,273,264,63,1038,46,248,2,1181,0,27,31,38
445,Maxime Poundjé,fr  FRA,DF,Bordeaux,27,1992,5.5,264,219,45,5,0,30,2,12,0,0,0,0,152,61,51,180,22,8,40,1,191,0,7,8,17
446,Sanjin Prcić,ba  BIH,MF,Strasbourg,26,1993,3.9,240,223,17,11,0,25,16,5,5,1,3,0,155,31,54,51,179,5,1,0,199,0,6,7,5
447,Nicolas de Préville,fr  FRA,"FW,MF",Bordeaux,29,1991,17.9,653,571,82,27,3,135,34,32,35,14,9,5,440,71,142,99,495,25,6,10,470,3,15,23,24
448,Anthony Racioppi,ch  SUI,GK,Dijon,21,1998,21.0,656,413,243,65,0,29,16,0,0,0,0,0,313,13,330,22,521,0,0,101,431,1,16,5,4
449,Nemanja Radonjić,rs  SRB,FW,Marseille,24,1996,4.4,143,139,4,0,1,24,6,8,2,1,1,0,101,26,16,10,124,4,0,0,87,0,3,9,9
450,Aleksandar Radovanović,rs  SRB,DF,Lens,26,1993,1.0,42,40,2,2,0,6,1,0,0,0,0,0,30,4,8,36,2,2,0,0,30,0,4,1,1
451,Rafinha,br  BRA,MF,Paris S-G,27,1993,15.1,1170,1130,40,16,5,192,24,8,21,10,6,1,1021,79,70,1013,122,18,3,7,1048,3,8,24,15
452,Predrag Rajković,rs  SRB,GK,Reims,24,1995,36.5,1454,991,463,120,1,83,38,0,0,0,0,0,680,71,703,190,1033,2,0,157,963,6,39,6,4
453,Panagiotis Retsos,gr  GRE,DF,Saint-Étienne,21,1998,3.0,187,183,4,2,0,27,7,0,0,0,0,0,148,13,26,23,143,10,2,1,161,0,3,1,0
454,Baptiste Reynet,fr  FRA,GK,Nîmes,29,1990,38.0,1587,1130,457,156,2,64,51,0,0,0,0,0,740,60,787,99,1216,2,1,144,1069,1,45,7,4
455,Sergio Rico,es  ESP,GK,Paris S-G,26,1993,9.0,216,153,63,9,0,7,1,0,0,0,0,0,175,10,31,35,135,1,0,41,196,0,3,1,0
456,Renaud Ripart,fr  FRA,"MF,FW",Nîmes,27,1993,33.9,1196,1090,106,23,2,244,32,44,1,0,1,0,744,233,219,229,772,52,74,8,820,4,29,46,85
457,Mihailo Ristić,rs  SRB,DF,Montpellier,24,1995,24.8,1265,1018,247,20,3,140,53,64,0,0,0,0,672,243,350,841,138,39,227,2,983,7,18,21,43
458,Maxence Rivera,fr  FRA,"MF,FW",Saint-Étienne,18,2002,2.7,110,107,3,1,0,13,3,6,0,0,0,0,79,15,16,14,91,3,2,0,82,0,4,6,1
459,Christopher Rocchia,fr  FRA,DF,Marseille,22,1998,0.2,15,10,5,1,0,3,0,0,0,0,0,0,10,2,3,8,2,1,4,0,14,0,0,0,1
460,Valentin Rongier,fr  FRA,MF,Marseille,25,1994,21.0,1388,1360,28,23,2,172,32,8,1,0,0,0,1114,154,120,303,1013,50,1,3,1208,2,24,21,31
461,Nolan Roux,fr  FRA,FW,Nîmes,32,1988,7.2,154,139,15,0,0,34,3,5,0,0,0,0,94,30,30,7,122,16,0,4,104,0,3,8,7
462,Daniele Rugani,it  ITA,DF,Rennes,26,1994,1.0,65,63,2,2,0,11,0,0,0,0,0,0,53,5,7,8,52,1,0,0,57,0,0,2,0
463,Kays Ruiz,ma  MAR,"FW,MF",Paris S-G,17,2002,2.1,181,181,0,0,1,20,2,1,0,0,0,0,161,11,9,19,160,1,0,1,159,1,1,5,2
464,Georginio Rutter,fr  FRA,"FW,MF",Rennes,18,2002,0.5,15,13,2,0,0,6,0,0,0,0,0,0,7,5,3,1,7,5,0,0,9,0,0,0,1
465,Roli Pereira de Sa,fr  FRA,"MF,FW",Nantes,23,1996,0.6,47,46,1,1,0,5,1,0,0,0,0,0,40,3,4,38,8,1,0,0,43,0,1,1,1
466,Idriss Saadi,dz  ALG,"FW,MF",Strasbourg,28,1992,1.4,30,28,2,0,0,13,1,2,0,0,0,0,14,9,7,2,20,1,0,2,18,0,0,1,1
467,Youssouf Sabaly,sn  SEN,DF,Bordeaux,27,1993,32.3,1971,1608,363,21,2,220,20,39,1,0,1,0,1258,447,266,258,1277,66,341,4,1671,2,22,37,64
468,Mathys Saban,fr  FRA,FW,Saint-Étienne,18,2002,0.1,3,3,0,0,0,0,0,0,0,0,0,0,3,0,0,0,3,0,0,0,3,0,0,0,0
469,Hiroki Sakai,jp  JPN,DF,Marseille,30,1990,26.5,1482,1191,291,5,0,134,21,31,0,0,0,0,929,342,211,138,946,79,286,1,1228,0,19,31,43
470,Moïse Sakava,cm  CMR,MF,Reims,19,2000,0.1,7,7,0,0,0,1,1,0,0,0,0,0,6,0,1,0,7,0,0,0,7,0,0,0,0
471,William Saliba,fr  FRA,DF,Nice,19,2001,20.0,1438,1403,35,32,1,144,54,0,0,0,0,0,1235,87,116,108,1286,25,3,2,1331,3,12,23,12
472,Romain Salin,fr  FRA,GK,Rennes,36,1984,15.0,544,381,163,40,0,30,12,0,0,0,0,0,304,21,219,350,99,3,0,76,409,0,10,2,0
473,Mama Samba Baldé,gw  GNB,FW,Dijon,24,1995,24.0,492,458,34,2,0,151,6,10,0,0,0,0,328,104,60,77,316,28,4,20,343,0,6,21,31
474,Junior Sambia,fr  FRA,"DF,MF",Montpellier,23,1996,27.2,1311,1054,257,11,5,140,43,61,7,3,4,0,758,286,267,154,868,32,238,1,1035,1,25,45,31
475,Frédéric Sammaritano,fr  FRA,"FW,MF",Dijon,34,1986,12.6,508,444,64,29,2,82,29,32,31,20,9,0,339,61,108,87,402,11,1,5,381,3,8,8,23
476,Renato Sanches,pt  POR,MF,Lille,22,1997,14.1,988,930,58,26,8,114,63,19,27,9,10,6,736,75,177,97,869,10,5,2,822,7,23,29,13
477,Morgan Sanson,fr  FRA,MF,Marseille,25,1994,9.2,329,315,14,6,0,70,6,13,4,1,3,0,229,57,43,58,250,8,2,4,249,2,5,11,12
478,Baptiste Santamaria,fr  FRA,MF,Angers,25,1995,3.0,156,150,6,6,1,16,4,1,0,0,0,0,129,11,16,6,145,3,0,1,137,0,1,5,2
479,Pablo Sarabia,es  ESP,"FW,MF",Paris S-G,28,1992,14.7,640,603,37,6,10,118,16,37,18,12,1,0,494,73,73,512,108,5,11,2,492,2,11,23,26
480,Bouna Sarr,gn  GUI,DF,Marseille,28,1992,0.8,60,47,13,1,0,3,0,1,0,0,0,0,44,15,1,5,42,1,12,0,55,0,0,2,1
481,Sidy Sarr,sn  SEN,MF,Nîmes,24,1996,5.1,216,208,8,6,1,39,18,0,0,0,0,0,127,32,57,154,31,13,2,1,176,0,6,3,2
482,Téji Savanier,fr  FRA,MF,Montpellier,28,1991,24.1,1243,1073,170,52,3,190,94,57,96,32,49,11,605,190,448,159,995,56,8,4,875,5,41,31,38
483,Aurélien Scheidler,fr  FRA,FW,Dijon,22,1998,3.8,76,67,9,0,0,16,1,0,0,0,0,0,52,16,8,7,52,8,0,2,57,0,0,0,2
484,Morgan Schneiderlin,fr  FRA,MF,Nice,30,1989,24.4,1614,1565,49,48,0,191,63,7,1,0,0,0,1257,126,231,192,1335,52,0,9,1422,3,20,20,10
485,Malik Sellouki,fr  FRA,"FW,MF",Nice,20,2000,0.7,30,28,2,0,0,4,2,4,1,0,0,1,19,5,6,22,6,1,1,0,20,0,0,1,2
486,Matz Sels,be  BEL,GK,Strasbourg,28,1992,6.0,175,109,66,16,0,15,7,0,0,0,0,0,68,4,103,13,130,0,0,23,110,0,5,1,0
487,Jean Seri,ci  CIV,MF,Bordeaux,29,1991,7.9,518,498,20,20,1,90,17,4,0,0,0,0,420,47,51,53,443,13,0,1,456,1,7,14,7
488,Mahame Siby,fr  FRA,"MF,FW",Strasbourg,24,1996,0.2,12,12,0,0,0,1,0,0,0,0,0,0,10,0,2,4,8,0,0,0,9,0,0,0,1
489,Abdoulaye Sidibé,fr  FRA,MF,Saint-Étienne,18,2002,0.1,2,2,0,0,0,1,0,0,0,0,0,0,1,0,1,0,1,0,0,0,1,0,1,0,0
490,Djibril Sidibé,fr  FRA,DF,Monaco,28,1992,22.0,1826,1503,323,79,7,149,49,40,33,18,13,0,1272,229,325,211,1344,44,211,3,1522,5,24,41,27
491,Kaj Sierhuis,nl  NED,FW,Reims,22,1998,7.2,168,159,9,1,0,32,6,8,0,0,0,0,106,30,32,29,108,14,0,6,110,3,5,6,8
492,Caio Henrique Oliveira Silva,br  BRA,DF,Monaco,23,1997,26.3,1500,1209,291,25,2,163,20,66,3,2,0,0,927,256,317,1049,139,33,263,2,1186,2,17,38,41
493,Florent da Silva,fr  FRA,FW,Lyon,17,2003,0.0,1,1,0,0,0,0,0,0,0,0,0,0,1,0,0,0,1,0,0,0,1,0,0,0,0
494,Gabriel Silva,br  BRA,DF,Saint-Étienne,29,1991,3.9,230,184,46,5,0,18,5,7,0,0,0,0,133,42,55,139,38,7,41,2,192,0,3,1,7
495,Mohamed Simakan,fr  FRA,DF,Strasbourg,20,2000,17.9,852,785,67,21,3,87,50,10,0,0,0,0,592,104,156,55,713,24,46,3,705,1,12,12,12
496,Moses Simon,ng  NGA,"FW,MF",Nantes,25,1995,25.8,731,655,76,16,2,132,29,80,46,30,13,1,437,125,169,148,511,41,12,3,474,4,15,28,46
497,Xavi Simons,nl  NED,MF,Paris S-G,17,2003,0.0,8,8,0,0,0,1,1,0,0,0,0,0,7,0,1,0,8,0,0,0,6,0,0,0,1
498,Issouf Sissokho,ml  MLI,MF,Bordeaux,18,2002,0.9,44,44,0,0,0,4,1,0,0,0,0,0,41,1,2,3,40,1,0,0,41,0,1,1,0
499,Ibrahima Sissoko,fr  FRA,MF,Strasbourg,22,1997,28.7,1162,1144,18,12,2,193,43,22,1,0,0,0,809,145,208,179,887,47,5,8,941,3,18,20,32
500,Nelson Sissoko,fr  FRA,DF,Saint-Étienne,23,1997,5.3,280,216,64,9,0,38,14,6,0,0,0,0,151,59,70,28,182,6,55,3,208,0,7,7,10
501,Jacques Siwe,fr  FRA,FW,Dijon,19,2001,1.9,34,32,2,0,0,7,0,0,0,0,0,0,23,7,4,18,11,4,0,0,23,0,0,1,4
502,Petar Škuletić,rs  SRB,"FW,MF",Montpellier,30,1990,2.6,72,67,5,0,0,20,2,2,0,0,0,0,31,25,16,29,15,10,0,4,41,0,0,2,4
503,Islam Slimani,dz  ALG,FW,Lyon,32,1988,6.4,245,233,12,1,1,49,2,7,0,0,0,0,172,49,24,42,171,15,3,5,182,0,5,15,13
504,Brandon Soppy,fr  FRA,DF,Rennes,18,2002,6.2,406,339,67,5,0,32,6,14,0,0,0,0,278,71,57,19,315,7,62,0,323,0,10,10,12
505,Florian Sotoca,fr  FRA,FW,Lens,29,1990,26.8,920,877,43,2,5,229,41,45,3,2,0,0,557,171,192,48,708,76,7,8,654,9,21,29,44
506,Cheick Souaré,fr  FRA,MF,Marseille,17,2002,0.1,3,3,0,0,0,1,0,0,0,0,0,0,2,1,0,2,1,0,0,0,2,0,0,1,0
507,Rayan Souici,fr  FRA,DF,Saint-Étienne,22,1998,0.1,8,8,0,0,0,0,1,0,0,0,0,0,6,0,2,0,7,1,0,0,7,0,1,0,0
508,Adama Soumaoro,fr  FRA,DF,Lille,28,1992,1.6,121,119,2,2,0,4,5,0,0,0,0,0,111,3,7,16,98,3,0,1,116,0,0,0,0
509,Boubakary Soumaré,fr  FRA,MF,Lille,21,1999,21.3,1575,1547,28,24,3,190,51,2,0,0,0,0,1266,126,183,277,1216,49,4,8,1368,1,15,45,10
510,Yaya Soumaré,fr  FRA,FW,Lyon,20,2000,0.0,1,1,0,0,0,0,0,0,0,0,0,0,1,0,0,0,1,0,0,0,1,0,0,0,0
511,Arnaud Souquet,fr  FRA,DF,Montpellier,28,1992,13.6,648,490,158,8,0,62,13,34,0,0,0,0,319,161,168,45,416,30,150,0,486,4,10,21,30
512,Ansou Sow,fr  FRA,MF,Lens,20,2000,0.1,2,2,0,0,0,2,0,0,0,0,0,0,1,0,1,1,0,0,0,0,1,0,0,0,0
513,Saidou Sow,gn  GUI,DF,Saint-Étienne,18,2002,11.1,561,550,11,9,0,67,15,0,0,0,0,0,409,48,104,74,447,23,2,0,483,2,11,9,8
514,Kevin Strootman,nl  NED,MF,Marseille,30,1990,2.6,180,175,5,3,2,21,10,4,0,0,0,0,132,24,24,147,19,7,2,2,152,0,1,2,3
515,Abdoulaye Sylla,gn  GUI,DF,Nantes,20,2000,0.1,6,2,4,1,0,0,0,0,0,0,0,0,1,2,3,1,2,0,3,0,3,0,1,0,0
516,Issiaga Sylla,gn  GUI,DF,Lens,26,1994,12.4,685,542,143,10,0,61,11,36,5,2,0,0,370,165,150,439,74,22,128,6,531,0,13,19,32
517,Eddy Sylvestre,fr  FRA,"FW,MF",Nice,20,1999,1.1,38,35,3,1,0,4,1,3,1,1,0,0,29,4,5,32,4,1,1,0,32,0,1,1,0
518,Waniss Taibi,fr  FRA,MF,Angers,18,2002,0.4,32,32,0,0,0,7,0,0,0,0,0,0,27,3,2,4,28,0,0,0,28,0,0,2,0
519,Flavien Tait,fr  FRA,"MF,FW",Rennes,27,1993,15.2,826,798,28,10,2,180,21,17,10,5,4,0,607,95,124,65,720,18,7,6,695,4,13,21,21
520,Heriberto Tavares,pt  POR,"MF,FW",Brest,23,1997,0.5,12,11,1,0,0,3,0,0,0,0,0,0,8,1,3,6,4,1,1,0,10,0,0,0,2
521,Warren Tchimbembé,fr  FRA,"MF,FW",Metz,22,1998,5.5,257,250,7,4,0,35,5,5,2,0,0,0,194,34,29,138,96,17,1,0,220,0,4,6,3
522,Aurélien Tchouaméni,fr  FRA,MF,Monaco,20,2000,34.0,1852,1807,45,42,9,339,57,24,1,0,0,1,1410,178,264,233,1474,70,2,7,1552,2,28,39,37
523,Martin Terrier,fr  FRA,"FW,MF",Rennes,23,1997,27.1,799,768,31,2,1,208,15,28,2,0,1,0,586,109,104,80,625,38,0,10,642,1,7,22,26
524,Kenny Tete,nl  NED,DF,Lyon,24,1995,0.2,24,20,4,1,0,1,0,0,0,0,0,0,18,4,2,2,19,0,3,0,21,0,0,0,1
525,Florian Thauvin,fr  FRA,"FW,MF",Marseille,27,1993,30.4,1430,1280,150,54,7,199,81,104,70,37,24,2,884,210,336,1189,193,16,16,6,1010,6,32,55,67
526,Sada Thioub,sn  SEN,"FW,MF",Angers,25,1995,14.0,604,589,15,2,2,133,11,18,2,0,1,0,484,67,53,71,504,10,8,4,504,0,12,9,23
527,Romain Thomas,fr  FRA,DF,Angers,32,1988,33.6,1643,1576,67,65,0,153,63,0,0,0,0,0,1193,120,330,1340,170,78,2,3,1434,1,14,22,12
528,Adrien Thomasson,fr  FRA,MF,Strasbourg,26,1993,29.2,1148,1098,50,8,3,277,29,35,5,0,2,0,806,197,145,218,831,42,14,13,874,3,13,47,41
529,Khéphren Thuram-Ulie,fr  FRA,MF,Nice,19,2001,16.6,965,945,20,20,2,169,17,4,0,0,0,0,779,94,92,163,764,23,0,3,849,2,15,18,9
530,Cheikh Tidiane Sabaly,sn  SEN,MF,Metz,21,1999,0.1,5,5,0,0,0,3,0,1,0,0,0,0,4,0,1,1,4,0,0,0,3,0,0,0,1
531,Jean-Clair Todibo,fr  FRA,DF,Nice,20,1999,14.8,1096,1061,35,33,1,105,55,1,0,0,0,0,917,60,119,71,989,22,2,4,980,0,20,12,5
532,Karl Toko Ekambi,cm  CMR,FW,Lyon,27,1992,31.2,991,973,18,4,4,231,13,51,0,0,0,0,744,131,116,80,849,19,13,5,770,2,17,27,41
533,Tyron Tormin,fr  FRA,"MF,FW",Saint-Étienne,19,2001,0.2,9,9,0,0,0,4,0,0,0,0,0,0,7,1,1,1,7,0,0,0,8,0,0,0,1
534,Abdoulaye Touré,fr  FRA,MF,Nantes,26,1994,18.7,939,934,5,5,2,146,17,5,0,0,0,0,735,100,104,196,669,50,0,1,799,0,11,22,13
535,Amadou Traore,fr  FRA,"MF,FW",Bordeaux,18,2002,3.4,103,94,9,0,0,30,1,14,1,0,0,0,73,19,11,7,82,3,8,0,74,1,1,5,4
536,Boubacar Traoré,ml  MLI,MF,Metz,18,2001,0.6,47,46,1,1,0,15,2,0,0,0,0,0,41,2,4,4,41,1,0,1,34,0,6,1,2
537,Charles Traore,ml  MLI,DF,Nantes,28,1992,18.9,944,732,212,20,1,80,13,21,0,0,0,0,522,186,236,627,70,38,192,2,670,1,26,31,35
538,Cheick Traoré,ml  MLI,DF,Lens,25,1995,0.4,24,14,10,0,0,1,1,1,0,0,0,0,12,5,7,0,14,0,10,0,17,0,1,2,0
539,Hamari Traoré,ml  MLI,DF,Rennes,28,1992,33.3,2442,2063,379,38,1,171,40,100,2,0,0,0,1629,459,354,245,1737,87,339,7,2034,4,32,54,75
540,Ismaël Traoré,ci  CIV,DF,Angers,33,1986,33.3,1700,1631,69,65,0,175,32,4,0,0,0,0,1337,105,258,145,1492,42,4,6,1460,5,23,39,18
541,Miguel Trauco,pe  PER,DF,Saint-Étienne,27,1992,22.6,1410,1119,291,44,2,151,30,52,6,2,2,1,783,259,368,1028,81,47,241,4,1080,2,35,46,48
542,Alexis Trouillet,fr  FRA,MF,Nice,19,2000,1.2,68,66,2,1,1,11,4,1,1,1,0,0,54,6,8,4,63,0,0,0,56,1,1,2,1
543,Adrien Truffert,fr  FRA,"DF,MF",Rennes,18,2001,21.7,1290,1102,188,22,0,141,20,62,0,0,0,0,906,224,160,918,139,55,166,2,1083,3,16,29,30
544,Marvin Tshibuabua,fr  FRA,DF,Saint-Étienne,18,2002,0.5,17,17,0,0,0,4,0,0,0,0,0,0,12,4,1,2,10,2,0,0,15,0,0,0,0
545,Matthieu Udol,fr  FRA,DF,Metz,24,1996,19.2,975,777,198,23,1,82,20,42,0,0,0,0,591,218,166,623,132,31,174,1,798,1,14,15,30
546,Naomichi Ueda,jp  JPN,DF,Nîmes,25,1994,7.9,347,331,16,14,2,25,17,1,0,0,0,0,248,17,82,37,297,10,0,2,278,2,14,5,0
547,Chimuanya Ugochukwu,fr  FRA,MF,Rennes,16,2004,0.7,36,35,1,1,0,10,0,0,0,0,0,0,30,2,4,6,29,1,0,0,34,0,0,1,0
548,Hwang Ui-jo,kr  KOR,"FW,MF",Bordeaux,27,1992,27.8,488,446,42,0,0,100,7,17,0,0,0,0,379,68,41,36,389,26,4,7,398,0,13,9,20
549,Antoine Valerio,fr  FRA,MF,Nîmes,20,1999,0.8,17,17,0,0,1,5,1,1,0,0,0,0,11,2,4,15,1,1,0,0,14,0,0,1,0
550,Marco Verratti,it  ITA,MF,Paris S-G,27,1992,16.6,1799,1743,56,47,9,219,20,10,0,0,0,0,1497,144,158,148,1602,25,9,8,1653,2,12,37,15
551,Clément Vidal,fr  FRA,DF,Montpellier,20,2000,1.0,32,32,0,0,0,6,0,0,0,0,0,0,23,2,7,1,30,1,0,0,25,0,1,1,0
552,Kevin Volland,de  GER,"FW,MF",Monaco,28,1992,30.8,805,792,13,5,10,239,8,28,1,0,0,0,516,147,142,502,184,43,1,23,549,6,21,22,49
553,Franklin Wadja,cm  CMR,MF,Lorient,25,1995,0.4,21,21,0,0,0,2,0,0,0,0,0,0,12,1,8,2,14,3,0,1,14,0,1,0,0
554,Timothy Weah,us  USA,"FW,MF",Lille,20,2000,9.8,309,299,10,1,0,58,3,18,0,0,0,0,229,52,28,34,246,12,7,1,234,0,4,11,16
555,Yoane Wissa,cd  COD,"FW,MF",Lorient,23,1996,29.7,754,739,15,7,10,200,13,29,2,1,1,0,530,111,113,104,578,26,3,5,574,2,16,22,26
556,Xeka,pt  POR,MF,Lille,25,1994,13.3,881,842,39,27,2,103,39,7,10,3,6,0,705,69,107,95,750,22,2,5,783,0,6,21,12
557,Yusuf Yazıcı,tr  TUR,"FW,MF",Lille,23,1997,12.1,524,432,92,25,6,83,36,21,60,31,23,5,326,65,133,461,45,6,2,5,355,1,10,20,16
558,Burak Yılmaz,tr  TUR,FW,Lille,35,1985,22.8,530,496,34,3,1,116,3,15,0,0,0,0,402,81,47,76,400,14,1,12,399,2,7,24,17
559,Wilitty Younoussa,cm  CMR,"MF,DF",Dijon,18,2001,0.9,21,21,0,0,0,2,0,1,0,0,0,0,18,2,1,3,18,0,0,0,15,0,0,2,2
560,Zaydou Youssouf,fr  FRA,MF,Saint-Étienne,21,1999,13.7,502,480,22,19,1,97,42,13,0,0,0,0,335,49,118,417,63,11,2,3,392,3,19,11,3
561,Arthur Zagre,fr  FRA,"DF,MF",Dijon,18,2001,1.4,49,39,10,2,0,8,0,0,0,0,0,0,28,12,9,34,4,3,8,0,37,0,2,6,0
562,Arber Zeneli,xk  KVX,"MF,FW",Reims,25,1995,14.3,409,349,60,13,0,65,14,19,34,20,10,1,284,51,74,34,350,4,13,4,297,0,7,10,22
563,Mehdi Zerkane,dz  ALG,"MF,FW",Bordeaux,21,1999,13.2,569,560,9,4,0,112,0,7,1,1,0,0,450,52,67,476,41,31,4,4,481,2,6,18,11
564,Kévin Zohi,ml  MLI,"FW,MF",Strasbourg,23,1996,4.8,186,181,5,0,0,32,7,12,0,0,0,0,124,33,29,20,150,7,5,2,142,0,1,4,9
