,Player,Nation,Pos,Squad,Age,Born,90s,Att,Live_Pass Types,Dead_Pass Types,FK_Pass Types,TB_Pass Types,Press_Pass Types,Sw_Pass Types,Crs_Pass Types,CK_Pass Types,In_Corner Kicks,Out_Corner Kicks,Str_Corner Kicks,Ground_Height,Low_Height,High_Height,Left_Body Parts,Right_Body Parts,Head_Body Parts,TI_Body Parts,Other_Body Parts,Cmp,Off_Outcomes,Out_Outcomes,Int_Outcomes,Blocks_Outcomes
0,Yunis Abdelhamid,ma  MAR,DF,Reims,31,1987,28.0,1515,1437,78,75,1,184,49,1,0,0,0,0,1142,141,232,1008,411,66,3,3,1328,3,21,25,12
1,Mehdi Abeid,dz  ALG,MF,Nantes,26,1992,20.2,957,864,93,42,1,157,50,18,47,16,16,7,684,113,160,104,788,42,4,8,801,3,23,11,12
2,Charles Abi,fr  FRA,FW,Saint-Étienne,19,2000,6.9,132,120,12,0,1,53,1,4,0,0,0,0,69,38,25,78,16,11,0,5,74,1,3,3,9
3,Amine Adli,fr  FRA,"MF,FW",Toulouse,19,2000,0.5,27,22,5,1,0,4,3,1,3,2,0,0,14,8,5,22,2,1,1,0,21,0,1,0,0
4,Yacine Adli,fr  FRA,"MF,FW",Bordeaux,19,2000,11.3,581,540,41,18,1,144,22,11,19,8,7,3,441,76,64,62,498,8,3,1,460,3,9,22,7
5,Nayef Aguerd,ma  MAR,DF,Dijon,23,1996,10.6,572,556,16,12,0,61,32,0,0,0,0,0,407,37,128,481,59,18,4,1,487,2,12,4,7
6,Ruben Aguilar,fr  FRA,DF,Monaco,26,1993,11.9,791,675,116,9,0,102,18,52,0,0,0,0,502,154,135,14,642,15,107,5,666,0,8,6,19
7,Jean-Eudes Aholou,ci  CIV,MF,Saint-Étienne,25,1994,7.0,313,306,7,6,0,53,6,2,0,0,0,0,236,54,23,254,40,11,1,1,262,2,13,8,6
8,Youssef Aït Bennasser,ma  MAR,MF,Bordeaux,23,1996,6.0,413,406,7,5,2,93,5,1,1,1,0,0,330,48,35,63,330,13,1,1,357,2,6,6,3
9,Rayan Aït Nouri,fr  FRA,DF,Angers,18,2001,14.2,801,649,152,7,1,104,21,38,3,0,2,1,446,147,208,554,72,22,142,1,625,2,19,17,30
10,Ludovic Ajorque,re  REU,FW,Strasbourg,25,1994,22.9,509,486,23,0,2,170,11,18,0,0,0,0,260,155,94,254,113,48,3,7,371,5,11,13,12
11,Marley Aké,fr  FRA,"FW,MF",Marseille,18,2001,1.1,29,27,2,0,0,6,1,1,0,0,0,0,22,3,4,2,27,0,0,0,25,0,1,0,0
12,Chadrac Akolo,cd  COD,"FW,MF",Amiens,24,1995,6.0,206,202,4,2,0,48,3,7,1,0,0,1,164,21,21,14,181,6,1,0,172,0,2,6,4
13,Sofiane Alakouch,fr  FRA,DF,Nîmes,21,1998,15.6,810,612,198,14,1,99,13,27,0,0,0,0,418,224,168,45,544,29,184,3,664,1,9,7,30
14,Haitam Aleesami,no  NOR,DF,Amiens,28,1991,21.3,1170,934,236,19,0,200,17,36,4,1,2,0,648,231,291,757,124,57,213,1,910,2,13,24,23
15,Rúnar Alex Rúnarsson,is  ISL,GK,Dijon,24,1995,10.0,327,222,105,24,0,45,9,0,0,0,0,0,154,27,146,23,238,0,0,54,237,2,14,2,0
16,Rachid Alioui,ma  MAR,FW,Angers,27,1992,17.4,467,430,37,3,1,116,7,14,1,1,0,0,300,90,77,97,301,28,2,7,342,0,7,19,21
17,Mickaël Alphonse,GPE,DF,Dijon,30,1989,15.3,716,547,169,7,0,110,14,26,1,0,1,0,379,129,208,73,440,30,161,1,500,2,15,19,33
18,Romain Amalfitano,fr  FRA,MF,Dijon,29,1989,18.8,892,868,24,10,1,158,29,11,5,1,4,0,586,125,181,72,767,33,8,3,700,1,19,22,14
19,Jordan Amavi,fr  FRA,DF,Marseille,25,1994,24.0,1222,1005,217,13,1,183,11,31,0,0,0,0,705,259,258,639,286,55,204,6,983,0,26,13,38
20,Thierry Ambrose,fr  FRA,FW,Metz,22,1997,6.1,193,191,2,1,0,60,5,12,0,0,0,0,110,29,54,38,122,14,0,1,140,0,5,2,9
21,Kelvin Amian,fr  FRA,DF,Toulouse,21,1998,18.1,669,526,143,19,1,116,6,9,0,0,0,0,402,145,122,53,465,18,124,3,551,2,10,6,17
22,Joachim Andersen,dk  DEN,DF,Lyon,23,1996,17.0,1308,1281,27,26,0,156,53,3,0,0,0,0,1028,117,163,172,1054,44,1,3,1192,3,14,9,4
23,Benjamin André,fr  FRA,MF,Lille,28,1990,22.8,1239,1218,21,20,0,273,24,10,0,0,0,0,793,224,222,153,942,83,1,8,981,7,42,31,32
24,Victorien Angban,ci  CIV,MF,Metz,22,1996,11.4,622,595,27,22,0,132,21,2,1,0,0,1,488,60,74,98,489,21,1,8,548,1,7,8,10
25,Janis Antiste,fr  FRA,MF,Toulouse,16,2002,0.1,9,7,2,0,0,0,2,1,2,1,1,0,6,1,2,0,9,0,0,0,5,0,1,0,0
26,Houssem Aouar,fr  FRA,MF,Lyon,21,1998,21.7,1076,1032,44,17,6,209,30,21,11,4,5,0,834,146,96,100,936,21,4,2,911,0,14,22,30
27,Adil Aouchiche,fr  FRA,MF,Paris S-G,17,2002,0.7,31,31,0,0,0,2,1,0,0,0,0,0,24,6,1,7,24,0,0,0,24,1,1,0,3
28,Dennis Appiah,fr  FRA,DF,Nantes,27,1992,17.8,964,764,200,14,0,145,6,25,0,0,0,0,557,198,209,84,625,51,186,2,744,2,23,26,41
29,Luiz Araújo,br  BRA,"FW,MF",Lille,23,1996,9.2,309,288,21,7,1,87,6,20,7,1,2,0,200,61,48,236,45,17,6,0,223,2,3,4,16
30,Alphonse Areola,fr  FRA,GK,Paris S-G,26,1993,3.0,58,45,13,3,0,1,0,0,0,0,0,0,55,0,3,4,45,0,0,9,56,1,0,0,0
31,Youcef Attal,dz  ALG,"FW,DF",Nice,23,1996,11.1,509,442,67,13,0,75,13,30,2,0,0,0,355,106,48,41,402,7,52,0,411,0,8,12,22
32,Jean-Kévin Augustin,fr  FRA,FW,Monaco,22,1997,3.0,40,39,1,0,0,9,1,0,0,0,0,0,34,3,3,6,33,1,0,0,33,0,0,2,0
33,Mathias Autret,fr  FRA,"MF,FW",Brest,28,1991,13.6,562,481,81,24,6,107,36,30,46,27,14,1,291,104,167,57,466,21,10,3,381,4,18,17,23
34,Ludovic Baal,gf  GUF,DF,Brest,33,1986,9.2,619,515,104,11,2,103,11,20,0,0,0,0,366,132,121,479,20,17,93,1,500,0,10,14,13
35,Bastian Badu,fr  FRA,FW,Montpellier,19,2000,0.1,6,6,0,0,0,0,0,0,0,0,0,0,4,2,0,5,0,1,0,0,6,0,0,0,0
36,Stéphane Bahoken,cm  CMR,FW,Angers,27,1992,10.1,204,185,19,0,1,49,6,15,0,0,0,0,138,43,23,15,171,3,2,7,150,1,6,3,6
37,Dénys Bain,fr  FRA,DF,Brest,26,1993,14.1,655,634,21,21,0,74,14,0,0,0,0,0,543,56,56,387,244,14,0,1,610,0,8,7,3
38,Stefan Bajic,fr  FRA,GK,Saint-Étienne,17,2001,1.0,19,9,10,2,0,0,0,0,0,0,0,0,16,1,2,3,12,0,0,4,19,0,0,0,0
39,Tiemoué Bakayoko,fr  FRA,MF,Monaco,24,1994,19.1,961,935,26,26,1,192,24,14,0,0,0,0,706,154,101,182,721,34,0,10,831,7,13,17,14
40,Mitchel Bakker,nl  NED,DF,Paris S-G,19,2000,1.0,94,89,5,0,0,9,0,0,0,0,0,0,78,13,3,77,11,1,5,0,91,0,0,1,1
41,Keita Baldé,sn  SEN,"FW,MF",Monaco,24,1995,9.5,295,278,17,2,1,75,3,14,6,3,0,0,171,71,53,58,189,18,5,4,207,0,9,5,14
42,Fodé Ballo-Touré,sn  SEN,DF,Monaco,22,1997,18.7,861,700,161,14,0,144,17,51,0,0,0,0,527,177,157,646,51,10,147,1,686,2,13,14,33
43,Florent Balmont,fr  FRA,MF,Dijon,39,1980,4.5,266,245,21,15,0,53,8,3,3,1,2,0,181,43,42,10,246,5,3,1,222,0,12,6,1
44,Abdoulaye Bamba,ci  CIV,DF,Angers,29,1990,6.2,279,221,58,5,0,36,3,13,0,0,0,0,150,51,78,12,202,10,53,0,207,0,2,3,11
45,Jonathan Bamba,fr  FRA,"FW,MF",Lille,23,1996,21.5,831,769,62,16,8,187,35,22,28,16,7,2,596,133,102,78,709,18,17,3,669,5,7,12,29
46,Danilo Barbosa,br  BRA,"DF,MF",Nice,23,1996,12.5,800,779,21,20,1,83,4,3,0,0,0,0,688,65,47,158,625,7,1,4,731,1,15,9,6
47,Melvin Bard,fr  FRA,DF,Lyon,18,2000,0.5,47,42,5,0,0,4,0,1,0,0,0,0,27,15,5,37,2,1,5,0,40,0,0,0,2
48,Toma Bašić,hr  CRO,MF,Bordeaux,22,1996,11.0,580,529,51,19,6,104,24,10,30,15,2,10,402,52,126,492,55,20,2,1,456,0,17,8,10
49,Thomas Basila,fr  FRA,DF,Nantes,20,1999,4.6,249,223,26,2,0,39,2,3,0,0,0,0,169,34,46,36,174,13,24,2,208,2,4,4,5
50,Gil Bastião Dias,pt  POR,"DF,MF",Monaco,22,1996,11.7,639,539,100,5,2,105,7,18,5,0,5,0,423,112,104,454,66,22,90,0,517,1,12,13,18
51,Cristian Battocchio,it  ITA,MF,Brest,27,1992,15.5,839,767,72,36,1,148,49,20,27,14,9,1,480,178,181,55,716,41,9,13,667,1,17,10,18
52,Gaëtan Belaud,fr  FRA,DF,Brest,32,1986,6.4,365,295,70,3,0,46,19,13,0,0,0,0,182,80,103,29,242,17,67,5,286,1,6,7,5
53,Haris Belkebla,dz  ALG,MF,Brest,25,1994,20.2,845,824,21,18,0,170,15,3,0,0,0,0,653,92,100,126,678,27,2,2,731,0,10,7,19
54,Raoul Bellanova,it  ITA,DF,Bordeaux,19,2000,0.7,29,21,8,1,0,14,0,0,0,0,0,0,20,6,3,2,21,0,6,0,23,0,1,0,1
55,Jean-Ricner Bellegarde,fr  FRA,MF,Strasbourg,21,1998,16.6,700,669,31,18,1,130,32,14,11,2,5,2,499,99,102,136,523,31,2,5,604,1,12,9,14
56,Sami Ben Amar,ma  MAR,FW,Nîmes,21,1998,0.2,8,8,0,0,0,1,0,0,0,0,0,0,5,2,1,0,7,0,0,1,6,0,0,1,1
57,Wissam Ben Yedder,fr  FRA,FW,Monaco,28,1990,24.0,812,770,42,3,14,212,9,24,1,0,0,0,534,148,130,373,386,34,6,8,613,5,15,15,43
58,Cristian Benavente,pe  PER,"MF,FW",Nantes,25,1994,3.9,156,148,8,1,0,18,1,10,0,0,0,0,114,22,20,69,70,12,1,3,124,0,7,2,3
59,Darío Benedetto,ar  ARG,FW,Marseille,29,1990,23.3,503,452,51,1,1,123,28,10,0,0,0,0,244,142,117,44,359,52,2,16,342,3,15,11,22
60,Walter Benítez,ar  ARG,GK,Nice,26,1993,26.0,785,541,244,32,0,81,16,0,0,0,0,0,535,50,200,76,549,1,0,135,654,0,12,4,2
61,Loris Benito,ch  SUI,DF,Bordeaux,27,1992,21.1,1315,1125,190,22,1,237,10,26,1,0,0,0,883,223,209,867,224,34,167,5,1104,3,13,15,49
62,Bilal Benkhedim,fr  FRA,"MF,FW",Saint-Étienne,18,2001,1.5,64,58,6,2,0,19,1,4,4,0,1,3,40,13,11,2,61,1,0,0,46,0,2,3,4
63,Yassine Benzia,dz  ALG,MF,Dijon,24,1994,1.9,81,69,12,7,1,20,2,2,1,0,1,0,56,13,12,11,66,0,1,1,60,1,0,2,2
64,Robert Berić,si  SVN,"FW,MF",Saint-Étienne,28,1991,4.6,71,63,8,0,0,16,1,7,0,0,0,0,50,13,8,7,58,3,0,0,46,1,0,4,5
65,Paul Bernardoni,fr  FRA,GK,Nîmes,22,1997,24.5,705,419,286,109,0,53,10,0,0,0,0,0,256,40,409,498,95,1,0,77,426,4,20,1,1
66,Juan Bernat,es  ESP,"DF,MF",Paris S-G,26,1993,15.4,1122,997,125,14,1,147,5,31,0,0,0,0,893,162,67,936,49,19,111,1,1011,4,7,16,19
67,Dimitry Bertaud,fr  FRA,GK,Montpellier,21,1998,2.2,67,45,22,4,0,6,2,0,0,0,0,0,33,14,20,4,44,0,0,19,59,0,1,0,0
68,El Bilal Touré,ml  MLI,FW,Reims,17,2001,5.0,68,60,8,0,0,17,0,3,0,0,0,0,37,20,11,15,37,7,0,5,50,0,3,1,1
69,Ludovic Blas,fr  FRA,"FW,MF",Nantes,21,1997,20.5,676,649,27,6,3,164,21,12,3,2,1,0,478,86,112,538,90,26,4,0,540,2,8,16,23
70,Alexis Blin,fr  FRA,MF,Amiens,22,1996,20.5,1040,1002,38,30,1,184,30,8,5,3,0,1,730,134,176,94,858,53,2,11,874,2,14,22,13
71,Mathieu Bodmer,fr  FRA,MF,Amiens,36,1982,1.0,93,92,1,1,1,25,2,1,0,0,0,0,59,16,18,10,74,2,0,1,76,0,1,2,0
72,Sacha Boey,fr  FRA,DF,Rennes,18,2000,1.9,81,69,12,0,0,14,1,2,0,0,0,0,52,20,9,8,56,3,12,1,65,0,3,5,2
73,Quentin Boisgard,fr  FRA,"MF,FW",Toulouse,22,1997,12.7,507,464,43,11,1,112,8,14,14,12,0,0,354,84,69,38,435,12,11,1,401,0,6,11,10
74,Gabriel Boschilia,br  BRA,"MF,FW",Monaco,23,1996,1.4,79,72,7,1,0,18,1,0,3,0,3,0,58,8,13,56,16,3,3,1,59,0,2,2,2
75,Denis Bouanga,ga  GAB,"FW,DF",Saint-Étienne,24,1994,22.7,600,536,64,4,1,146,31,46,7,4,0,1,338,131,131,74,431,24,45,2,408,2,18,16,32
76,Hicham Boudaoui,dz  ALG,"MF,FW",Nice,19,1999,5.4,199,196,3,1,0,37,5,15,0,0,0,0,140,37,22,23,163,8,2,1,152,0,6,7,14
77,Ryad Boudebouz,dz  ALG,"MF,FW",Saint-Étienne,29,1990,17.7,964,844,120,49,3,210,61,44,52,29,15,8,537,170,257,793,137,19,2,4,696,2,33,28,23
78,Farid Boulaya,dz  ALG,FW,Metz,26,1993,9.1,424,392,32,5,5,82,9,24,24,5,15,0,256,73,95,70,330,12,2,6,289,3,14,9,24
79,Benjamin Bourigeaud,fr  FRA,MF,Rennes,25,1994,21.1,1223,1090,133,61,0,208,98,47,57,18,26,8,685,194,344,118,1027,46,15,3,924,3,26,15,35
80,Bilal Boutobba,fr  FRA,"MF,DF",Montpellier,20,1998,0.1,6,6,0,0,0,1,0,1,0,0,0,0,2,3,1,4,1,0,0,1,3,0,1,0,2
81,John Boye,gh  GHA,DF,Metz,32,1987,23.5,891,869,22,19,0,119,20,0,0,0,0,0,640,120,131,158,665,41,3,6,773,2,21,6,7
82,Domagoj Bradarić,hr  CRO,DF,Lille,19,1999,15.8,829,656,173,25,0,98,17,62,7,1,5,1,463,159,207,573,80,28,141,1,625,2,12,10,30
83,Anthony Briançon,fr  FRA,DF,Nîmes,24,1994,19.3,836,767,69,64,0,82,54,3,0,0,0,0,551,100,185,39,735,41,4,5,704,1,13,10,11
84,Jimmy Briand,fr  FRA,FW,Bordeaux,33,1985,16.9,343,305,38,3,3,107,2,2,0,0,0,0,236,72,35,52,254,10,3,11,274,0,3,7,8
85,Dylan Bronn,tn  TUN,DF,Metz,24,1995,9.0,293,280,13,11,0,33,19,0,0,0,0,0,190,29,74,29,245,13,2,2,239,0,8,2,3
86,Lucas Buadés,fr  FRA,FW,Nîmes,21,1997,1.3,18,18,0,0,0,7,0,0,0,0,0,0,13,3,2,3,12,3,0,0,13,0,0,0,1
87,Patrick Burner,fr  FRA,DF,Nice,23,1996,15.9,1089,936,153,23,2,109,8,23,0,0,0,0,753,178,158,40,893,16,130,2,931,4,16,16,24
88,Ludovic Butelle,fr  FRA,GK,Angers,36,1983,26.0,696,414,282,79,0,46,11,0,0,0,0,0,265,49,382,322,206,2,0,115,449,1,15,1,0
89,Marcin Bułka,pl  POL,GK,Paris S-G,19,1999,1.0,18,11,7,1,0,1,0,0,0,0,0,0,17,0,1,2,13,0,0,3,17,0,0,0,0
90,Yohan Cabaye,fr  FRA,MF,Saint-Étienne,33,1986,9.5,505,480,25,12,0,90,16,8,12,9,0,2,328,77,100,18,453,19,1,4,403,1,5,4,11
91,Manuel Cabit,mq  MTQ,DF,Metz,26,1993,3.0,155,109,46,4,0,21,1,9,0,0,0,0,76,33,46,79,26,7,42,1,104,0,1,2,7
92,Anthony Caci,fr  FRA,DF,Strasbourg,22,1997,7.7,520,435,85,6,3,96,31,20,0,0,0,0,275,114,131,149,272,17,79,0,416,2,7,9,14
93,Jhonder Cádiz,ve  VEN,"FW,MF",Dijon,24,1995,8.9,189,170,19,0,2,69,4,11,0,0,0,0,100,53,36,19,117,18,3,4,120,2,2,3,7
94,Mathieu Cafaro,fr  FRA,"FW,MF",Reims,22,1997,10.3,351,292,59,15,0,57,36,40,38,12,20,4,153,65,133,30,300,9,6,2,203,1,18,11,17
95,Jonathan Cafu,br  BRA,DF,Bordeaux,28,1991,2.2,95,83,12,1,0,20,0,1,0,0,0,0,73,15,7,13,69,2,11,0,78,0,2,2,3
96,Arturo Calabresi,it  ITA,DF,Amiens,23,1996,20.9,964,722,242,15,0,123,17,24,0,0,0,0,448,207,309,59,613,49,227,2,714,0,25,16,31
97,Duje Ćaleta-Car,hr  CRO,DF,Marseille,22,1996,21.0,1059,1021,38,32,0,102,39,3,0,0,0,0,781,116,162,322,654,48,4,10,941,0,20,10,1
98,Mahdi Camara,fr  FRA,MF,Saint-Étienne,21,1998,10.0,463,460,3,3,0,101,10,4,0,0,0,0,343,72,48,13,416,19,0,2,388,1,7,5,9
99,Souleymane Camara,sn  SEN,"FW,MF",Montpellier,36,1982,1.8,43,42,1,0,0,17,0,2,0,0,0,0,19,12,12,5,26,5,0,0,33,0,2,0,2
100,Eduardo Camavinga,fr  FRA,MF,Rennes,16,2002,23.4,985,955,30,29,2,217,39,1,0,0,0,0,723,125,137,801,97,55,1,6,879,3,12,13,11
101,Pierrick Capelle,fr  FRA,"MF,DF",Angers,32,1987,19.4,790,746,44,8,1,147,17,25,4,3,0,0,529,142,119,594,108,30,32,2,646,2,10,10,18
102,Maxence Caqueret,fr  FRA,MF,Lyon,19,2000,6.3,390,387,3,3,1,76,7,2,0,0,0,0,298,50,42,44,334,7,0,2,338,0,3,10,5
103,Irvin Cardona,fr  FRA,"FW,MF",Brest,21,1997,16.1,441,428,13,1,0,132,12,30,1,0,0,0,240,117,84,47,350,20,2,5,290,2,12,17,19
104,Lionel Carole,fr  FRA,DF,Strasbourg,28,1991,14.1,797,673,124,15,1,125,26,43,0,0,0,0,449,165,183,577,73,22,109,2,623,2,14,13,30
105,Matis Carvalho,pt  POR,GK,Montpellier,20,1999,0.8,27,14,13,4,0,0,0,0,0,0,0,0,8,1,18,15,8,0,0,3,13,0,1,0,0
106,Moreto Cassamã,gw  GNB,MF,Reims,21,1998,6.6,507,472,35,23,0,72,35,3,12,2,8,2,366,73,68,32,461,8,0,3,445,4,9,5,6
107,Jean-Charles Castelletto,cm  CMR,DF,Brest,24,1995,20.4,956,935,21,20,0,152,33,2,0,0,0,0,713,83,160,89,799,42,1,3,845,0,19,9,4
108,Edinson Cavani,uy  URU,FW,Paris S-G,32,1987,6.7,140,129,11,0,0,23,0,4,0,0,0,0,91,33,16,23,107,6,1,0,120,0,3,2,1
109,Zeki Çelik,tr  TUR,DF,Lille,22,1997,23.0,1365,1091,274,17,2,190,24,47,1,0,0,0,757,312,296,85,964,43,256,3,1094,6,29,17,45
110,Fabien Centonze,fr  FRA,DF,Metz,23,1996,28.0,1297,1029,268,22,0,187,30,59,1,0,1,0,690,220,387,151,812,66,245,2,980,1,31,30,41
111,Florian Chabrolle,fr  FRA,MF,Marseille,21,1998,0.2,16,16,0,0,0,3,0,0,0,0,0,0,13,3,0,2,14,0,0,0,14,0,0,0,2
112,Fouad Chafik,ma  MAR,DF,Dijon,32,1986,17.0,914,737,177,19,0,127,24,38,0,0,0,0,466,171,277,33,686,29,158,1,702,1,15,11,21
113,Gaëtan Charbonnier,fr  FRA,"FW,MF",Brest,30,1988,22.9,821,757,64,5,5,195,34,33,6,0,1,0,519,177,125,98,650,25,8,12,627,1,18,20,29
114,Brendan Chardonnet,fr  FRA,DF,Brest,24,1994,9.1,536,524,12,11,0,63,33,0,0,0,0,0,402,35,99,49,452,18,1,1,478,0,5,1,3
115,Xavier Chavalerin,fr  FRA,MF,Reims,28,1991,23.9,1096,969,127,61,5,183,66,37,58,10,35,8,655,154,287,887,146,39,7,3,848,5,18,22,19
116,Aurélien Chedjou,cm  CMR,DF,Amiens,34,1985,21.9,994,952,42,40,0,134,45,0,0,0,0,0,660,118,216,150,777,47,2,2,828,3,20,11,10
117,Rayan Cherki,fr  FRA,"MF,FW",Lyon,15,2003,1.6,66,60,6,2,1,20,4,3,1,0,0,1,38,19,9,36,27,0,3,0,44,0,1,4,6
118,Joris Chotard,fr  FRA,MF,Montpellier,17,2001,13.9,556,532,24,23,3,123,42,8,0,0,0,0,293,112,151,86,426,21,1,7,429,2,14,15,9
119,Mounir Chouiar,fr  FRA,"MF,FW",Dijon,20,1999,16.7,640,525,115,38,0,151,37,32,56,17,22,9,417,87,136,59,532,18,17,4,459,2,8,18,28
120,Alexis Claude-Maurice,fr  FRA,"MF,FW",Nice,21,1998,18.1,600,573,27,5,1,125,12,19,12,4,7,0,476,67,57,38,536,10,8,0,504,0,14,10,8
121,Yannis Clementia,fr  FRA,GK,Nice,22,1997,2.0,61,39,22,8,0,5,3,0,0,0,0,0,35,3,23,3,38,0,0,16,41,0,4,0,0
122,Marcus Coco,fr  FRA,FW,Nantes,23,1996,0.2,3,3,0,0,0,1,0,0,0,0,0,0,1,1,1,1,1,1,0,0,3,0,0,0,0
123,Renaud Cohade,fr  FRA,MF,Metz,34,1984,8.5,584,543,41,14,2,117,12,14,14,6,5,0,424,66,94,43,506,16,5,1,480,1,12,12,13
124,Racine Coly,sn  SEN,DF,Nice,23,1995,7.2,540,450,90,13,0,56,10,6,0,0,0,0,363,109,68,376,61,18,77,1,466,1,6,8,12
125,Daniel Congré,fr  FRA,DF,Montpellier,34,1985,21.6,900,859,41,28,0,114,13,5,0,0,0,0,585,112,203,262,539,58,13,4,755,5,14,8,15
126,Benjamin Corgnet,fr  FRA,MF,Strasbourg,32,1987,2.9,80,74,6,0,1,24,3,8,2,2,0,0,38,25,17,8,53,8,1,0,45,0,1,1,5
127,Maxwel Cornet,ci  CIV,"FW,DF",Lyon,22,1996,14.8,690,599,91,16,2,142,24,48,25,15,5,1,431,122,137,461,141,25,50,4,499,2,11,16,39
128,Quentin Cornette,fr  FRA,"FW,MF",Amiens,25,1994,3.9,141,123,18,1,1,36,14,31,13,8,3,0,55,38,48,15,114,4,4,1,77,1,10,0,12
129,Nuno da Costa,cv  CPV,"FW,MF",Strasbourg,28,1991,5.9,152,150,2,0,1,53,2,6,0,0,0,0,89,32,31,22,108,7,1,1,97,0,5,8,12
130,Benoît Costil,fr  FRA,GK,Bordeaux,32,1987,28.0,886,570,316,71,0,78,36,0,0,0,0,0,423,27,436,39,711,2,1,96,633,0,29,3,2
131,Kalifa Coulibaly,ml  MLI,FW,Nantes,27,1991,18.0,336,325,11,0,2,111,1,8,0,0,0,0,149,97,90,27,185,41,2,20,199,0,11,12,10
132,Senou Coulibaly,ml  MLI,DF,Dijon,24,1994,7.4,383,372,11,9,0,32,14,0,0,0,0,0,282,40,61,25,328,23,2,2,322,1,9,7,2
133,Yoann Court,fr  FRA,"FW,MF",Brest,29,1990,16.3,549,503,46,15,0,107,26,33,26,15,4,3,306,121,122,455,62,18,5,1,378,3,11,12,35
134,Nicolas Cozza,fr  FRA,DF,Montpellier,20,1999,6.2,233,225,8,5,0,28,2,0,0,0,0,0,172,14,47,182,36,6,3,0,193,0,6,4,3
135,Wylan Cyprien,fr  FRA,MF,Nice,24,1995,19.7,1343,1193,150,68,0,250,83,24,80,30,31,8,961,158,224,230,1076,22,2,3,1122,2,30,26,23
136,Lucas Da Cunha,fr  FRA,MF,Rennes,18,2001,0.8,22,21,1,0,0,8,0,1,1,1,0,0,13,7,2,18,2,1,0,0,18,0,0,0,1
137,Damien Da Silva,fr  FRA,DF,Rennes,31,1988,24.9,1220,1170,50,47,0,194,28,2,0,0,0,0,868,106,246,39,1071,58,3,3,1068,3,18,3,14
138,Colin Dagba,fr  FRA,DF,Paris S-G,20,1998,7.4,414,359,55,3,0,61,3,22,0,0,0,0,301,78,35,50,306,3,52,2,372,0,4,3,7
139,Dante,br  BRA,DF,Nice,35,1983,21.0,1588,1539,49,43,5,152,46,1,0,0,0,0,1315,107,166,1251,282,34,6,2,1466,1,22,5,12
140,Lucas Deaux,fr  FRA,MF,Nîmes,30,1988,14.8,688,670,18,12,2,130,34,7,1,0,1,0,376,142,170,70,501,65,3,10,539,0,15,9,13
141,Mathieu Debuchy,fr  FRA,DF,Saint-Étienne,34,1985,19.7,1071,841,230,22,0,160,36,39,0,0,0,0,490,252,329,29,715,70,208,3,808,3,25,21,35
142,Romain Del Castillo,fr  FRA,"FW,MF",Rennes,23,1996,13.8,482,470,12,1,4,117,7,26,1,1,0,0,322,96,64,362,72,16,9,5,379,3,11,8,25
143,Thomas Delaine,fr  FRA,DF,Metz,27,1992,13.9,677,525,152,11,0,91,8,49,2,0,1,0,326,142,209,360,157,20,139,1,468,4,10,14,30
144,Paul Delecroix,fr  FRA,GK,Metz,30,1988,1.5,44,29,15,4,0,3,0,0,0,0,0,0,12,4,28,3,34,0,0,5,27,0,0,0,0
145,Andy Delort,dz  ALG,FW,Montpellier,27,1991,25.3,765,698,67,5,0,206,44,84,8,4,4,0,295,203,267,40,560,57,7,47,451,2,22,23,46
146,Moussa Dembélé,fr  FRA,FW,Lyon,23,1996,24.3,469,446,23,0,2,157,4,9,0,0,0,0,294,114,61,69,335,15,1,14,347,0,11,16,18
147,Jason Denayer,be  BEL,DF,Lyon,24,1995,23.7,1568,1525,43,40,0,141,52,2,0,0,0,0,1356,102,110,102,1406,34,3,7,1492,0,4,3,3
148,Kevin Denkey,tg  TOG,FW,Nîmes,18,2000,6.7,149,139,10,1,1,32,2,5,0,0,0,0,86,41,22,40,83,14,0,3,102,1,4,3,11
149,Memphis Depay,nl  NED,"FW,MF",Lyon,25,1994,11.3,485,422,63,22,1,106,27,15,30,9,8,1,343,75,67,54,415,3,3,8,368,5,11,14,13
150,Ángel Di María,ar  ARG,"FW,MF",Paris S-G,31,1988,22.2,1290,1149,141,28,16,225,77,92,90,47,24,7,789,212,289,1159,94,9,21,7,940,13,24,30,55
151,Boulaye Dia,sn  SEN,FW,Reims,22,1996,20.1,328,297,31,2,0,112,4,9,0,0,0,0,232,64,32,39,250,13,1,8,251,3,5,8,12
152,Fousseni Diabaté,ml  MLI,"FW,MF",Amiens,23,1995,13.2,482,472,10,4,1,97,9,28,1,0,1,0,335,98,49,345,110,13,5,2,362,1,7,12,21
153,Bafodé Diakité,fr  FRA,DF,Toulouse,18,2001,15.2,669,625,44,24,0,95,13,5,0,0,0,0,486,73,110,158,447,30,20,5,568,0,9,6,8
154,Abdou Diallo,sn  SEN,DF,Paris S-G,23,1996,13.3,1061,1012,49,20,1,114,13,6,0,0,0,0,893,95,73,849,161,12,29,2,986,1,13,2,13
155,Habib Diallo,sn  SEN,FW,Metz,24,1995,24.4,451,416,35,0,1,159,5,12,1,1,0,0,261,102,88,48,290,25,2,20,318,2,11,14,22
156,Ibrahima Diallo,fr  FRA,MF,Brest,20,1999,17.3,838,809,29,29,2,130,31,3,0,0,0,0,650,102,86,101,713,13,0,2,729,2,13,12,16
157,Moussa Diarra,fr  FRA,DF,Toulouse,18,2000,1.0,56,51,5,5,0,3,2,0,0,0,0,0,34,4,18,48,2,5,0,0,41,1,0,1,0
158,Raphael Dias Belloli,br  BRA,"MF,FW",Rennes,22,1996,18.8,685,598,87,26,3,128,42,45,47,24,15,4,389,129,167,551,71,35,13,5,454,5,14,23,32
159,Lucas Dias,fr  FRA,GK,Nîmes,20,1999,3.5,97,45,52,13,0,3,1,0,0,0,0,0,21,3,73,4,85,0,0,5,51,1,2,0,0
160,Bakaye Dibassy,ml  MLI,DF,Amiens,29,1989,20.8,902,844,58,15,0,126,9,7,0,0,0,0,629,109,164,631,166,47,43,6,732,1,31,12,15
161,Tristan Dingomé,cm  CMR,MF,Reims,28,1991,9.9,370,358,12,3,4,84,7,8,7,1,3,0,249,70,51,307,49,11,2,1,269,3,9,10,20
162,Lois Diony,fr  FRA,FW,Saint-Étienne,26,1992,7.4,117,107,10,0,0,43,2,11,0,0,0,0,70,20,27,13,83,10,2,3,71,1,6,4,5
163,Assane Dioussé,sn  SEN,MF,Saint-Étienne,21,1997,1.3,51,50,1,1,0,12,1,0,0,0,0,0,28,11,12,37,3,10,0,0,39,0,1,1,1
164,Axel Disasi,fr  FRA,DF,Reims,21,1998,27.0,1441,1407,34,29,3,186,53,1,0,0,0,0,1100,116,225,105,1230,65,5,11,1237,3,28,19,12
165,Tiago Djaló,pt  POR,DF,Lille,19,2000,7.3,432,410,22,15,0,48,18,1,0,0,0,0,351,36,45,42,370,11,7,0,380,1,11,4,7
166,Alexander Djiku,gh  GHA,"DF,MF",Strasbourg,24,1994,22.9,1198,1167,31,26,0,151,53,4,0,0,0,0,883,128,187,182,931,50,5,4,1066,3,19,9,8
167,Kasper Dolberg,dk  DEN,FW,Nice,21,1997,21.0,301,254,47,2,0,67,2,3,0,0,0,0,225,59,17,23,256,9,1,3,232,1,4,13,13
168,Keagan Dolly,za  RSA,MF,Montpellier,26,1993,1.6,75,69,6,2,0,9,2,1,3,3,0,0,50,16,9,61,9,2,1,0,57,0,3,3,4
169,Anastasios Donis,gr  GRE,"FW,MF",Reims,22,1996,6.8,133,122,11,0,0,40,2,17,2,0,1,0,78,27,28,31,86,4,4,2,75,0,5,5,15
170,Gabriel Dos Santos,br  BRA,DF,Lille,21,1997,23.2,1457,1397,60,43,0,170,32,4,0,0,0,0,1048,143,266,1251,83,63,17,5,1228,4,36,13,11
171,Mathieu Dossevi,tg  TOG,"MF,FW",Toulouse,31,1988,19.5,735,632,103,16,1,157,50,96,75,17,50,6,373,155,207,38,661,18,9,4,463,3,12,26,52
172,Moussa Doumbia,ml  MLI,"FW,MF",Reims,24,1994,19.1,681,639,42,14,3,159,26,36,18,4,7,1,476,114,91,110,528,24,9,6,532,3,9,18,31
173,Julian Draxler,de  GER,MF,Paris S-G,25,1993,7.6,485,468,17,5,3,117,5,5,9,6,2,0,407,47,31,72,401,6,3,1,431,2,3,14,6
174,Leo Dubois,fr  FRA,DF,Lyon,24,1994,15.0,966,799,167,8,1,154,28,45,3,0,2,0,546,183,237,118,654,29,156,1,772,3,11,15,29
175,Haris Duljević,ba  BIH,"FW,MF",Nîmes,25,1993,5.8,162,151,11,1,2,34,7,13,1,0,1,0,112,22,28,28,124,5,2,0,114,0,5,6,5
176,Riza Durmisi,dk  DEN,DF,Nice,25,1994,1.8,100,78,22,2,0,8,6,2,5,2,3,0,63,15,22,67,17,1,15,0,81,0,2,1,3
177,Jean-Kevin Duverne,fr  FRA,DF,Brest,22,1997,13.1,849,825,24,21,2,118,41,0,0,0,0,0,589,112,148,126,655,51,3,3,728,1,14,12,9
178,Bruno Ecuele Manga,ga  GAB,DF,Dijon,31,1988,28.0,1309,1253,56,49,0,183,36,1,0,0,0,0,917,151,241,177,1035,47,6,5,1143,2,12,13,13
179,Renaud Emond,be  BEL,"FW,MF",Nantes,27,1991,3.2,78,75,3,0,0,26,2,0,0,0,0,0,34,18,26,8,46,12,1,0,53,0,2,1,5
180,Fábio,br  BRA,DF,Nantes,29,1990,9.3,521,415,106,5,0,64,5,15,0,0,0,0,300,123,98,71,321,19,101,0,424,1,10,11,17
181,Cesc Fàbregas,es  ESP,MF,Monaco,32,1987,10.3,761,698,63,33,3,132,29,15,22,6,11,1,481,136,144,77,651,16,6,2,623,5,9,11,17
182,Julien Faussurier,fr  FRA,DF,Brest,32,1987,22.0,1273,980,293,25,1,159,47,66,6,0,2,0,550,297,426,87,854,58,262,5,921,4,23,28,36
183,Zinedine Ferhat,dz  ALG,"FW,MF",Nîmes,26,1993,25.0,947,822,125,47,3,188,50,85,62,15,32,11,464,193,290,59,770,56,13,4,600,4,18,18,52
184,Juan Ferney Otero,co  COL,"FW,MF",Amiens,24,1995,13.4,362,340,22,3,0,105,5,28,5,1,2,0,199,87,76,45,248,23,10,5,241,3,7,5,23
185,Jordan Ferri,fr  FRA,MF,Montpellier,27,1992,12.8,740,700,40,28,1,149,34,18,8,2,6,0,511,101,128,53,640,26,4,6,603,4,6,11,20
186,Mamadou Fofana,ml  MLI,"DF,MF",Metz,21,1998,17.6,738,720,18,17,0,107,25,1,0,0,0,0,558,78,102,146,555,23,1,0,645,3,7,4,6
187,Wesley Fofana,fr  FRA,DF,Saint-Étienne,18,2000,13.5,642,605,37,27,1,117,9,2,0,0,0,0,464,75,103,61,511,21,10,2,536,0,19,10,7
188,Thomas Foket,be  BEL,DF,Reims,24,1994,27.0,1308,1008,300,21,0,221,31,45,0,0,0,0,716,347,245,75,886,53,279,4,1054,2,27,26,40
189,Lamine Fomba,fr  FRA,MF,Nîmes,21,1998,15.3,428,422,6,2,2,108,12,5,0,0,0,0,271,70,87,83,265,38,1,5,301,2,8,11,20
190,José Fonte,pt  POR,DF,Lille,35,1983,24.5,1418,1363,55,50,1,168,37,4,0,0,0,0,1102,110,206,144,1170,60,5,9,1254,2,35,13,9
191,Lyle Foster,za  RSA,FW,Monaco,18,2000,0.7,14,11,3,0,0,5,0,0,0,0,0,0,12,0,2,1,12,0,0,0,11,0,0,1,0
192,Angelo Fulgini,fr  FRA,MF,Angers,22,1996,17.5,930,852,78,31,0,192,29,32,38,8,21,5,674,137,119,83,798,16,8,9,741,3,14,24,36
193,Ruben Gabrielsen,no  NOR,DF,Toulouse,27,1992,7.3,278,269,9,8,0,36,2,0,0,0,0,0,212,18,48,6,256,8,1,0,234,0,5,4,4
194,Nicolás Gaitán,ar  ARG,"MF,FW",Lille,31,1988,0.6,28,25,3,2,0,10,0,1,1,0,1,0,16,5,7,23,1,1,0,1,17,0,1,0,2
195,Marvin Gakpa,fr  FRA,"MF,FW",Metz,25,1993,5.2,257,229,28,14,0,51,11,13,11,3,3,5,177,32,48,226,18,8,3,0,190,1,6,8,9
196,Idrissa Gana Gueye,sn  SEN,MF,Paris S-G,29,1989,18.4,1590,1571,19,19,2,238,18,5,0,0,0,0,1384,131,75,140,1416,19,0,3,1468,1,9,29,24
197,Ignatius Ganago,cm  CMR,"FW,MF",Nice,20,1999,13.8,366,354,12,0,2,65,6,10,0,0,0,0,278,51,37,51,287,14,5,3,283,1,7,10,16
198,Yann Gboho,fr  FRA,FW,Rennes,18,2001,2.5,52,50,2,1,0,16,0,2,0,0,0,0,39,10,3,4,43,4,0,0,38,0,1,1,4
199,Jérémy Gélin,fr  FRA,"DF,MF",Rennes,22,1997,10.3,533,517,16,15,2,70,24,1,0,0,0,0,391,39,103,31,470,20,0,2,472,0,6,6,6
200,Valère Germain,fr  FRA,FW,Marseille,29,1990,15.0,440,424,16,3,0,108,9,24,0,0,0,0,265,106,69,27,349,30,8,3,330,1,2,8,20
201,Saman Ghoddos,ir  IRN,FW,Amiens,25,1993,2.6,96,82,14,4,1,13,6,6,6,2,3,0,56,14,26,11,81,1,2,0,73,0,1,1,3
202,Andrei Girotto,br  BRA,DF,Nantes,27,1992,24.2,1179,1144,35,35,0,149,22,2,0,0,0,0,875,111,193,93,983,66,0,7,1024,2,15,18,14
203,Kamil Glik,pl  POL,DF,Monaco,31,1988,23.0,1080,1047,33,33,0,81,32,0,0,0,0,0,833,90,157,130,869,56,0,4,968,1,16,2,4
204,Joris Gnagnon,fr  FRA,DF,Rennes,22,1997,14.2,611,593,18,18,0,82,11,2,0,0,0,0,496,40,75,76,485,29,0,4,563,2,4,4,3
205,Eddy Gnahoré,fr  FRA,MF,Amiens,25,1993,12.6,726,694,32,28,1,140,14,3,0,0,0,0,590,74,62,37,656,18,3,5,665,1,5,4,10
206,Mauro Goicoechea,uy  URU,GK,Toulouse,31,1988,2.0,64,38,26,6,0,3,0,0,0,0,0,0,12,3,49,4,53,1,0,4,35,0,3,2,0
207,Aleksandr Golovin,ru  RUS,MF,Monaco,23,1996,22.9,1137,1008,129,44,5,255,68,40,81,24,43,5,742,157,238,154,943,20,4,7,871,8,24,28,31
208,Alfred Gomis,sn  SEN,GK,Dijon,25,1993,18.0,731,497,234,66,0,63,15,0,0,0,0,0,319,31,381,37,523,1,0,113,518,0,16,2,0
209,Mathieu Goncalves,fr  FRA,DF,Toulouse,18,2001,3.5,141,140,1,1,0,18,1,0,0,0,0,0,107,7,27,128,7,5,0,0,109,0,3,1,5
210,Álvaro González,es  ESP,DF,Marseille,29,1990,18.1,849,829,20,16,1,102,25,0,0,0,0,0,621,90,138,155,638,39,4,2,753,0,11,5,5
211,Prince-Désir Gouano,fr  FRA,DF,Amiens,25,1993,3.0,99,94,5,5,0,14,1,1,0,0,0,0,74,8,17,9,86,4,0,0,86,0,3,0,1
212,Amine Gouiri,fr  FRA,FW,Lyon,19,2000,0.0,0,0,0,0,0,0,0,0,0,0,0,0,0,0,0,0,0,0,0,0,0,0,0,0,0
213,Max Gradel,ci  CIV,"MF,FW",Toulouse,31,1987,18.2,594,529,65,23,0,123,8,53,19,4,7,8,338,116,140,138,405,25,13,4,391,4,14,11,32
214,Samuel Grandsir,fr  FRA,"FW,MF",Brest,22,1996,16.6,537,527,10,3,1,138,19,51,2,0,0,0,362,94,81,98,417,14,4,2,391,3,14,10,33
215,Clément Grenier,fr  FRA,MF,Rennes,28,1991,9.3,450,405,45,32,1,106,16,7,12,5,3,3,304,60,86,66,366,9,1,1,334,5,6,13,12
216,Jérémy Grimm,fr  FRA,FW,Strasbourg,32,1987,0.0,0,0,0,0,0,0,0,0,0,0,0,0,0,0,0,0,0,0,0,0,0,0,0,0,0
217,Bruno Guimarães,br  BRA,MF,Lyon,21,1997,3.0,194,187,7,7,0,42,8,0,0,0,0,0,118,48,28,9,176,8,0,0,175,0,2,1,2
218,Sehrou Guirassy,fr  FRA,FW,Amiens,23,1996,21.3,622,598,24,1,3,226,9,6,0,0,0,0,381,127,114,53,446,38,4,8,455,2,12,11,37
219,Rafik Guitane,fr  FRA,"MF,DF",Rennes,20,1999,0.2,11,11,0,0,0,1,0,0,0,0,0,0,10,0,1,7,3,1,0,0,7,0,0,1,0
220,Régis Gurtner,fr  FRA,GK,Amiens,32,1986,28.0,821,489,332,78,0,71,33,0,0,0,0,0,267,47,507,22,639,1,0,95,520,0,33,3,4
221,Luiz Gustavo,br  BRA,MF,Marseille,32,1987,2.1,95,93,2,2,0,21,3,1,0,0,0,0,73,12,10,69,20,5,0,0,88,0,2,0,0
222,Romain Hamouma,fr  FRA,"FW,MF",Saint-Étienne,32,1987,9.6,272,240,32,9,1,77,11,29,14,5,7,2,178,37,57,27,228,6,1,2,183,0,8,9,10
223,Benjamin Henrichs,de  GER,"DF,MF",Monaco,22,1997,9.9,527,466,61,14,2,65,14,15,0,0,0,0,328,88,111,101,368,6,47,1,425,4,4,11,13
224,Christophe Hérelle,mq  MTQ,DF,Nice,26,1992,12.3,883,818,65,22,2,74,14,11,0,0,0,0,693,88,102,76,743,13,43,2,793,2,9,7,11
225,Ander Herrera,es  ESP,"MF,DF",Paris S-G,29,1989,6.1,503,486,17,1,1,76,4,5,0,0,0,0,403,69,31,50,427,6,16,1,466,2,1,9,9
226,Vitorino Hilton,br  BRA,DF,Montpellier,41,1977,27.9,1321,1268,53,47,3,186,63,4,0,0,0,0,748,214,359,322,900,50,6,5,1093,3,34,17,16
227,Josué Homawoo,fr  FRA,DF,Nantes,21,1997,0.5,24,19,5,0,0,8,1,0,0,0,0,0,11,6,7,17,1,1,5,0,17,0,1,0,1
228,Franck Honorat,fr  FRA,"FW,DF",Saint-Étienne,22,1996,9.4,391,337,54,2,2,72,8,42,3,1,1,1,203,118,70,37,276,23,49,1,242,0,5,14,26
229,Adrien Hunou,fr  FRA,"FW,MF",Rennes,25,1994,13.4,317,310,7,0,0,80,4,11,0,0,0,0,207,65,45,28,251,24,3,2,247,2,4,7,17
230,Suk Hyun-jun,kr  KOR,"FW,MF",Reims,28,1991,2.9,57,56,1,0,0,33,0,1,0,0,0,0,19,18,20,2,24,3,0,3,28,2,2,1,6
231,Didier Ibrahim Ndong,ga  GAB,MF,Dijon,25,1994,26.5,1429,1391,38,29,1,220,51,19,0,0,0,0,1124,179,126,221,1151,36,6,5,1256,1,21,16,23
232,Mauro Icardi,ar  ARG,FW,Paris S-G,26,1993,14.1,178,155,23,0,2,39,2,5,0,0,0,0,125,43,10,27,140,6,0,3,149,1,2,3,10
233,Jonathan Ikone,fr  FRA,"MF,FW",Lille,21,1998,22.9,706,669,37,5,6,182,11,30,5,2,0,0,549,100,57,590,76,15,12,7,544,7,11,19,34
234,Yun Il-lok,kr  KOR,"MF,FW",Montpellier,27,1992,1.3,54,53,1,0,0,11,1,4,0,0,0,0,36,10,8,10,35,4,1,2,41,0,1,0,2
235,Edmilson Indjai,gw  GNB,FW,Saint-Étienne,19,2000,0.5,12,12,0,0,0,5,0,0,0,0,0,0,10,0,2,1,9,0,0,0,10,0,0,0,1
236,Nicolas Isimat-Mirin,fr  FRA,DF,Toulouse,27,1991,14.0,495,479,16,16,0,67,10,2,0,0,0,0,378,48,69,66,396,20,0,2,424,0,13,1,4
237,Christophe Jallet,fr  FRA,DF,Amiens,35,1983,9.5,556,421,135,17,0,46,19,25,15,8,2,2,283,132,141,83,343,18,103,5,433,2,5,11,14
238,Corentin Jean,fr  FRA,DF,Toulouse,24,1995,0.1,9,7,2,0,0,4,0,1,0,0,0,0,2,3,4,0,7,0,2,0,5,0,0,0,1
239,Benjamin Jeannot,fr  FRA,MF,Dijon,27,1992,1.9,68,59,9,2,0,10,2,1,0,0,0,0,46,8,14,7,52,6,3,0,54,0,1,2,1
240,Jemerson,br  BRA,"DF,MF",Monaco,26,1992,11.7,636,576,60,25,0,84,8,5,0,0,0,0,448,86,102,68,504,19,35,4,545,1,7,6,10
241,Jesé,es  ESP,FW,Paris S-G,26,1993,0.0,2,2,0,0,0,1,0,0,0,0,0,0,2,0,0,1,1,0,0,0,2,0,0,0,0
242,Vukašin Jovanović,rs  SRB,DF,Bordeaux,23,1996,6.4,452,438,14,8,0,54,15,0,0,0,0,0,369,33,50,53,368,17,6,3,403,1,5,3,3
243,Stevan Jovetić,me  MNE,"FW,MF",Monaco,29,1989,5.3,209,200,9,0,2,47,6,5,0,0,0,0,89,58,62,21,161,14,4,2,138,0,2,8,6
244,Abdoul Kader Bamba,fr  FRA,"FW,MF",Nantes,25,1994,16.3,721,671,50,17,2,171,20,31,23,12,8,1,539,78,104,65,614,22,9,6,571,1,7,14,25
245,Gaël Kakuta,cd  COD,"MF,FW",Amiens,28,1991,22.2,868,799,69,15,6,201,20,45,34,11,11,1,542,157,169,711,106,22,4,5,592,7,23,20,46
246,Lovre Kalinić,hr  CRO,GK,Toulouse,29,1990,3.4,119,68,51,13,0,7,2,0,0,0,0,0,27,8,84,86,10,0,0,13,56,0,6,0,0
247,Samuel Kalu,ng  NGA,"FW,DF",Bordeaux,21,1997,15.1,524,493,31,0,0,128,19,35,1,0,1,0,345,76,103,48,416,14,30,2,388,4,12,13,26
248,François Kamano,gn  GUI,"DF,MF",Bordeaux,23,1996,7.2,310,292,18,3,1,86,8,13,0,0,0,0,228,45,37,24,259,9,15,1,246,0,3,10,9
249,Boubacar Kamara,fr  FRA,"DF,MF",Marseille,19,1999,23.8,1280,1226,54,51,2,197,38,0,0,0,0,0,935,137,208,121,1073,50,3,3,1130,0,17,14,9
250,Hassane Kamara,ci  CIV,"DF,FW",Reims,24,1994,19.0,1110,953,157,8,0,224,38,46,0,0,0,0,669,229,212,807,112,21,149,6,896,5,23,21,33
251,Wilfried Kanga,fr  FRA,FW,Angers,21,1998,0.8,17,15,2,0,0,5,0,0,0,0,0,0,12,3,2,2,13,2,0,0,12,0,0,1,1
252,Thilo Kehrer,de  GER,DF,Paris S-G,22,1996,5.3,402,379,23,6,1,59,2,3,0,0,0,0,340,33,29,101,263,13,17,2,376,0,4,3,3
253,Jules Keita,gn  GUI,"MF,FW",Dijon,21,1998,1.8,35,35,0,0,1,6,0,2,0,0,0,0,26,7,2,6,27,2,0,0,27,0,0,2,3
254,Saîf-Eddine Khaoui,tn  TUN,"MF,FW",Marseille,24,1995,1.2,59,52,7,2,1,9,3,3,5,4,0,0,35,10,14,51,4,2,0,0,41,0,1,0,1
255,Wahbi Khazri,tn  TUN,"FW,MF",Saint-Étienne,28,1991,12.8,357,288,69,15,1,100,30,22,36,18,12,2,175,73,109,29,308,5,7,1,224,3,15,9,18
256,Presnel Kimpembe,fr  FRA,DF,Paris S-G,23,1995,13.6,1119,1093,26,24,0,109,11,3,0,0,0,0,972,92,55,905,171,25,2,5,1061,1,4,7,11
257,Timothée Kolodziejczak,fr  FRA,DF,Saint-Étienne,27,1991,14.5,721,648,73,16,0,93,17,22,0,0,0,0,430,139,152,568,39,39,57,0,563,1,26,14,11
258,Ghislain Konan,ci  CIV,DF,Reims,23,1995,14.8,897,714,183,13,2,132,25,36,1,0,0,0,480,230,187,643,56,18,169,1,711,0,17,26,31
259,Moussa Konaté,sn  SEN,FW,Amiens,26,1993,6.8,118,103,15,0,0,26,1,1,0,0,0,0,73,29,16,22,71,8,1,4,87,0,2,1,7
260,Kouadio Koné,fr  FRA,MF,Toulouse,18,2001,9.7,383,377,6,4,0,73,7,1,0,0,0,0,269,69,45,33,319,18,2,2,317,1,11,10,3
261,Lamine Koné,ci  CIV,DF,Strasbourg,30,1989,16.4,736,704,32,28,0,111,38,4,0,0,0,0,525,74,137,123,552,34,4,7,602,1,21,7,15
262,Moussa Koné,sn  SEN,FW,Nîmes,22,1996,1.6,22,21,1,0,0,9,3,0,0,0,0,0,13,6,3,2,17,0,0,1,18,0,0,0,1
263,Youssouf Koné,ml  MLI,DF,Lyon,24,1995,9.1,648,563,85,8,0,76,23,20,0,0,0,0,432,107,109,490,61,16,77,2,561,0,6,9,10
264,Laurent Koscielny,fr  FRA,DF,Bordeaux,33,1985,24.3,1363,1315,48,42,0,183,18,0,0,0,0,0,1051,130,182,133,1138,53,6,7,1220,4,18,10,7
265,Nianzou Kouassi,fr  FRA,"DF,MF",Paris S-G,17,2002,5.0,336,331,5,5,0,43,5,0,0,0,0,0,285,34,17,28,291,9,0,1,309,0,1,9,2
266,Efthimis Koulouris,gr  GRE,FW,Toulouse,23,1996,17.1,496,464,32,0,0,116,5,13,0,0,0,0,314,111,71,81,348,37,2,8,362,2,12,19,23
267,Rene Krhin,si  SVN,"DF,MF",Nantes,29,1990,3.6,156,151,5,5,0,24,5,0,0,0,0,0,115,13,28,13,124,12,0,0,137,0,5,1,0
268,Layvin Kurzawa,fr  FRA,DF,Paris S-G,26,1992,9.5,671,600,71,6,1,77,2,19,0,0,0,0,508,117,46,524,53,14,65,3,605,2,7,9,13
269,Dereck Kutesa,ch  SUI,"FW,MF",Reims,21,1997,5.9,152,151,1,0,0,54,2,8,0,0,0,0,108,28,16,20,123,5,1,0,112,2,3,8,8
270,Enock Kwateng,fr  FRA,DF,Bordeaux,22,1997,10.9,620,520,100,17,0,92,7,23,0,0,0,0,348,107,165,45,445,28,83,3,476,1,9,6,17
271,Gaëtan Laborde,fr  FRA,FW,Montpellier,25,1994,24.9,657,645,12,0,3,205,7,33,0,0,0,0,346,172,139,297,215,49,4,26,436,9,13,21,36
272,Alban Lafont,fr  FRA,GK,Nantes,20,1999,27.0,884,619,265,78,0,72,20,1,0,0,0,0,359,37,488,35,680,0,0,131,551,4,13,0,6
273,Jack Lahne,se  SWE,FW,Amiens,17,2001,0.1,1,1,0,0,0,1,0,0,0,0,0,0,0,1,0,0,1,0,0,0,1,0,0,0,0
274,Kenny Lala,fr  FRA,DF,Strasbourg,27,1991,22.7,1348,1035,313,50,1,229,83,71,39,10,22,0,672,268,408,152,935,22,224,4,1011,2,27,23,49
275,Loïck Landre,fr  FRA,DF,Nîmes,27,1992,10.3,389,372,17,16,0,36,15,0,0,0,0,0,265,40,84,61,303,19,1,2,304,1,11,4,5
276,Gautier Larsonneur,fr  FRA,GK,Brest,22,1997,26.6,1028,735,293,57,0,113,36,0,0,0,0,0,513,82,433,32,776,2,1,143,736,1,30,3,1
277,Paul Lasne,fr  FRA,"MF,FW",Brest,30,1989,13.6,655,648,7,3,1,149,11,11,1,0,0,0,476,93,86,293,320,24,2,4,540,3,22,13,13
278,Wesley Lautoa,nc  NCL,"MF,DF",Dijon,31,1987,20.8,989,949,40,38,1,139,51,2,0,0,0,0,693,125,171,743,193,36,2,5,867,1,14,14,17
279,Mickaël Le Bihan,fr  FRA,FW,Nice,29,1990,1.1,23,21,2,0,0,5,0,1,0,0,0,0,18,3,2,5,17,0,0,1,18,0,0,1,1
280,Damien Le Tallec,fr  FRA,"MF,DF",Montpellier,29,1990,27.3,989,945,44,40,2,137,39,10,0,0,0,0,613,176,200,61,811,79,4,6,797,0,35,13,11
281,James Lea Siliki,cm  CMR,MF,Rennes,23,1996,12.0,430,409,21,19,2,81,16,14,0,0,0,0,271,93,66,298,105,19,2,2,324,1,12,7,11
282,Adrien Lebeau,fr  FRA,MF,Strasbourg,20,1999,0.1,6,5,1,0,0,0,1,0,1,1,0,0,4,1,1,1,5,0,0,0,3,0,0,0,1
283,Benjamin Lecomte,fr  FRA,GK,Monaco,28,1991,28.0,848,555,293,83,0,71,11,0,0,0,0,0,418,62,368,447,219,1,0,136,627,1,16,5,3
284,Pierre Lees-Melou,fr  FRA,MF,Nice,26,1993,25.0,1224,1171,53,31,4,239,46,32,7,3,4,0,871,178,175,209,964,23,15,7,1025,2,28,12,33
285,Jordan Lefort,fr  FRA,DF,Amiens,25,1993,9.4,484,441,43,8,0,40,19,6,0,0,0,0,304,63,117,381,47,17,35,1,400,0,10,6,7
286,Nicolas Lemaître,fr  FRA,GK,Reims,22,1997,1.0,27,18,9,1,0,6,1,0,0,0,0,0,19,1,7,15,8,0,0,4,22,0,2,0,0
287,Donovan Léon,gf  GUF,GK,Brest,26,1992,1.4,41,26,15,9,0,6,3,0,0,0,0,0,17,2,22,3,27,0,0,7,28,0,0,0,1
288,Aaron Leya Iseka,be  BEL,FW,Toulouse,21,1997,8.6,183,162,21,0,0,62,3,3,0,0,0,0,122,40,21,18,137,9,1,3,142,0,4,2,5
289,Dimitri Liénard,fr  FRA,MF,Strasbourg,31,1988,16.5,1038,917,121,44,1,192,100,50,69,27,29,4,597,146,295,861,135,26,8,1,810,3,27,11,16
290,Isaac Lihadji,fr  FRA,"DF,MF",Marseille,17,2002,0.3,16,14,2,0,0,7,0,0,0,0,0,0,11,3,2,11,1,1,2,0,12,0,0,1,1
291,Lucas Lima,br  BRA,"FW,DF",Nantes,27,1991,3.0,180,143,37,8,1,13,13,12,14,2,11,0,97,29,54,151,7,5,15,0,121,2,4,5,8
292,Anthony Limbombe,be  BEL,"FW,MF",Nantes,25,1994,1.7,53,50,3,0,0,17,2,7,2,2,0,0,32,9,12,13,36,3,1,0,36,0,4,0,4
293,Gautier Lloris,fr  FRA,DF,Nice,24,1995,3.0,175,173,2,2,0,13,2,0,0,0,0,0,155,10,10,156,12,3,0,0,161,0,0,3,2
294,Enzo Loiodice,fr  FRA,MF,Dijon,18,2000,2.1,116,111,5,1,0,31,4,0,4,0,3,0,87,8,21,102,11,2,0,0,98,0,2,2,5
295,Anthony Lopes,pt  POR,GK,Lyon,28,1990,26.0,818,584,234,47,1,82,18,0,0,0,0,0,490,63,265,474,172,2,1,142,676,0,15,3,0
296,Rony Lopes,pt  POR,FW,Monaco,23,1995,0.9,26,25,1,0,0,5,0,0,0,0,0,0,22,0,4,24,0,1,1,0,24,0,0,2,0
297,Maxime Lopez,fr  FRA,"MF,FW",Marseille,21,1997,12.3,884,855,29,11,4,133,10,17,9,3,4,0,729,86,69,79,786,10,8,0,775,0,9,20,12
298,Albert Lottin,fr  FRA,MF,Bordeaux,17,2001,0.5,18,18,0,0,0,4,0,0,0,0,0,0,15,2,1,3,15,0,0,0,17,0,0,0,1
299,Imran Louza,fr  FRA,"MF,FW",Nantes,20,1999,22.3,1157,1030,127,54,5,229,55,23,54,20,21,4,775,143,239,905,191,35,5,4,901,6,17,22,14
300,Jean Lucas,br  BRA,MF,Lyon,21,1998,2.2,147,143,4,3,0,28,3,3,0,0,0,0,109,21,17,20,119,2,1,4,128,0,2,2,3
301,Arnaud Lusamba,fr  FRA,"MF,FW",Nice,22,1997,10.9,448,414,34,15,4,80,14,6,9,0,5,1,353,61,34,67,360,7,4,5,383,0,8,10,3
302,Yann M'Vila,fr  FRA,"MF,DF",Saint-Étienne,29,1990,21.6,1185,1159,26,24,4,164,53,0,0,0,0,0,801,190,194,93,1001,64,2,6,1024,0,21,23,13
303,Yvann Macon,fr  FRA,DF,Saint-Étienne,20,1998,1.1,63,44,19,0,0,8,3,1,0,0,0,0,29,26,8,5,34,3,19,0,46,0,0,3,1
304,Hugo Magnetti,fr  FRA,MF,Brest,21,1998,2.6,161,160,1,0,1,41,6,6,0,0,0,0,103,27,31,21,128,8,1,1,130,0,3,2,1
305,Thiago Maia,br  BRA,MF,Lille,22,1997,0.5,39,36,3,1,0,5,0,0,0,0,0,0,25,5,9,28,6,2,2,0,31,0,1,0,0
306,Habib Maïga,ci  CIV,MF,Metz,23,1996,25.2,1309,1287,22,16,2,250,45,39,0,0,0,0,950,164,195,116,1107,49,4,9,1059,6,24,20,34
307,Mike Maignan,fr  FRA,GK,Lille,23,1995,28.0,762,486,276,76,0,58,14,0,0,0,0,0,315,38,409,50,538,0,0,143,491,2,18,1,3
308,Josh Maja,ng  NGA,FW,Bordeaux,20,1998,8.2,206,190,16,1,2,61,0,0,0,0,0,0,153,38,15,29,159,8,1,5,175,1,0,5,4
309,Abdul Majeed Waris,gh  GHA,FW,Strasbourg,27,1991,4.1,89,87,2,0,1,14,0,4,0,0,0,0,63,15,11,7,78,2,1,0,65,0,1,1,4
310,Jean-Victor Makengo,fr  FRA,"MF,FW",Toulouse,21,1998,11.0,447,442,5,3,2,101,6,6,1,1,0,0,358,54,35,349,84,8,1,3,373,1,6,14,7
311,Hianga Mananga Mbock,fr  FRA,MF,Brest,19,1999,1.6,82,81,1,1,1,20,4,0,0,0,0,0,62,7,13,7,63,6,0,1,73,0,3,1,1
312,Vincent Manceau,fr  FRA,DF,Angers,30,1989,22.0,1317,1065,252,13,2,174,20,41,0,0,0,0,738,283,296,113,914,36,239,6,1063,2,28,25,36
313,Steve Mandanda,fr  FRA,GK,Marseille,34,1985,26.3,848,627,221,79,0,71,22,0,0,0,0,0,401,56,391,98,565,0,0,134,575,0,23,4,2
314,Reinildo Mandava,mz  MOZ,DF,Lille,25,1994,12.3,656,545,111,12,0,92,13,21,0,0,0,0,399,135,122,456,65,23,99,4,523,0,13,11,34
315,Thomas Mangani,fr  FRA,MF,Angers,32,1987,20.8,1366,1209,157,75,2,186,55,47,73,19,45,5,780,228,358,1101,205,33,9,6,1073,2,17,19,25
316,Myziane Maolida,fr  FRA,"FW,MF",Nice,20,1999,7.5,317,313,4,0,0,65,3,12,0,0,0,0,249,42,26,43,263,4,3,1,257,0,6,14,7
317,Faitout Maouassa,fr  FRA,DF,Rennes,21,1998,20.0,996,779,217,16,0,158,20,48,0,0,0,0,523,217,256,667,87,30,201,1,760,2,20,19,31
318,Fernando Marçal,br  BRA,DF,Lyon,30,1989,9.2,752,662,90,15,1,110,17,26,0,0,0,0,450,122,180,566,56,38,75,3,620,1,18,4,15
319,Marcelo,br  BRA,DF,Lyon,32,1987,16.7,1133,1092,41,39,0,131,36,1,0,0,0,0,816,133,184,41,991,56,2,3,987,2,14,8,9
320,Dario Maresic,at  AUT,DF,Reims,19,1999,1.0,64,63,1,1,0,6,3,0,0,0,0,0,48,2,14,7,54,2,0,0,53,0,2,1,0
321,Jordan Marié,fr  FRA,MF,Dijon,27,1991,2.2,111,105,6,3,1,20,3,1,2,0,2,0,59,27,25,15,87,7,1,0,84,0,2,4,4
322,Guillermo Maripán,cl  CHI,DF,Monaco,25,1994,19.5,1053,1014,39,37,0,119,48,5,0,0,0,0,784,107,162,68,932,34,2,2,936,0,12,16,7
323,Marquinhos,br  BRA,"MF,DF",Paris S-G,25,1994,16.4,1294,1269,25,18,3,168,30,5,0,0,0,0,1054,137,103,219,1011,29,7,11,1207,2,9,12,6
324,Pablo Martinez,fr  FRA,DF,Nîmes,30,1989,26.0,1032,973,59,57,0,128,39,0,0,0,0,0,654,108,270,787,144,69,2,5,832,2,19,9,12
325,Gelson Martins,pt  POR,"DF,FW",Monaco,24,1995,18.6,784,708,76,7,1,172,13,49,0,0,0,0,542,145,97,57,627,17,69,7,624,0,17,16,38
326,Stephy Mavididi,eng  ENG,"FW,MF",Dijon,21,1998,15.5,358,350,8,0,1,81,3,11,0,0,0,0,264,65,29,54,285,10,0,5,293,0,3,11,16
327,Eric Maxim Choupo-Moting,cm  CMR,"FW,MF",Paris S-G,30,1989,5.0,112,108,4,0,3,20,0,5,0,0,0,0,87,17,8,18,90,2,0,2,92,1,0,2,5
328,Kévin Mayi,ga  GAB,FW,Brest,26,1993,0.0,0,0,0,0,0,0,0,0,0,0,0,0,0,0,0,0,0,0,0,0,0,0,0,0,0
329,Kylian Mbappé,fr  FRA,FW,Paris S-G,20,1998,16.8,671,636,35,2,4,120,11,67,14,0,1,0,516,88,67,126,524,2,9,7,515,2,10,21,28
330,Loïc Mbe Soh,fr  FRA,DF,Paris S-G,18,2001,0.6,77,73,4,0,0,10,0,1,0,0,0,0,67,7,3,5,66,1,4,0,71,0,1,3,1
331,Isaac Mbenza,be  BEL,FW,Amiens,23,1996,0.9,37,32,5,1,0,6,1,3,3,0,1,1,27,3,7,2,34,0,1,0,27,1,1,0,2
332,Nathanael Mbuku,fr  FRA,"MF,FW",Reims,17,2002,4.4,119,111,8,2,2,25,2,4,3,0,1,0,79,24,16,95,8,9,3,2,83,0,1,5,7
333,Farid El Melali,dz  ALG,"MF,FW",Angers,22,1997,3.4,103,103,0,0,0,32,3,6,0,0,0,0,68,27,8,4,93,4,0,1,70,0,2,8,7
334,Pedro Mendes,pt  POR,DF,Montpellier,28,1990,15.3,713,685,28,25,0,88,31,8,0,0,0,0,461,85,167,68,604,29,3,5,587,2,9,10,8
335,Thiago Mendes,br  BRA,MF,Lyon,27,1992,20.1,1199,1154,45,34,5,207,42,6,5,3,1,0,855,159,185,144,998,39,6,2,1036,0,22,15,22
336,Stiven Mendoza,co  COL,"FW,MF",Amiens,27,1992,12.2,375,360,15,3,3,98,11,14,3,3,0,0,247,81,47,320,32,8,4,5,264,1,10,11,24
337,Alexandre Mendy,gw  GNB,"FW,MF",Brest,25,1994,10.0,161,154,7,1,0,62,2,5,0,0,0,0,85,46,30,8,111,16,0,5,118,1,4,5,3
338,Edouard Mendy,sn  SEN,GK,Rennes,27,1992,24.0,792,574,218,56,0,77,27,0,0,0,0,0,349,56,387,42,590,1,0,99,585,0,13,2,1
339,Hamza Mendyl,ma  MAR,DF,Dijon,21,1997,16.0,848,687,161,16,2,104,12,37,0,0,0,0,474,184,190,627,42,27,145,6,662,5,18,14,24
340,Thomas Meunier,be  BEL,DF,Paris S-G,27,1991,13.8,925,801,124,10,1,132,23,50,1,0,0,0,599,182,144,99,664,34,113,4,772,2,9,19,28
341,Mexer,mz  MOZ,DF,Bordeaux,30,1988,16.5,1091,981,110,33,0,154,37,6,0,0,0,0,778,104,209,84,875,33,77,1,893,2,22,18,20
342,Florian Miguel,fr  FRA,DF,Nîmes,22,1996,22.8,954,687,267,16,0,117,21,45,1,0,1,0,411,250,293,615,45,29,250,0,707,3,29,15,37
343,Georges Mikautadze,ge  GEO,FW,Metz,18,2000,0.1,3,3,0,0,0,1,0,0,0,0,0,0,3,0,0,0,3,0,0,0,2,0,0,1,0
344,Stefan Mitrović,rs  SRB,DF,Strasbourg,29,1990,22.8,940,911,29,28,0,111,38,0,0,0,0,0,745,71,124,372,504,38,1,4,852,0,15,7,4
345,Florent Mollet,fr  FRA,MF,Montpellier,27,1991,18.7,893,773,120,49,3,171,64,49,63,32,21,5,576,128,189,148,720,10,2,4,695,1,20,18,29
346,Thomas Monconduit,fr  FRA,MF,Amiens,28,1991,15.2,709,638,71,42,1,142,33,12,16,9,5,0,452,97,160,131,521,37,1,2,546,4,16,18,21
347,Steven Moreira,fr  FRA,DF,Toulouse,24,1994,15.4,730,585,145,11,3,107,11,22,1,1,0,0,415,158,157,54,511,25,133,3,569,1,6,18,25
348,Jérémy Morel,mg  MAD,DF,Rennes,35,1984,20.1,1003,910,93,33,0,165,28,13,0,0,0,0,634,145,224,792,84,47,60,3,837,2,16,15,23
349,Lebo Mothiba,za  RSA,FW,Strasbourg,23,1996,11.6,248,238,10,0,0,69,5,14,0,0,0,0,175,42,31,23,185,14,0,5,204,0,7,0,8
350,Harold Moukoudi,cm  CMR,DF,Saint-Étienne,21,1997,11.0,573,553,20,12,0,67,9,1,0,0,0,0,456,60,57,100,419,28,8,1,499,1,9,5,5
351,Jessy Moulin,fr  FRA,GK,Saint-Étienne,33,1986,5.0,176,114,62,20,0,14,7,0,0,0,0,0,73,11,92,11,117,0,0,30,104,2,6,0,0
352,Wesley Moustache,fr  FRA,DF,Nantes,20,1999,0.5,27,22,5,0,0,6,0,0,0,0,0,0,16,8,3,22,0,0,5,0,20,0,1,1,0
353,Samuel Moutoussamy,cd  COD,"DF,FW",Nantes,22,1996,5.8,318,287,31,2,1,67,4,4,1,1,0,0,230,45,43,258,25,6,28,0,260,3,2,11,8
354,Benoît Mukinayi,fr  FRA,DF,Monaco,18,2001,15.7,928,904,24,19,0,139,36,0,0,0,0,0,676,126,126,710,153,38,5,0,807,3,17,12,15
355,Marshall Munetsi,zw  ZIM,MF,Reims,23,1996,9.3,372,364,8,6,2,80,7,5,0,0,0,0,260,51,61,33,290,25,2,2,290,0,9,5,9
356,Kévin N'Doram,fr  FRA,MF,Metz,23,1996,18.3,900,864,36,31,1,164,23,2,1,0,0,0,712,95,93,56,783,36,2,2,807,0,13,16,11
357,Abdallah N'dour,sn  SEN,DF,Strasbourg,25,1993,4.1,209,178,31,3,0,44,5,19,0,0,0,0,99,31,79,148,24,6,28,0,154,0,3,7,8
358,Ferris N'Goma,fr  FRA,"FW,MF",Brest,26,1993,0.3,12,11,1,0,0,3,0,0,0,0,0,0,9,3,0,1,11,0,0,0,8,0,0,0,4
359,Nathan N'Goumou,fr  FRA,"FW,MF",Toulouse,19,2000,0.1,1,1,0,0,0,0,0,0,0,0,0,0,0,1,0,0,1,0,0,0,1,0,0,0,0
360,Stanley N'Soki,fr  FRA,DF,Nice,20,1999,14.1,1006,908,98,25,0,101,17,3,0,0,0,0,806,136,64,683,207,29,73,3,918,0,9,16,8
361,Keylor Navas,cr  CRC,GK,Paris S-G,32,1986,21.0,544,385,159,21,0,57,9,0,0,0,0,0,397,37,110,63,392,1,0,76,468,1,9,3,0
362,Papa Ndiaga Yade,sn  SEN,FW,Metz,19,2000,0.0,3,3,0,0,0,0,0,0,0,0,0,0,1,0,2,2,0,1,0,0,0,0,0,0,1
363,Neymar,br  BRA,"MF,FW",Paris S-G,27,1992,14.6,961,872,89,24,17,202,29,28,49,20,10,2,687,128,146,130,793,10,15,11,759,4,16,24,24
364,Muzinga Ngonda,cd  COD,DF,Dijon,24,1994,6.0,333,252,81,7,0,46,5,5,0,0,0,0,181,75,77,225,15,13,74,1,256,0,7,11,9
365,Ahmad Ngouyamsa,cm  CMR,DF,Dijon,18,2000,0.6,,,,,,,,0,,,,,,,,,,,,,,,,,
366,Opa Nguette,sn  SEN,FW,Metz,25,1994,20.3,544,536,8,3,1,152,6,14,2,1,1,0,443,58,43,60,446,16,3,5,430,3,11,12,21
367,Ibrahima Niane,sn  SEN,FW,Metz,20,1999,10.6,287,264,23,3,1,80,6,11,12,5,4,1,171,57,59,22,222,18,3,2,204,0,9,6,9
368,M'Baye Niang,sn  SEN,FW,Rennes,24,1994,23.6,501,457,44,0,2,153,21,9,0,0,0,0,278,130,93,85,323,22,6,18,354,1,18,16,23
369,Cheikh Niasse,sn  SEN,MF,Lille,19,2000,0.2,9,9,0,0,0,1,0,0,0,0,0,0,9,0,0,0,9,0,0,0,9,0,0,0,0
370,Casimir Ninga,td  CHA,"MF,FW",Angers,26,1993,7.6,207,202,5,0,0,40,4,10,0,0,0,0,151,29,27,13,178,5,5,2,160,0,3,7,6
371,Timothée Nkada,fr  FRA,"FW,MF",Reims,20,1999,1.6,25,25,0,0,0,7,0,3,0,0,0,0,9,11,5,3,16,2,0,2,15,0,1,0,2
372,Arnaud Nordin,fr  FRA,FW,Saint-Étienne,21,1998,10.1,276,257,19,5,1,78,8,22,7,3,0,1,191,53,32,120,134,10,6,1,214,3,6,1,18
373,Gerzino Nyamsi,fr  FRA,DF,Rennes,22,1997,1.3,46,45,1,1,0,5,0,0,0,0,0,0,31,7,8,15,28,3,0,0,40,0,0,1,1
374,Steven Nzonzi,fr  FRA,MF,Rennes,30,1988,4.3,299,294,5,5,0,41,5,0,0,0,0,0,229,40,30,20,258,11,0,0,272,1,2,1,2
375,Jean Onana,cm  CMR,MF,Lille,19,2000,0.9,47,46,1,0,0,7,1,0,0,0,0,0,30,9,8,6,38,1,1,1,41,1,1,0,1
376,Henry Onyekuru,ng  NGA,"FW,MF",Monaco,22,1997,1.8,47,43,4,1,0,16,2,2,1,0,0,0,33,9,5,4,41,0,2,0,35,0,1,1,3
377,Nicholas Opoku,gh  GHA,DF,Amiens,21,1997,7.0,214,206,8,6,0,23,9,0,1,0,0,0,141,19,54,17,173,14,1,0,170,0,4,1,4
378,Victor Osimhen,ng  NGA,FW,Lille,20,1998,25.4,368,342,26,1,1,128,4,20,0,0,0,0,168,105,95,28,230,35,5,13,232,2,3,9,23
379,Otávio,br  BRA,MF,Bordeaux,25,1994,24.6,1499,1460,39,37,0,335,28,4,0,0,0,0,1198,123,178,153,1288,41,2,3,1357,2,11,14,14
380,Abou Ouattara,bf  BFA,MF,Lille,19,1999,0.1,3,3,0,0,0,1,0,0,0,0,0,0,3,0,0,1,2,0,0,0,2,0,0,0,0
381,Alexandre Oukidja,dz  ALG,GK,Metz,31,1988,26.5,887,572,315,106,0,50,28,0,0,0,0,0,201,61,625,38,635,2,0,113,454,0,38,3,1
382,Zinédine Ould Khaled,fr  FRA,MF,Angers,19,2000,0.7,25,25,0,0,0,6,0,0,0,0,0,0,22,2,1,2,21,1,0,1,22,0,0,1,1
383,Adam Ounas,dz  ALG,"MF,FW",Nice,22,1996,12.5,494,450,44,9,5,89,28,38,16,6,1,2,325,82,87,422,51,4,15,0,374,2,11,6,23
384,Ambroise Oyongo,cm  CMR,DF,Montpellier,28,1991,20.2,897,698,199,11,1,122,17,45,0,0,0,0,435,189,273,586,78,26,188,4,672,1,12,18,51
385,Pablo,br  BRA,DF,Bordeaux,28,1991,24.1,1488,1437,51,32,0,214,45,2,0,0,0,0,1124,148,216,402,941,76,19,5,1306,2,26,8,16
386,Sergi Palencia,es  ESP,DF,Saint-Étienne,23,1996,5.2,274,214,60,4,0,40,5,13,0,0,0,0,139,72,63,22,182,12,56,1,217,1,4,7,11
387,Nicolas Pallois,fr  FRA,DF,Nantes,31,1987,21.0,1024,959,65,60,0,145,39,3,0,0,0,0,736,103,185,834,110,57,5,5,881,2,21,10,6
388,Jonathan Panzo,eng  ENG,DF,Monaco,18,2000,1.2,69,67,2,2,0,5,3,0,0,0,0,0,53,2,14,63,5,0,0,0,59,0,0,3,0
389,Gaëtan Paquiez,fr  FRA,DF,Nîmes,25,1994,17.0,768,560,208,18,0,100,9,21,1,0,1,0,335,173,260,86,426,46,189,6,546,0,20,17,17
390,Rubén Pardo,es  ESP,MF,Bordeaux,26,1992,2.1,112,106,6,4,0,10,6,2,2,1,0,1,83,7,22,14,92,5,0,0,94,1,1,1,0
391,Leandro Paredes,ar  ARG,MF,Paris S-G,25,1994,9.0,913,889,24,19,1,103,31,3,0,0,0,0,737,99,77,58,822,20,5,2,856,3,15,8,4
392,Mateo Pavlović,ba  BIH,DF,Angers,29,1990,9.0,335,329,6,6,0,44,16,0,0,0,0,0,239,58,38,38,252,29,0,1,299,0,2,1,3
393,Dimitri Payet,fr  FRA,FW,Marseille,32,1987,21.4,1109,915,194,58,8,172,74,75,115,29,52,24,628,153,328,124,941,10,21,7,775,4,20,30,46
394,Jordan Pefok,us  USA,FW,Rennes,23,1996,4.9,103,97,6,0,0,38,0,2,0,0,0,0,74,20,9,12,76,4,0,6,78,0,1,4,5
395,Yohann Pelé,fr  FRA,GK,Marseille,36,1982,1.7,47,31,16,2,0,3,0,0,0,0,0,0,30,4,13,3,37,0,0,7,36,0,0,0,1
396,Théo Pellenard,fr  FRA,DF,Angers,25,1994,5.1,281,233,48,1,0,42,2,17,0,0,0,0,153,70,58,181,43,6,47,1,210,0,3,10,12
397,Andy Pelmard,fr  FRA,DF,Nice,19,2000,8.5,585,552,33,17,0,51,16,0,0,0,0,0,493,41,51,124,435,7,16,1,527,1,8,4,6
398,Mathias Pereira Lage,pt  POR,MF,Angers,22,1996,17.1,542,525,17,4,4,106,7,29,10,4,6,0,347,88,107,76,411,26,3,4,391,1,13,17,26
399,Romain Perraud,fr  FRA,DF,Brest,21,1997,18.6,1136,863,273,25,0,173,17,48,0,0,0,0,618,283,235,786,65,31,248,1,895,2,15,19,51
400,Loïc Perrin,fr  FRA,DF,Saint-Étienne,33,1985,19.0,1065,1023,42,39,0,155,30,1,0,0,0,0,782,136,147,136,837,60,3,3,937,5,13,11,10
401,Lucas Perrin,fr  FRA,DF,Marseille,20,1998,4.0,256,243,13,9,0,25,8,0,0,0,0,0,203,24,29,41,199,6,4,1,238,0,2,1,1
402,Danijel Petković,me  MNE,GK,Angers,26,1993,2.0,54,27,27,8,0,0,1,0,0,0,0,0,22,3,29,4,37,0,0,10,39,0,0,0,0
403,Denis Petrić,rs  SRB,GK,Nantes,31,1988,1.0,20,6,14,3,0,0,0,0,0,0,0,0,6,1,13,10,6,0,0,2,8,1,1,0,0
404,Rayan Philippe,fr  FRA,"DF,FW",Dijon,18,2000,0.3,7,7,0,0,0,0,0,0,0,0,0,0,5,0,2,5,1,1,0,0,5,0,0,0,0
405,Romain Philippoteaux,fr  FRA,"FW,MF",Nîmes,31,1988,22.2,626,582,44,6,4,96,18,37,10,4,4,0,378,118,130,74,493,24,28,4,446,3,18,14,25
406,Jérémy Pied,fr  FRA,DF,Lille,30,1989,5.0,326,260,66,6,0,39,5,15,0,0,0,0,155,62,109,23,225,15,60,1,248,2,5,3,11
407,Maxime Poundjé,fr  FRA,DF,Bordeaux,26,1992,0.0,5,3,2,0,0,0,0,0,0,0,0,0,3,2,0,3,0,0,2,0,5,0,0,0,0
408,Percy Prado,pe  PER,DF,Nantes,23,1996,2.1,106,80,26,3,0,19,0,1,0,0,0,0,49,23,34,4,72,5,23,1,84,0,3,4,4
409,Sanjin Prcić,ba  BIH,MF,Strasbourg,25,1993,0.9,58,54,4,3,0,19,5,0,0,0,0,0,37,11,10,7,47,4,0,0,55,0,0,0,1
410,Nicolas de Préville,fr  FRA,"MF,FW",Bordeaux,28,1991,22.2,962,819,143,48,2,234,50,46,77,31,32,9,574,150,238,127,759,34,6,8,693,6,28,25,27
411,Nemanja Radonjić,rs  SRB,"FW,MF",Marseille,23,1996,9.8,347,339,8,0,5,82,14,21,4,0,1,0,240,72,35,27,305,7,4,1,254,1,4,11,24
412,Rafael,br  BRA,DF,Lyon,29,1990,7.8,436,369,67,1,0,58,3,9,0,0,0,0,274,86,76,54,295,10,65,4,357,1,9,7,12
413,Predrag Rajković,rs  SRB,GK,Reims,23,1995,27.0,998,708,290,88,0,79,28,0,0,0,0,0,544,54,400,130,702,1,0,120,736,2,22,2,3
414,Loïc Rémy,fr  FRA,FW,Lille,32,1987,10.7,221,208,13,0,0,54,6,5,0,0,0,0,141,55,25,17,172,13,2,5,177,0,2,4,9
415,Baptiste Reynet,fr  FRA,GK,Toulouse,28,1990,22.6,845,543,302,75,0,82,30,0,0,0,0,0,290,43,512,73,626,0,0,80,517,3,34,1,1
416,Sergio Rico,es  ESP,GK,Paris S-G,25,1993,2.0,49,32,17,3,0,5,1,0,0,0,0,0,33,4,12,16,27,0,0,6,38,0,1,0,0
417,Renaud Ripart,fr  FRA,"FW,DF",Nîmes,26,1993,22.5,641,562,79,1,2,156,13,22,0,0,0,0,336,165,140,88,386,49,48,10,427,6,20,18,38
418,Mihailo Ristić,rs  SRB,"DF,MF",Montpellier,23,1995,9.0,375,319,56,5,0,73,15,19,0,0,0,0,213,74,88,249,63,6,51,0,281,0,8,10,23
419,Maxence Rivera,fr  FRA,MF,Saint-Étienne,17,2002,0.3,8,7,1,1,0,2,0,0,0,0,0,0,4,2,2,0,8,0,0,0,4,0,2,1,0
420,Agustín Rogel,uy  URU,DF,Toulouse,21,1997,9.5,338,326,12,11,0,41,4,0,0,0,0,0,262,31,45,55,257,14,1,0,295,0,6,1,2
421,Alaixys Romao,tg  TOG,MF,Reims,35,1984,19.8,979,928,51,47,2,214,25,5,0,0,0,0,642,184,153,131,791,30,4,7,818,0,16,23,15
422,Nolan Roux,fr  FRA,FW,Nîmes,31,1988,6.5,137,121,16,1,0,34,3,5,0,0,0,0,74,45,18,2,114,13,0,2,97,0,0,3,10
423,Stéphane Ruffier,fr  FRA,GK,Saint-Étienne,32,1986,22.0,617,391,226,66,1,58,8,0,0,0,0,0,271,27,319,16,503,0,0,71,407,1,15,1,1
424,Gerónimo Rulli,ar  ARG,GK,Montpellier,27,1992,25.0,883,603,280,77,1,82,37,0,0,0,0,0,416,79,388,98,596,0,0,148,673,2,21,1,1
425,Roli Pereira de Sa,fr  FRA,MF,Nantes,22,1996,0.1,12,11,1,0,0,0,0,0,1,1,0,0,11,0,1,11,1,0,0,0,11,0,1,0,0
426,Youssouf Sabaly,sn  SEN,DF,Bordeaux,26,1993,10.1,597,504,93,6,3,112,7,22,0,0,0,0,359,123,115,113,371,17,87,1,488,0,8,12,16
427,Ihsan Sacko,fr  FRA,FW,Nice,22,1997,1.6,43,42,1,0,1,10,1,0,0,0,0,0,33,4,6,5,36,1,1,0,32,0,2,1,3
428,Wesley Saïd,fr  FRA,"MF,FW",Toulouse,24,1995,12.9,403,385,18,10,1,79,8,16,1,0,0,1,280,62,61,87,291,14,3,4,331,3,7,9,9
429,Théo Sainte-Luce,fr  FRA,"DF,FW",Nîmes,20,1998,0.2,2,2,0,0,0,1,0,0,0,0,0,0,2,0,0,1,1,0,0,0,2,0,0,0,0
430,Hiroki Sakai,jp  JPN,DF,Marseille,29,1990,18.0,1112,912,200,12,1,176,8,27,0,0,0,0,706,236,170,80,783,34,188,5,942,0,16,21,31
431,William Saliba,fr  FRA,DF,Saint-Étienne,18,2001,11.0,544,516,28,12,0,95,24,0,0,0,0,0,402,70,72,52,430,29,16,0,479,1,5,4,6
432,Romain Salin,fr  FRA,GK,Rennes,35,1984,4.0,130,76,54,17,0,13,7,0,0,0,0,0,57,8,65,81,22,0,0,22,96,0,3,0,0
433,Mama Samba Baldé,gw  GNB,"FW,MF",Dijon,23,1995,18.6,368,357,11,2,1,109,7,30,2,0,2,0,225,84,59,69,247,22,4,11,253,2,16,9,26
434,Junior Sambia,fr  FRA,"DF,MF",Montpellier,22,1996,6.5,250,205,45,3,0,44,9,17,1,0,0,0,130,62,58,42,156,6,41,1,191,2,5,6,3
435,Frédéric Sammaritano,fr  FRA,"MF,FW",Dijon,33,1986,5.8,269,222,47,16,1,52,20,18,27,7,13,4,167,39,63,47,215,5,1,1,202,0,3,4,14
436,Renato Sanches,pt  POR,"MF,FW",Lille,21,1997,16.5,1007,906,101,41,1,179,52,36,45,11,27,2,710,135,162,103,861,24,13,3,816,3,15,21,25
437,Ibrahim Sangaré,ci  CIV,MF,Toulouse,21,1997,24.2,1313,1269,44,28,4,280,37,18,2,0,2,0,879,196,238,76,1146,52,13,5,1039,2,21,40,24
438,Yaya Sanogo,fr  FRA,FW,Toulouse,26,1993,10.1,177,166,11,1,0,71,1,1,0,0,0,0,85,56,36,26,97,15,0,4,124,1,6,4,6
439,Morgan Sanson,fr  FRA,MF,Marseille,24,1994,24.1,907,879,28,14,2,191,29,51,7,3,3,0,646,140,121,145,714,22,7,9,726,4,12,16,32
440,Baptiste Santamaria,fr  FRA,MF,Angers,24,1995,27.8,1340,1317,23,19,5,242,73,4,0,0,0,0,871,206,263,121,1093,86,4,5,1117,2,21,20,34
441,Pablo Sarabia,es  ESP,"FW,MF",Paris S-G,27,1992,12.9,677,648,29,3,5,130,9,42,17,10,5,1,495,93,89,548,108,7,9,4,524,2,10,19,26
442,Bouna Sarr,gn  GUI,"DF,FW",Marseille,27,1992,24.0,1357,1147,210,22,3,209,25,62,10,2,7,0,871,300,186,121,999,35,178,2,1100,1,18,20,52
443,Malang Sarr,fr  FRA,DF,Nice,20,1999,16.2,1168,1102,66,30,1,124,35,3,0,0,0,0,934,105,129,921,174,29,36,2,1055,1,16,23,7
444,Sidy Sarr,sn  SEN,MF,Nîmes,23,1996,12.9,509,498,11,10,1,128,26,5,0,0,0,0,286,88,135,327,78,32,1,3,370,1,13,10,11
445,Téji Savanier,fr  FRA,MF,Montpellier,27,1991,16.9,917,824,93,43,2,183,68,31,46,25,13,6,474,173,270,140,712,41,4,1,686,2,26,10,20
446,Matz Sels,be  BEL,GK,Strasbourg,27,1992,27.0,849,582,267,64,1,99,29,0,0,0,0,0,347,54,448,52,619,0,0,127,575,2,22,3,1
447,Gen Shoji,jp  JPN,DF,Toulouse,26,1992,0.5,42,41,1,1,0,10,3,0,0,0,0,0,32,3,7,6,35,1,0,0,38,0,1,0,0
448,Kalidou Sidibé,fr  FRA,MF,Toulouse,20,1999,1.0,48,48,0,0,0,6,2,0,0,0,0,0,35,7,6,14,30,3,0,0,40,0,1,0,2
449,Kaj Sierhuis,nl  NED,FW,Reims,21,1998,0.1,4,4,0,0,1,2,0,0,0,0,0,0,2,2,0,0,3,0,0,1,4,0,0,0,0
450,Adrien Silva,pt  POR,MF,Monaco,30,1989,13.6,835,776,59,44,1,124,34,8,13,4,7,0,576,131,128,145,634,30,2,12,719,0,9,9,10
451,Gabriel Silva,br  BRA,DF,Saint-Étienne,28,1991,2.6,99,79,20,0,0,16,4,2,0,0,0,0,47,18,34,49,25,1,20,0,66,0,2,3,6
452,Matheus Pereira da Silva,br  BRA,"MF,FW",Dijon,21,1998,5.2,239,223,16,6,2,73,6,9,8,2,1,2,144,41,54,198,32,4,2,2,176,1,6,9,10
453,Thiago Silva,br  BRA,DF,Paris S-G,34,1984,17.5,1502,1463,39,33,1,154,39,0,0,0,0,0,1250,166,86,135,1300,35,6,13,1440,2,10,1,5
454,Mohamed Simakan,fr  FRA,DF,Strasbourg,19,2000,16.7,860,745,115,14,0,123,33,20,0,0,0,0,517,143,200,76,623,34,101,4,689,1,15,16,22
455,Moses Simon,ng  NGA,"FW,MF",Nantes,24,1995,24.2,663,632,31,5,2,165,8,59,3,3,0,0,452,112,99,131,485,18,16,4,490,3,8,11,50
456,Ibrahima Sissoko,fr  FRA,MF,Strasbourg,21,1997,17.8,667,651,16,8,0,181,22,15,0,0,0,0,455,113,99,92,516,24,7,3,554,1,15,10,20
457,Sambou Sissoko,fr  FRA,"MF,FW",Reims,20,1999,0.4,6,6,0,0,0,2,0,0,0,0,0,0,4,0,2,1,4,1,0,0,3,0,0,0,0
458,Petar Škuletić,rs  SRB,FW,Montpellier,29,1990,1.2,26,26,0,0,0,9,0,0,0,0,0,0,12,8,6,10,6,4,0,0,17,0,1,1,0
459,Islam Slimani,dz  ALG,FW,Monaco,31,1988,14.3,543,514,29,1,12,126,11,23,0,0,0,0,310,158,75,108,373,20,4,14,385,1,14,17,29
460,Oumar Solet,fr  FRA,DF,Lyon,19,2000,0.1,5,5,0,0,0,0,0,0,0,0,0,0,5,0,0,0,5,0,0,0,4,0,0,0,0
461,Adama Soumaoro,fr  FRA,DF,Lille,27,1992,4.6,340,332,8,7,0,27,2,0,0,0,0,0,304,22,14,28,295,11,1,2,328,0,2,0,1
462,Boubakary Soumaré,fr  FRA,MF,Lille,20,1999,13.5,746,734,12,10,1,144,19,4,0,0,0,0,585,96,65,119,594,22,1,0,673,1,5,11,8
463,Bryan Soumaré,fr  FRA,"MF,FW",Dijon,20,1999,4.3,147,129,18,4,2,36,5,5,12,6,3,1,100,23,24,117,18,7,1,1,99,0,3,6,6
464,Arnaud Souquet,fr  FRA,DF,Montpellier,27,1992,22.4,1064,812,252,14,1,172,22,46,0,0,0,0,542,287,235,119,648,44,237,2,809,0,29,30,54
465,Bassem Srarfi,tn  TUN,"FW,DF",Nice,22,1997,1.5,50,47,3,2,0,7,1,3,0,0,0,0,41,4,5,42,7,0,1,0,42,0,2,0,3
466,Vlatko Stojanovski,mk  MKD,FW,Nîmes,22,1997,1.4,28,27,1,0,0,12,1,1,0,0,0,0,15,9,4,8,16,2,0,1,20,0,1,0,4
467,Kevin Strootman,nl  NED,MF,Marseille,29,1990,15.7,941,889,52,40,1,138,15,8,0,0,0,0,707,115,119,756,115,41,11,2,824,2,7,10,15
468,Mathías Suárez,uy  URU,DF,Montpellier,23,1996,0.7,27,14,13,1,0,4,0,0,0,0,0,0,10,12,5,1,14,0,12,0,19,0,0,1,4
469,Stoppila Sunzu,zm  ZAM,DF,Metz,30,1989,15.0,520,507,13,11,0,82,10,0,0,0,0,0,381,44,95,51,437,17,2,4,454,0,4,3,7
470,Issiaga Sylla,gn  GUI,DF,Toulouse,25,1994,28.0,1461,1177,284,38,1,226,28,72,3,0,2,0,759,334,368,939,154,76,243,11,1080,3,24,31,44
471,Moussa Sylla,fr  FRA,FW,Monaco,19,1999,0.1,2,1,1,0,0,1,0,0,0,0,0,0,2,0,0,0,2,0,0,0,2,0,0,0,0
472,Eddy Sylvestre,fr  FRA,MF,Nice,19,1999,0.4,18,18,0,0,0,3,0,0,0,0,0,0,13,4,1,16,2,0,0,0,14,0,0,2,1
473,Flavien Tait,fr  FRA,"MF,FW",Rennes,26,1993,9.8,410,395,15,3,2,77,8,11,4,4,0,0,288,62,60,43,336,17,7,4,304,3,8,11,18
474,Mahdi Talal,fr  FRA,FW,Amiens,21,1997,0.2,4,4,0,0,0,0,0,0,0,0,0,0,3,1,0,1,3,0,0,0,3,0,0,0,0
475,Adrien Tameze,cm  CMR,MF,Nice,25,1994,5.8,238,233,5,4,1,40,5,7,0,0,0,0,190,26,22,30,204,1,1,2,206,0,5,8,2
476,Adil Taoui,fr  FRA,MF,Toulouse,17,2001,0.3,1,1,0,0,0,0,0,0,0,0,0,0,0,0,1,0,1,0,0,0,0,0,0,0,0
477,Ciprian Tătărușanu,ro  ROU,GK,Lyon,33,1986,2.0,59,52,7,1,0,7,2,0,0,0,0,0,42,6,11,11,30,0,0,15,54,0,0,0,0
478,Júlio Tavares,cv  CPV,FW,Dijon,30,1988,22.2,556,517,39,4,2,236,4,13,0,0,0,0,244,159,153,81,236,57,15,25,374,2,6,12,27
479,Martin Terrier,fr  FRA,"FW,MF",Lyon,22,1997,13.3,440,411,29,13,2,104,18,17,11,6,3,0,272,79,89,37,359,23,2,1,344,0,3,10,10
480,Kenny Tete,nl  NED,DF,Lyon,23,1995,11.9,842,703,139,10,1,150,17,35,0,0,0,0,515,167,160,32,649,25,129,2,684,0,8,23,33
481,Florian Thauvin,fr  FRA,FW,Marseille,26,1993,0.2,12,12,0,0,0,4,0,0,0,0,0,0,10,2,0,10,2,0,0,0,12,0,0,0,0
482,Sada Thioub,sn  SEN,"MF,FW",Angers,24,1995,16.8,696,665,31,6,3,171,15,41,2,0,2,0,486,109,101,80,573,18,15,3,555,0,12,13,28
483,Romain Thomas,fr  FRA,DF,Angers,31,1988,26.0,1136,1082,54,52,0,115,51,1,0,0,0,0,781,118,237,926,120,65,2,0,992,3,20,6,7
484,Adrien Thomasson,fr  FRA,MF,Strasbourg,25,1993,23.0,950,896,54,17,2,259,16,49,4,1,1,1,625,202,123,139,745,31,13,13,736,4,10,26,38
485,Khéphren Thuram-Ulie,fr  FRA,MF,Nice,18,2001,6.6,368,361,7,7,0,66,5,1,0,0,0,0,307,38,23,73,283,6,0,0,320,1,3,6,7
486,Cheick Timite,ci  CIV,"MF,FW",Amiens,21,1997,1.3,41,40,1,0,0,6,2,2,0,0,0,0,27,6,8,3,32,2,1,1,32,0,1,0,1
487,Karl Toko Ekambi,cm  CMR,FW,Lyon,26,1992,6.0,189,183,6,0,0,47,6,15,0,0,0,0,113,41,35,19,155,5,3,1,148,1,2,2,9
488,Abdoulaye Touré,fr  FRA,MF,Nantes,25,1994,24.7,1339,1326,13,11,2,281,40,9,0,0,0,0,1016,171,152,268,965,73,2,6,1135,3,25,33,22
489,Lucas Tousart,fr  FRA,MF,Lyon,22,1997,19.6,946,928,18,16,0,211,29,10,1,0,0,0,689,125,132,104,749,59,1,4,802,1,22,13,17
490,Bertrand Traoré,bf  BFA,"FW,MF",Lyon,23,1995,13.9,581,511,70,22,1,123,31,55,35,23,3,0,353,94,134,497,48,16,11,2,434,3,16,7,16
491,Charles Traore,ml  MLI,DF,Nantes,27,1992,19.3,1078,849,229,21,1,143,12,28,0,0,0,0,586,227,265,720,83,48,208,3,803,3,34,27,28
492,Hamari Traoré,ml  MLI,DF,Rennes,27,1992,26.8,1544,1239,305,18,3,204,29,48,2,0,0,0,892,322,330,140,1044,52,285,6,1249,0,18,39,44
493,Ismaël Traoré,ci  CIV,DF,Angers,32,1986,22.8,1027,993,34,31,2,113,19,2,0,0,0,0,787,94,146,105,879,28,3,1,877,2,16,22,12
494,Miguel Trauco,pe  PER,DF,Saint-Étienne,26,1992,16.4,841,663,178,12,1,136,27,15,5,3,2,0,428,194,219,600,47,25,161,1,646,2,12,14,33
495,Matthieu Udol,fr  FRA,DF,Metz,23,1996,12.2,581,456,125,15,1,90,11,27,0,0,0,0,287,101,193,378,66,21,110,1,428,1,16,8,20
496,Hwang Ui-jo,kr  KOR,"FW,MF",Bordeaux,26,1992,18.1,426,421,5,1,0,116,6,11,1,0,1,0,327,50,49,42,355,16,0,3,351,0,5,3,23
497,William Vainqueur,fr  FRA,MF,Toulouse,30,1988,19.1,992,971,21,17,0,208,26,12,2,0,1,0,800,109,83,99,854,24,1,6,896,0,15,11,6
498,Pierrick Valdivia,fr  FRA,MF,Nîmes,31,1988,0.8,33,33,0,0,0,8,4,0,0,0,0,0,22,2,9,29,2,2,0,0,29,1,0,0,0
499,Antoine Valerio,fr  FRA,MF,Nîmes,19,1999,1.0,35,32,3,1,0,7,1,0,1,0,1,0,19,6,10,24,5,4,1,0,25,0,2,1,1
500,Luca Valls,fr  FRA,FW,Nîmes,20,1998,0.1,4,4,0,0,0,1,0,0,0,0,0,0,1,1,2,0,2,1,0,0,2,0,0,0,1
501,Theo Valls,fr  FRA,MF,Nîmes,23,1995,18.1,696,646,50,29,1,132,37,13,19,3,14,2,422,108,166,568,82,30,2,0,538,1,9,6,26
502,Thibaut Vargas,fr  FRA,"DF,MF",Montpellier,19,2000,1.7,65,51,14,2,0,5,1,6,0,0,0,0,37,7,21,4,46,3,12,0,46,0,0,3,0
503,Marco Verratti,it  ITA,MF,Paris S-G,26,1992,16.5,1733,1666,67,48,10,337,28,13,1,0,0,0,1339,234,160,146,1534,27,18,3,1607,1,13,25,15
504,Clément Vidal,fr  FRA,DF,Montpellier,19,2000,1.0,45,43,2,2,0,11,0,0,0,0,0,0,27,7,11,2,38,3,0,0,37,0,1,0,1
505,Molla Wagué,ml  MLI,DF,Nantes,28,1991,7.6,304,296,8,8,0,50,6,2,0,0,0,0,232,19,53,37,239,13,0,0,259,0,4,4,3
506,Moussa Wagué,sn  SEN,DF,Nice,20,1998,2.2,149,134,15,2,0,22,4,7,0,0,0,0,100,35,14,13,120,0,13,1,118,0,3,7,7
507,Rémi Walter,fr  FRA,MF,Nice,24,1995,0.6,25,25,0,0,0,5,1,0,0,0,0,0,21,2,2,23,2,0,0,0,24,0,0,0,0
508,Timothy Weah,us  USA,MF,Lille,19,2000,0.9,31,29,2,0,1,10,0,0,0,0,0,0,27,4,0,2,28,0,0,0,21,1,0,1,3
509,Xeka,pt  POR,MF,Lille,24,1994,7.9,448,438,10,10,2,74,18,3,0,0,0,0,355,40,53,52,373,13,0,1,386,1,9,6,10
510,Yusuf Yazıcı,tr  TUR,"MF,FW",Lille,22,1997,9.4,451,353,98,24,1,92,37,16,60,31,20,3,273,66,112,380,50,8,12,1,314,6,5,9,13
511,Elie Youan,fr  FRA,FW,Nantes,20,1999,1.8,52,49,3,0,0,13,0,3,0,0,0,0,36,12,4,7,39,2,0,0,40,0,0,2,2
512,Zaydou Youssouf,fr  FRA,MF,Saint-Étienne,20,1999,12.0,517,510,7,6,0,101,36,8,0,0,0,0,333,78,106,434,61,14,1,0,425,2,18,14,5
513,Arthur Zagre,fr  FRA,MF,Paris S-G,17,2001,0.3,15,15,0,0,0,1,0,0,0,0,0,0,14,1,0,13,2,0,0,0,12,0,0,1,0
514,Mootaz Zemzemi,tn  TUN,MF,Strasbourg,19,1999,0.3,14,14,0,0,0,1,3,0,0,0,0,0,9,1,4,12,1,1,0,0,11,0,1,0,0
515,Arber Zeneli,xk  KVX,MF,Reims,24,1995,0.1,1,1,0,0,0,0,0,0,0,0,0,0,1,0,0,0,1,0,0,0,1,0,0,0,0
516,Kévin Zohi,ml  MLI,"FW,MF",Strasbourg,22,1996,5.9,154,148,6,0,0,30,6,10,0,0,0,0,108,25,21,16,125,3,6,2,109,1,4,6,11
517,Bongani Zungu,za  RSA,MF,Amiens,26,1992,11.0,538,523,15,13,1,99,24,3,0,0,0,0,365,70,103,27,457,33,0,7,437,0,7,19,3
