,Player,Nation,Pos,Squad,Age,Born,90s,Att,Live_Pass Types,Dead_Pass Types,FK_Pass Types,TB_Pass Types,Press_Pass Types,Sw_Pass Types,Crs_Pass Types,CK_Pass Types,In_Corner Kicks,Out_Corner Kicks,Str_Corner Kicks,Ground_Height,Low_Height,High_Height,Left_Body Parts,Right_Body Parts,Head_Body Parts,TI_Body Parts,Other_Body Parts,Cmp,Off_Outcomes,Out_Outcomes,Int_Outcomes,Blocks_Outcomes
0,Ismael Aaneba,fr  FRA,DF,Strasbourg,19,1999,2.3,122,92,30,4,0,16,5,5,0,0,0,0,67,11,44,9,83,2,26,1,80,0,6,0,10
1,Yunis Abdelhamid,ma  MAR,DF,Reims,30,1987,38.0,1576,1522,54,52,1,187,53,0,0,0,0,0,1173,119,284,1007,436,90,2,5,1318,4,36,9,22
2,Mehdi Abeid,dz  ALG,MF,Dijon,25,1992,22.5,1081,1048,33,16,2,198,32,13,10,0,0,1,828,96,157,101,912,46,4,4,919,4,26,7,15
3,Charles Abi,fr  FRA,"FW,MF",Saint-Étienne,18,2000,0.4,16,16,0,0,0,5,0,0,0,0,0,0,9,2,5,13,0,1,0,0,6,0,1,2,1
4,Khaled Adénon,bj  BEN,DF,Amiens,33,1985,22.2,967,939,28,27,0,106,45,0,0,0,0,0,674,97,196,145,707,86,1,8,842,1,23,6,7
5,Yacine Adli,fr  FRA,"MF,FW",Bordeaux,18,2000,2.4,151,145,6,2,1,32,5,7,2,1,0,0,111,22,18,14,132,2,2,0,111,1,3,2,5
6,Nayef Aguerd,ma  MAR,DF,Dijon,22,1996,11.7,577,539,38,17,0,83,20,1,0,0,0,0,386,41,150,452,68,24,21,3,452,3,17,9,10
7,Ruben Aguilar,fr  FRA,"DF,MF",Montpellier,25,1993,28.1,1642,1355,287,12,0,286,36,81,1,0,0,0,998,305,339,68,1233,41,274,9,1328,9,19,32,59
8,Jean-Eudes Aholou,ci  CIV,MF,Monaco,24,1994,11.9,552,541,11,9,0,76,12,2,0,0,0,0,425,58,69,428,81,32,1,1,465,0,12,10,6
9,Rayan Aït Nouri,fr  FRA,DF,Angers,17,2001,0.6,33,31,2,0,0,3,0,1,0,0,0,0,29,2,2,28,3,0,2,0,30,0,0,1,0
10,Ludovic Ajorque,re  REU,FW,Strasbourg,24,1994,17.0,467,441,26,0,0,169,13,8,0,0,0,0,244,144,79,251,85,45,1,15,355,2,8,10,12
11,Sofiane Alakouch,fr  FRA,DF,Nîmes,20,1998,21.1,1104,858,246,6,3,155,8,26,0,0,0,0,598,267,239,72,737,47,239,3,837,4,27,18,42
12,Alexis Alegue,fr  FRA,FW,Nantes,21,1996,0.1,1,1,0,0,0,0,0,0,0,0,0,0,1,0,0,1,0,0,0,0,1,0,0,0,0
13,Rúnar Alex Rúnarsson,is  ISL,GK,Dijon,23,1995,25.0,831,554,277,74,0,48,36,0,0,0,0,0,391,37,403,75,618,3,0,105,581,3,30,1,4
14,Rachid Alioui,ma  MAR,FW,Nîmes,26,1992,13.9,383,364,19,0,0,104,8,23,0,0,0,0,233,88,62,67,244,36,4,6,273,0,15,9,11
15,Bobby Allain,fr  FRA,GK,Dijon,26,1991,13.0,466,290,176,50,0,29,7,0,0,0,0,0,149,12,305,27,342,0,0,71,288,0,24,1,0
16,Mickaël Alphonse,GPE,DF,Dijon,29,1989,6.3,307,246,61,6,0,32,1,15,0,0,0,0,153,36,118,23,199,22,55,1,197,0,12,2,13
17,Dani Alves,br  BRA,"MF,DF",Paris S-G,35,1983,18.0,1589,1505,84,17,18,360,42,45,6,0,0,0,1167,195,227,164,1328,29,61,3,1327,11,28,27,45
18,Romain Amalfitano,fr  FRA,"MF,FW",Dijon,28,1989,28.0,1071,1050,21,9,4,182,53,17,0,0,0,0,721,125,225,116,887,43,12,4,839,5,24,16,24
19,Jordan Amavi,fr  FRA,DF,Marseille,24,1994,24.2,1295,1051,244,19,1,243,24,62,0,0,0,0,713,235,347,698,236,92,225,2,967,3,36,23,51
20,Kelvin Amian,fr  FRA,DF,Toulouse,20,1998,32.0,1188,956,232,30,1,191,20,17,0,0,0,0,714,211,263,158,749,50,202,1,938,4,29,27,27
21,Yanis Ammour,fr  FRA,MF,Montpellier,19,1999,0.0,0,0,0,0,0,0,0,0,0,0,0,0,0,0,0,0,0,0,0,0,0,0,0,0,0
22,Benjamin André,fr  FRA,MF,Rennes,27,1990,27.7,1479,1444,35,27,3,336,24,11,0,0,0,0,1019,233,227,187,1105,90,1,7,1182,10,30,39,33
23,Yoann Andreu,fr  FRA,DF,Angers,29,1989,0.0,1,0,1,0,0,0,0,0,0,0,0,0,0,0,1,0,0,0,1,0,1,0,0,0,0
24,Houssem Aouar,fr  FRA,MF,Lyon,20,1998,34.0,2069,2035,34,23,11,321,58,12,2,0,0,0,1736,191,142,159,1854,38,8,4,1801,4,21,42,47
25,Luiz Araújo,br  BRA,"FW,MF",Lille,22,1996,8.7,311,284,27,10,1,72,18,17,10,2,4,0,200,40,71,253,41,7,7,1,232,5,6,5,9
26,Alphonse Areola,fr  FRA,GK,Paris S-G,25,1993,21.0,508,350,158,24,0,37,11,0,0,0,0,0,378,15,115,36,372,0,0,96,437,0,11,1,1
27,Yoël Armougom,fr  FRA,"DF,MF",Caen,20,1998,20.6,910,724,186,6,2,128,21,49,1,0,0,0,448,167,295,629,43,47,179,1,636,0,21,18,32
28,Youcef Attal,dz  ALG,"DF,MF",Nice,22,1996,25.1,1278,1077,201,28,1,176,26,58,2,0,1,0,888,182,208,66,982,39,171,1,1027,1,17,34,39
29,Ludovic Baal,gf  GUF,DF,Rennes,32,1986,1.4,90,74,16,1,0,7,1,3,0,0,0,0,52,15,23,68,3,4,15,0,70,0,2,0,2
30,Stéphane Bahoken,cm  CMR,FW,Angers,26,1992,27.4,512,449,63,2,1,109,5,32,0,0,0,0,354,98,60,49,399,24,6,13,349,0,12,15,38
31,Florent Balmont,fr  FRA,MF,Dijon,38,1980,12.0,711,655,56,37,1,111,22,12,18,4,6,3,515,56,140,41,664,5,1,0,579,2,11,8,17
32,Abdoulaye Bamba,ci  CIV,DF,Angers,28,1990,28.6,1276,974,302,16,1,204,12,48,0,0,0,0,714,241,321,99,830,45,286,3,976,2,34,19,42
33,Jonathan Bamba,fr  FRA,"FW,MF",Lille,22,1996,33.4,1224,1158,66,20,5,267,29,39,21,0,1,0,950,142,132,140,1003,33,24,2,962,1,14,34,55
34,Yacine Bammou,ma  MAR,"FW,MF",Caen,26,1991,10.3,317,311,6,0,0,59,5,22,0,0,0,0,200,54,63,79,191,28,6,8,227,2,4,7,21
35,Danilo Barbosa,br  BRA,MF,Nice,22,1996,17.2,671,659,12,11,1,145,12,4,1,0,0,0,575,52,44,150,490,23,0,2,581,1,11,15,18
36,Antonio Barreca,it  ITA,DF,Monaco,23,1995,6.6,289,208,81,1,0,39,7,13,0,0,0,0,117,90,82,177,9,15,80,0,204,2,10,5,21
37,Toma Bašić,hr  CRO,MF,Bordeaux,21,1996,14.8,620,554,66,32,2,156,38,20,29,8,2,0,407,68,145,503,60,31,3,1,480,2,12,9,9
38,Thomas Basila,fr  FRA,DF,Nantes,19,1999,1.0,26,25,1,1,0,2,1,0,0,0,0,0,18,3,5,3,20,2,0,0,22,0,0,0,0
39,Claudio Beauvue,GPE,FW,Caen,30,1988,16.7,389,367,22,2,1,87,10,26,0,0,0,0,217,83,89,73,227,42,9,8,248,1,9,12,23
40,Hatem Ben Arfa,fr  FRA,"MF,FW",Rennes,31,1987,22.6,926,781,145,46,7,229,45,25,54,9,2,2,713,102,111,768,128,10,17,2,747,6,21,12,27
41,Diego Benaglio,ch  SUI,GK,Monaco,34,1983,22.9,618,398,220,61,0,33,10,0,0,0,0,0,351,31,236,39,445,0,0,105,459,1,18,0,2
42,Nicolas Benezet,fr  FRA,"MF,FW",Guingamp,27,1991,18.5,911,783,128,40,1,186,24,57,66,1,1,0,551,166,194,281,565,39,14,3,624,3,30,30,40
43,Walter Benítez,ar  ARG,GK,Nice,25,1993,35.0,1143,751,392,86,0,79,22,0,0,0,0,0,679,70,394,88,819,0,0,199,895,3,18,6,2
44,Yassine Benrahou,fr  FRA,"MF,DF",Bordeaux,19,1999,2.0,111,100,11,3,0,15,2,5,8,5,3,0,77,14,20,87,21,3,0,0,81,0,3,2,5
45,Ramy Bensebaini,dz  ALG,DF,Rennes,23,1995,23.9,1267,1039,228,27,0,235,32,29,0,0,0,0,770,200,297,767,213,57,201,6,991,4,35,22,45
46,Yassine Benzia,dz  ALG,MF,Lille,23,1994,1.8,100,98,2,1,0,18,5,2,0,0,0,0,71,15,14,12,86,2,0,0,81,0,2,0,2
47,Robert Berić,si  SVN,FW,Saint-Étienne,27,1991,13.1,194,172,22,0,1,41,0,5,0,0,0,0,129,31,34,19,137,17,1,7,137,0,2,7,9
48,Paul Bernardoni,fr  FRA,GK,Nîmes,21,1997,38.0,1113,663,450,160,0,50,24,0,0,0,0,0,355,39,719,743,143,2,0,162,627,3,47,1,6
49,Juan Bernat,es  ESP,"DF,MF",Paris S-G,25,1993,20.4,1202,1082,120,19,2,210,11,47,5,2,0,1,961,158,83,1037,39,20,96,2,1063,4,9,14,25
50,Antoine Bernede,fr  FRA,MF,Paris S-G,19,1999,1.9,166,165,1,0,0,26,1,0,0,0,0,0,158,4,4,34,129,2,1,0,158,0,2,0,0
51,Dimitry Bertaud,fr  FRA,GK,Montpellier,20,1998,1.0,36,18,18,5,0,2,1,0,0,0,0,0,7,2,27,0,31,0,0,3,18,0,1,0,1
52,Giulian Biancone,fr  FRA,DF,Monaco,18,2000,1.0,48,37,11,1,0,9,1,1,0,0,0,0,23,11,14,6,28,2,10,1,35,0,0,0,1
53,Ludovic Blas,fr  FRA,"MF,FW",Guingamp,20,1997,26.4,939,929,10,4,5,217,35,19,0,0,0,0,639,111,189,732,109,67,3,2,716,3,21,17,30
54,Alexis Blin,fr  FRA,MF,Amiens,21,1996,22.1,928,911,17,14,0,139,13,2,0,0,0,0,647,135,146,97,717,80,2,6,761,5,15,16,22
55,Antonin Bobichon,fr  FRA,MF,Nîmes,22,1995,23.9,891,823,68,30,3,200,26,14,29,1,3,2,630,108,153,51,782,35,8,1,729,1,13,17,11
56,Yann Bodiger,fr  FRA,MF,Toulouse,23,1995,0.1,13,12,1,1,0,0,0,0,0,0,0,0,10,1,2,9,3,1,0,0,9,0,0,1,0
57,Mathieu Bodmer,fr  FRA,"MF,FW",Amiens,35,1982,11.9,636,606,30,15,2,126,8,7,0,0,0,0,405,101,130,88,461,57,3,2,446,4,16,17,22
58,Sacha Boey,fr  FRA,"DF,MF",Rennes,17,2000,0.2,2,2,0,0,0,0,0,0,0,0,0,0,0,0,2,0,1,1,0,0,1,0,0,0,0
59,Olivier Boscagli,fr  FRA,"DF,MF",Nice,20,1997,9.6,648,557,91,15,1,71,26,18,9,4,5,0,393,98,157,457,95,21,67,0,503,3,18,12,9
60,Gabriel Boschilia,br  BRA,"FW,MF",Nantes,22,1996,14.7,554,483,71,18,1,111,21,15,45,2,1,1,404,56,94,392,127,22,7,5,422,2,9,15,15
61,John Bostock,tt  TRI,MF,Toulouse,26,1992,10.9,606,560,46,33,0,76,18,5,13,0,0,0,454,53,99,527,41,31,0,0,508,1,9,9,9
62,Denis Bouanga,ga  GAB,"FW,MF",Nîmes,23,1994,29.3,678,655,23,2,3,151,21,50,1,0,0,0,452,108,118,97,511,39,13,2,456,1,20,21,24
63,Zacharie Boucher,fr  FRA,GK,Angers,26,1992,2.0,54,30,24,7,0,1,2,0,0,0,0,0,18,3,33,1,38,0,0,9,30,0,2,0,0
64,Arnold Bouka Moutou,cg  CGO,"DF,FW",Dijon,29,1988,0.7,28,22,6,2,0,2,1,2,0,0,0,0,18,3,7,21,3,0,4,0,20,0,0,1,1
65,Benjamin Bourigeaud,fr  FRA,"MF,FW",Rennes,24,1994,26.9,1227,1115,112,39,4,232,72,58,52,9,2,1,806,149,272,152,997,45,20,5,922,4,24,31,38
66,Bilal Boutobba,fr  FRA,MF,Montpellier,19,1998,0.4,13,11,2,1,0,2,0,2,0,0,0,0,10,1,2,7,6,0,0,0,11,0,0,0,0
67,Umut Bozok,tr  TUR,FW,Nîmes,21,1996,13.7,301,275,26,0,2,67,4,5,0,0,0,0,231,41,29,56,215,12,1,4,223,1,9,7,17
68,Pedro Brazão,pt  POR,"FW,DF",Nice,15,2002,0.2,5,5,0,0,0,0,0,0,0,0,0,0,5,0,0,3,2,0,0,0,5,0,0,0,0
69,Anthony Briançon,fr  FRA,DF,Nîmes,23,1994,32.5,1263,1175,88,86,1,127,70,2,0,0,0,0,856,111,296,72,1070,95,2,5,1042,1,29,10,13
70,Jimmy Briand,fr  FRA,FW,Bordeaux,32,1985,27.7,713,648,65,6,8,157,7,12,1,0,0,0,517,133,63,96,542,34,6,19,521,2,12,28,31
71,Gianluigi Buffon,it  ITA,GK,Paris S-G,40,1978,17.0,402,274,128,25,0,19,4,0,0,0,0,0,307,31,64,26,296,1,0,75,367,1,3,1,1
72,Patrick Burner,fr  FRA,DF,Nice,22,1996,15.0,742,609,133,15,1,112,9,22,1,0,0,0,497,142,103,33,575,12,117,0,629,1,11,10,16
73,Ludovic Butelle,fr  FRA,GK,Angers,35,1983,36.0,971,563,408,131,0,50,28,0,0,0,0,0,312,56,603,554,183,0,0,170,607,4,29,3,0
74,Rémy Cabella,fr  FRA,"MF,FW",Saint-Étienne,28,1990,33.3,2100,2011,89,39,9,404,30,65,19,0,0,0,1665,241,194,307,1721,36,12,12,1757,6,35,48,41
75,Anthony Caci,fr  FRA,DF,Strasbourg,21,1997,25.5,1414,1240,174,16,1,250,59,27,2,0,0,0,908,230,276,350,831,54,156,8,1153,1,29,27,34
76,Mathieu Cafaro,fr  FRA,"FW,MF",Reims,21,1997,23.3,747,639,108,38,5,138,50,64,59,10,12,5,404,113,230,74,622,35,6,3,456,5,18,15,34
77,Yannick Cahuzac,fr  FRA,"MF,DF",Toulouse,33,1985,15.9,547,527,20,13,0,87,3,1,0,0,0,0,326,111,110,26,418,73,6,11,448,0,15,7,10
78,Marc-Aurèle Caillard,fr  FRA,GK,Guingamp,24,1994,21.0,548,309,239,66,0,32,14,0,0,0,0,0,137,21,390,16,410,1,0,66,292,4,31,0,4
79,Duje Ćaleta-Car,hr  CRO,DF,Marseille,21,1996,17.2,806,787,19,17,1,119,31,1,0,0,0,0,581,70,155,195,526,51,2,5,696,2,16,2,7
80,Mahdi Camara,fr  FRA,FW,Saint-Étienne,20,1998,0.1,1,1,0,0,0,0,0,0,0,0,0,0,1,0,0,0,1,0,0,0,1,0,0,0,0
81,Souleymane Camara,sn  SEN,"FW,MF",Montpellier,35,1982,1.5,53,50,3,0,0,14,0,1,0,0,0,0,37,11,5,13,31,2,1,1,36,0,0,1,5
82,Eduardo Camavinga,fr  FRA,MF,Rennes,15,2002,4.0,143,141,2,2,0,28,2,0,0,0,0,0,109,20,14,116,20,5,0,0,122,1,1,2,3
83,Pierrick Capelle,fr  FRA,"MF,DF",Angers,31,1987,20.5,959,840,119,22,1,152,22,36,19,0,0,0,654,122,183,732,96,36,78,2,763,3,10,14,27
84,Yoan Cardinale,fr  FRA,GK,Nice,24,1994,3.0,63,55,8,1,0,6,1,0,0,0,0,0,61,1,1,1,45,0,0,17,62,0,0,0,0
85,Diego Carlos,br  BRA,DF,Nantes,25,1993,35.0,1679,1604,75,66,3,227,75,3,0,0,0,0,1167,128,384,154,1398,92,9,5,1389,12,42,9,16
86,Louis Carnot,fr  FRA,MF,Guingamp,17,2001,0.1,4,3,1,1,0,1,0,0,0,0,0,0,2,1,1,2,2,0,0,0,3,0,0,0,1
87,Lionel Carole,fr  FRA,"DF,MF",Strasbourg,27,1991,19.2,1043,846,197,18,1,168,20,42,0,0,0,0,616,241,186,719,77,51,179,4,815,1,17,16,45
88,Moreto Cassamã,gw  GNB,MF,Reims,20,1998,0.7,48,48,0,0,0,6,1,0,0,0,0,0,41,2,5,2,44,1,0,1,41,0,2,2,2
89,Edinson Cavani,uy  URU,FW,Paris S-G,31,1987,18.6,364,338,26,1,0,59,3,10,1,0,0,0,283,60,21,75,274,7,3,4,276,2,6,14,14
90,Zeki Çelik,tr  TUR,DF,Lille,21,1997,33.0,1723,1355,368,15,2,260,20,70,0,0,0,0,974,334,415,117,1152,85,353,4,1294,6,36,26,70
91,Nacer Chadli,be  BEL,"MF,FW",Monaco,28,1989,7.7,330,269,61,15,0,79,12,10,22,0,3,0,215,57,58,72,209,19,24,0,262,1,6,7,8
92,Fouad Chafik,ma  MAR,DF,Dijon,31,1986,20.5,944,727,217,10,1,163,11,38,1,0,0,0,454,217,273,49,637,41,206,2,706,2,18,21,30
93,Kwon Chang-hoon,kr  KOR,"FW,MF",Dijon,24,1994,10.4,348,314,34,8,0,75,14,21,22,3,2,3,214,60,74,281,43,12,2,1,244,1,4,7,16
94,Xavier Chavalerin,fr  FRA,MF,Reims,27,1991,36.0,1519,1386,133,68,1,206,78,39,58,3,4,0,990,160,369,1227,232,39,6,4,1178,10,34,29,34
95,Pablo Chavarría,ar  ARG,FW,Reims,30,1988,21.9,417,391,26,0,0,138,5,29,0,0,0,0,231,116,70,47,264,44,0,16,256,2,9,18,21
96,Pape Cheikh Diop,sn  SEN,MF,Lyon,20,1997,5.0,233,228,5,4,0,46,5,0,0,0,0,0,203,19,11,45,179,8,1,0,211,0,1,6,5
97,Laurent Ciman,be  BEL,DF,Dijon,32,1985,8.0,568,545,23,20,0,69,24,0,0,0,0,0,414,33,121,74,454,28,3,1,495,1,12,4,7
98,Till Cissokho,fr  FRA,DF,Bordeaux,18,2000,0.9,34,33,1,1,0,7,0,0,0,0,0,0,23,1,10,30,0,3,0,0,27,0,0,0,1
99,Marcus Coco,fr  FRA,"FW,MF",Guingamp,22,1996,20.4,587,568,19,0,0,155,12,49,0,0,0,0,356,99,132,74,405,42,10,6,368,0,21,13,37
100,Racine Coly,sn  SEN,"DF,MF",Nice,22,1995,5.6,307,252,55,5,0,60,3,9,0,0,0,0,189,82,36,188,49,18,50,0,255,0,7,0,10
101,Daniel Congré,fr  FRA,DF,Montpellier,33,1985,36.6,1539,1465,74,44,1,240,38,5,0,0,0,0,1014,169,356,451,925,93,30,6,1250,1,38,25,20
102,Benjamin Corgnet,fr  FRA,"MF,FW",Strasbourg,31,1987,7.5,286,273,13,1,1,58,10,10,3,0,0,0,179,59,48,53,191,23,2,2,178,1,10,13,16
103,Andreas Cornelius,dk  DEN,FW,Bordeaux,25,1993,8.8,253,242,11,0,0,74,4,4,0,0,0,0,120,78,55,120,25,51,0,14,160,1,4,3,9
104,Maxwel Cornet,ci  CIV,FW,Lyon,21,1996,14.2,485,460,25,4,2,107,16,42,15,7,0,2,328,88,69,346,103,16,6,7,348,1,11,11,21
105,Quentin Cornette,fr  FRA,"MF,FW",Amiens,24,1994,2.3,64,58,6,5,0,15,3,3,1,0,0,0,46,7,11,3,56,3,0,1,44,0,2,3,3
106,Nuno da Costa,cv  CPV,FW,Strasbourg,27,1991,22.8,500,475,25,0,4,121,7,19,0,0,0,0,336,98,66,36,385,29,5,12,348,1,14,17,26
107,Benoît Costil,fr  FRA,GK,Bordeaux,31,1987,37.0,1150,725,425,118,0,87,44,0,0,0,0,0,479,54,617,58,915,2,1,123,792,4,24,5,3
108,Kalifa Coulibaly,ml  MLI,FW,Nantes,26,1991,19.5,443,427,16,0,4,141,7,22,1,0,0,0,196,132,115,28,254,69,3,18,252,3,22,15,18
109,Senou Coulibaly,ml  MLI,"DF,MF",Dijon,23,1994,4.6,201,201,0,0,1,25,8,0,0,0,0,0,141,16,44,8,168,20,0,0,149,0,8,2,5
110,Nicolas Cozza,fr  FRA,DF,Montpellier,19,1999,10.9,465,436,29,11,1,49,10,3,0,0,0,0,340,59,66,338,78,23,18,1,390,3,10,4,12
111,Enzo Crivelli,fr  FRA,FW,Caen,23,1995,25.1,557,511,46,1,1,145,9,7,0,0,0,0,311,136,110,49,372,49,4,19,364,2,20,17,17
112,Wylan Cyprien,fr  FRA,MF,Nice,23,1995,26.2,2020,1823,197,91,6,370,84,38,101,5,4,0,1591,137,292,389,1585,29,5,6,1688,3,31,30,29
113,Damien Da Silva,fr  FRA,DF,Rennes,30,1988,31.9,1424,1382,42,39,0,192,27,2,0,0,0,0,1096,102,226,24,1279,87,3,3,1247,3,28,5,17
114,Kouadio-Yves Dabila,ci  CIV,DF,Lille,21,1997,8.7,386,371,15,15,0,35,11,0,0,0,0,0,301,18,67,33,332,20,0,1,325,2,10,1,4
115,Abdoulaye Dabo,fr  FRA,FW,Nantes,17,2001,1.3,32,31,1,0,0,12,0,1,0,0,0,0,20,4,8,20,7,4,1,0,26,0,1,1,0
116,Colin Dagba,fr  FRA,DF,Paris S-G,19,1998,10.2,647,585,62,3,1,115,1,22,0,0,0,0,529,59,59,83,495,7,59,2,596,1,4,3,11
117,Dante,br  BRA,DF,Nice,34,1983,35.8,2352,2293,59,56,2,236,72,4,0,0,0,0,1971,129,252,1818,443,65,3,6,2147,4,34,11,9
118,Lucas Deaux,fr  FRA,MF,Guingamp,29,1988,13.2,533,522,11,7,1,111,15,14,0,0,0,0,304,114,115,83,379,45,4,4,371,2,9,14,18
119,Mathieu Debuchy,fr  FRA,DF,Saint-Étienne,33,1985,21.6,1165,915,250,16,2,175,26,67,0,0,0,0,557,325,283,26,792,71,234,2,861,3,26,19,48
120,Romain Del Castillo,fr  FRA,"FW,MF",Rennes,22,1996,14.9,560,531,29,1,3,152,11,47,13,3,0,0,400,81,79,378,124,28,15,1,380,1,13,10,37
121,Andy Delort,dz  ALG,FW,Montpellier,26,1991,34.6,1197,1121,76,8,5,309,64,116,12,2,2,1,541,283,373,72,866,98,11,65,694,5,41,25,91
122,Moussa Dembélé,fr  FRA,FW,Lyon,22,1996,22.4,435,388,47,1,0,78,4,13,0,0,0,0,295,93,47,73,306,25,4,11,324,7,3,16,23
123,Jessy Deminguet,fr  FRA,"MF,FW",Caen,20,1998,14.1,468,449,19,11,0,81,27,6,4,0,2,0,360,39,69,370,69,18,3,1,379,1,9,9,15
124,Jason Denayer,be  BEL,DF,Lyon,23,1995,30.6,1947,1891,56,52,1,173,13,2,0,0,0,0,1710,131,106,101,1741,80,4,7,1840,3,11,16,10
125,Memphis Depay,nl  NED,"FW,MF",Lyon,24,1994,30.4,1491,1251,240,48,19,239,105,78,148,11,10,3,1002,178,311,191,1248,26,16,5,1093,16,40,37,58
126,Clément Depres,fr  FRA,FW,Nîmes,23,1994,4.9,166,161,5,0,0,51,3,2,0,0,0,0,96,32,38,10,106,22,0,1,114,1,13,2,4
127,Ángel Di María,ar  ARG,"FW,MF",Paris S-G,30,1988,25.8,1457,1321,136,41,30,267,53,89,71,10,3,1,1029,173,255,1312,99,23,18,5,1068,8,37,41,60
128,Boulaye Dia,sn  SEN,FW,Reims,21,1996,8.3,158,148,10,0,1,48,1,3,0,0,0,0,106,36,16,28,103,13,0,3,109,0,5,2,8
129,Moussa Diaby,fr  FRA,"MF,FW",Paris S-G,19,1999,12.7,579,553,26,0,7,111,6,28,4,0,0,0,483,61,35,412,139,4,22,1,464,2,12,13,32
130,Bafodé Diakité,fr  FRA,DF,Toulouse,17,2001,7.0,345,270,75,4,0,69,6,4,0,0,0,0,189,73,83,62,179,22,71,1,271,1,8,2,6
131,Abdoulaye Diallo,sn  SEN,GK,Rennes,26,1992,5.5,147,98,49,14,0,14,5,0,0,0,0,0,79,8,60,10,107,0,0,23,106,0,3,0,0
132,Mustapha Diallo,sn  SEN,MF,Nîmes,32,1986,5.1,173,171,2,2,0,27,1,2,0,0,0,0,90,42,41,8,107,45,0,3,116,1,7,5,8
133,Lassana Diarra,fr  FRA,MF,Paris S-G,33,1985,1.8,147,147,0,0,0,17,3,0,0,0,0,0,132,7,8,11,131,3,0,1,131,0,2,1,1
134,Bakaye Dibassy,ml  MLI,DF,Amiens,28,1989,32.7,1442,1270,172,22,1,229,21,40,0,0,0,0,904,214,324,1006,196,59,150,2,1097,3,40,34,35
135,Étienne Didot,fr  FRA,MF,Guingamp,35,1983,23.4,1232,1146,86,64,1,181,66,21,17,2,0,0,682,182,368,182,900,123,5,4,927,4,45,22,31
136,Tristan Dingomé,cm  CMR,MF,Reims,27,1991,14.9,605,589,16,3,3,117,13,10,1,0,0,0,413,113,79,507,81,10,3,1,474,3,20,13,17
137,Ismaël Diomandé,ci  CIV,"MF,DF",Caen,25,1992,14.4,594,578,16,16,0,128,29,3,0,0,0,0,439,49,106,22,544,20,0,4,499,0,17,4,8
138,Lois Diony,fr  FRA,FW,Saint-Étienne,25,1992,17.7,339,328,11,1,1,105,5,28,0,0,0,0,236,60,43,53,244,22,1,1,220,1,8,11,28
139,Sofiane Diop,fr  FRA,"MF,FW",Monaco,18,2000,8.2,235,224,11,1,1,57,10,12,4,0,0,0,170,34,31,46,170,10,5,0,163,1,8,7,17
140,Assane Dioussé,sn  SEN,MF,Saint-Étienne,20,1997,2.4,139,136,3,3,0,19,3,2,0,0,0,0,110,16,13,115,16,6,0,0,120,0,3,3,1
141,Axel Disasi,fr  FRA,DF,Reims,20,1998,1.8,69,66,3,0,0,13,2,0,0,0,0,0,52,9,8,26,33,4,3,0,52,0,2,3,1
142,Koffi Djidji,ci  CIV,DF,Nantes,25,1992,1.0,50,49,1,1,0,3,4,0,0,0,0,0,36,2,12,1,48,1,0,0,44,0,2,0,1
143,Alexander Djiku,gh  GHA,DF,Caen,23,1994,30.6,1375,1316,59,47,1,186,52,0,0,0,0,0,950,148,277,257,971,105,8,1,1158,3,36,12,14
144,Papy Djilobodji,sn  SEN,"DF,FW",Guingamp,29,1988,1.9,83,78,5,5,0,16,5,1,0,0,0,0,42,9,32,59,12,6,0,0,56,1,7,1,0
145,Keagan Dolly,za  RSA,FW,Montpellier,25,1993,1.0,41,34,7,4,0,7,3,1,3,0,0,0,26,6,9,37,3,0,0,1,34,0,0,0,2
146,Gabriel Dos Santos,br  BRA,DF,Lille,20,1997,11.8,617,589,28,25,1,72,11,0,0,0,0,0,486,37,94,546,46,17,1,1,541,1,11,5,5
147,Mathieu Dossevi,tg  TOG,"FW,MF",Toulouse,30,1988,27.4,931,841,90,24,1,196,44,113,47,7,12,1,562,138,231,66,814,31,11,4,618,4,16,24,46
148,Moussa Doumbia,ml  MLI,"FW,MF",Reims,23,1994,17.8,653,631,22,5,3,142,22,29,7,1,1,0,475,93,85,114,489,33,6,4,503,4,16,7,19
149,Souleyman Doumbia,ci  CIV,DF,Rennes,21,1996,6.7,356,293,63,7,1,45,5,5,0,0,0,0,248,67,41,255,32,7,56,1,311,0,10,5,4
150,Julian Draxler,de  GER,"MF,FW",Paris S-G,24,1993,22.7,1610,1546,64,15,11,376,33,22,34,1,3,0,1390,123,97,183,1384,15,13,4,1421,7,12,32,33
151,Leo Dubois,fr  FRA,DF,Lyon,23,1994,22.7,1494,1277,217,17,0,219,22,78,2,0,1,0,981,287,226,191,1025,62,198,1,1247,7,22,30,45
152,Maxime Dupé,fr  FRA,GK,Nantes,25,1993,10.4,301,174,127,36,0,20,3,0,0,0,0,0,91,11,199,26,222,0,0,38,172,3,7,0,0
153,Jimmy Durmaz,se  SWE,"MF,FW",Toulouse,29,1989,21.1,1217,1080,137,60,2,226,43,40,47,10,9,2,786,185,246,898,248,40,23,5,896,8,33,27,38
154,Félix Eboa Eboa,cm  CMR,DF,Guingamp,21,1997,27.0,1005,947,58,19,0,145,20,10,0,0,0,0,606,127,272,157,640,125,39,1,777,4,32,10,22
155,Björn Engels,be  BEL,DF,Reims,23,1994,33.0,1267,1220,47,46,0,137,57,4,0,0,0,0,916,131,220,66,1072,91,1,8,1081,2,17,14,5
156,Lucas Evangelista,br  BRA,"FW,MF",Nantes,23,1995,8.0,313,310,3,2,0,72,11,17,0,0,0,0,218,35,60,244,30,26,0,1,228,0,6,10,10
157,Valentin Eysseric,fr  FRA,"MF,FW",Nantes,26,1992,2.3,110,85,25,9,0,34,5,4,10,0,1,1,65,20,25,18,89,2,1,0,76,0,4,2,4
158,Fábio,br  BRA,DF,Nantes,28,1990,14.2,635,488,147,17,1,105,20,32,0,0,0,0,323,144,168,79,378,34,130,4,482,2,15,14,13
159,Cesc Fàbregas,es  ESP,MF,Monaco,31,1987,10.7,752,671,81,46,2,153,34,5,29,5,4,1,497,124,131,68,653,20,6,2,620,2,14,15,10
160,Romain Faivre,fr  FRA,"MF,FW",Monaco,20,1998,1.0,43,43,0,0,1,8,0,0,0,0,0,0,31,7,5,38,2,3,0,0,35,0,1,0,0
161,Fayçal Fajr,ma  MAR,MF,Caen,29,1988,36.0,2097,1776,321,203,5,386,221,64,101,7,12,3,1140,259,698,145,1867,57,11,8,1596,6,54,31,37
162,Radamel Falcao,co  COL,FW,Monaco,32,1986,28.4,657,585,72,3,2,169,6,7,0,0,0,0,439,134,84,118,434,45,5,20,510,3,8,10,26
163,Nabil Fekir,fr  FRA,MF,Lyon,25,1993,22.1,1088,984,104,44,7,220,48,38,52,10,6,4,858,68,162,930,125,18,5,2,893,3,13,30,19
164,Yassin Fekir,fr  FRA,FW,Lyon,21,1997,0.1,17,17,0,0,0,0,1,1,0,0,0,0,16,0,1,2,15,0,0,0,14,0,0,1,0
165,Juan Ferney Otero,co  COL,"FW,MF",Amiens,23,1995,24.2,758,716,42,14,0,186,20,61,15,1,0,0,509,102,147,84,578,56,8,6,530,1,30,11,44
166,Wesley Fofana,fr  FRA,DF,Saint-Étienne,17,2000,1.8,80,69,11,4,0,3,1,1,0,0,0,0,62,5,13,1,72,0,7,0,70,0,0,1,0
167,Youssouf Fofana,fr  FRA,MF,Strasbourg,19,1999,10.1,351,339,12,5,0,91,12,4,0,0,0,0,256,61,34,60,270,10,7,1,277,3,3,4,10
168,Thomas Foket,be  BEL,DF,Reims,23,1994,32.0,1429,1096,333,14,2,208,17,32,0,0,0,0,733,340,356,109,905,84,319,3,1085,3,27,25,40
169,Thomas Fontaine,mg  MAD,"DF,MF",Reims,27,1991,4.7,198,193,5,5,0,37,14,0,0,0,0,0,150,15,33,141,41,13,0,1,166,0,5,1,3
170,José Fonte,pt  POR,DF,Lille,34,1983,34.6,2172,2078,94,84,1,246,52,3,0,0,0,0,1755,135,282,215,1806,95,10,8,1921,2,37,16,22
171,Rui Fonte,pt  POR,FW,Lille,28,1990,7.0,190,176,14,2,0,41,4,3,0,0,0,0,122,31,37,18,134,14,1,5,151,0,2,0,4
172,Steven Fortes,cv  CPV,DF,Toulouse,26,1992,1.5,55,53,2,2,0,7,0,0,0,0,0,0,43,4,8,4,44,5,0,0,45,0,3,1,0
173,Angelo Fulgini,fr  FRA,"MF,FW",Angers,21,1996,18.2,785,726,59,27,9,177,25,18,24,2,4,1,570,97,118,88,650,25,8,2,595,4,14,21,28
174,Milan Gajić,rs  SRB,DF,Bordeaux,22,1996,1.0,47,35,12,0,0,10,0,3,0,0,0,0,25,16,6,13,18,2,12,0,38,0,1,0,2
175,Ignatius Ganago,cm  CMR,FW,Nice,19,1999,11.5,224,208,16,1,0,50,0,6,0,0,0,0,186,21,17,30,179,7,0,1,176,0,4,7,7
176,Ganso,br  BRA,"MF,FW",Amiens,28,1989,5.8,329,288,41,24,1,70,6,5,6,0,0,0,256,36,37,262,43,8,9,4,282,2,2,4,9
177,Manu García,es  ESP,MF,Toulouse,20,1998,20.5,950,934,16,9,5,201,22,7,3,0,0,1,735,105,110,132,790,20,1,5,748,5,12,27,24
178,Jérémy Gélin,fr  FRA,"DF,MF",Rennes,21,1997,14.2,813,790,23,21,2,80,33,1,1,0,0,0,612,66,135,53,706,46,1,3,703,1,18,9,10
179,Romain Genevois,ht  HAI,DF,Caen,30,1987,4.0,164,146,18,2,1,22,5,3,0,0,0,0,90,30,44,24,114,9,16,0,127,0,7,2,4
180,Valère Germain,fr  FRA,FW,Marseille,28,1990,24.1,605,570,35,4,2,171,6,17,0,0,0,0,356,149,100,60,420,58,7,6,468,0,11,8,28
181,Willem Geubbels,fr  FRA,MF,Monaco,16,2001,0.1,4,4,0,0,0,1,0,0,0,0,0,0,4,0,0,2,2,0,0,0,3,0,0,1,0
182,Lamine Ghezali,fr  FRA,"FW,MF",Saint-Étienne,19,1999,0.5,26,25,1,0,0,3,0,2,0,0,0,0,15,5,6,3,21,1,1,0,17,1,1,1,3
183,Saman Ghoddos,ir  IRN,"FW,MF",Amiens,24,1993,20.3,610,486,124,40,1,114,24,35,63,5,8,3,350,94,166,38,519,25,12,6,401,4,11,15,22
184,Andrei Girotto,br  BRA,MF,Nantes,26,1992,16.4,814,789,25,23,0,162,27,7,1,0,0,0,527,128,159,66,646,68,1,6,636,0,17,14,20
185,Kamil Glik,pl  POL,DF,Monaco,30,1988,33.0,1606,1546,60,57,0,170,57,2,0,0,0,0,1158,127,321,233,1225,101,3,9,1356,3,32,9,9
186,Eddy Gnahoré,fr  FRA,MF,Amiens,24,1993,24.9,1157,1116,41,31,2,250,24,6,1,0,0,0,982,111,64,73,1026,27,8,5,1028,2,12,17,19
187,Mauro Goicoechea,uy  URU,GK,Toulouse,30,1988,7.9,254,152,102,30,0,9,3,0,0,0,0,0,105,11,138,18,179,0,0,37,163,0,6,0,0
188,Aleksandr Golovin,ru  RUS,"MF,FW",Monaco,22,1996,25.4,1139,1100,39,16,4,284,27,54,18,8,3,1,821,170,148,187,896,35,4,9,890,8,20,20,24
189,Anthony Gonçalves,fr  FRA,"MF,FW",Strasbourg,32,1986,11.8,499,452,47,4,1,92,18,50,2,0,0,0,268,101,130,59,368,21,40,4,341,1,17,7,26
190,Mathieu Gorgelin,fr  FRA,GK,Lyon,27,1990,4.0,100,72,28,5,0,8,3,0,0,0,0,0,74,8,18,64,14,1,0,21,90,0,1,0,0
191,Prince-Désir Gouano,fr  FRA,DF,Amiens,24,1993,29.1,1061,1039,22,21,0,123,37,0,0,0,0,0,730,95,236,85,866,73,1,1,872,1,26,3,13
192,Yoann Gourcuff,fr  FRA,"MF,FW",Dijon,32,1986,1.5,85,79,6,1,0,9,1,2,4,0,0,0,66,5,14,22,60,2,1,0,66,1,0,1,5
193,Max Gradel,ci  CIV,"FW,MF",Toulouse,30,1987,36.0,1297,1162,135,39,4,287,36,96,36,7,2,1,801,226,270,354,855,32,23,6,891,9,30,29,66
194,Jonathan Gradit,fr  FRA,DF,Caen,25,1992,22.3,931,845,86,10,2,133,16,13,0,0,0,0,624,130,177,36,752,50,76,2,765,4,14,11,12
195,Clément Grenier,fr  FRA,MF,Rennes,27,1991,29.6,1802,1644,158,83,5,276,92,43,68,10,6,3,1226,195,381,223,1485,76,5,10,1410,3,39,30,31
196,Jérémy Grimm,fr  FRA,MF,Strasbourg,31,1987,1.9,77,76,1,1,0,16,4,1,0,0,0,0,61,8,8,32,39,4,0,0,66,0,1,3,1
197,Metehan Güçlü,tr  TUR,FW,Paris S-G,19,1999,0.2,4,4,0,0,0,0,0,0,0,0,0,0,3,1,0,4,0,0,0,0,4,0,0,0,0
198,Makhtar Gueye,sn  SEN,"FW,MF",Saint-Étienne,20,1997,0.6,17,16,1,0,0,4,0,0,0,0,0,0,8,5,4,0,10,3,0,1,9,0,0,0,1
199,Frederic Guilbert,fr  FRA,DF,Caen,23,1994,32.4,1431,1161,270,20,0,216,55,62,1,0,0,0,685,258,488,157,866,122,249,8,1012,6,43,25,43
200,Baptiste Guillaume,be  BEL,FW,Nîmes,23,1995,13.1,276,257,19,0,0,91,2,5,0,0,0,0,154,76,46,28,153,44,0,3,185,1,6,5,13
201,Sehrou Guirassy,fr  FRA,FW,Amiens,22,1996,12.3,340,336,4,1,2,121,4,5,0,0,0,0,155,114,71,31,197,49,0,11,222,1,8,8,9
202,Régis Gurtner,fr  FRA,GK,Amiens,31,1986,38.0,1149,659,490,168,0,49,33,0,0,0,0,0,290,38,821,23,916,0,0,87,616,3,59,0,3
203,Luiz Gustavo,br  BRA,"MF,DF",Marseille,31,1987,27.1,1438,1404,34,34,3,197,23,5,0,0,0,0,1184,105,149,1032,349,49,0,5,1277,1,23,14,15
204,Oussama Haddadi,tn  TUN,"DF,MF",Dijon,26,1992,29.7,1621,1313,308,18,1,280,52,103,1,0,0,0,844,319,458,1091,127,91,289,8,1190,3,28,25,63
205,Oualid El Hajjam,ma  MAR,"DF,MF",Amiens,27,1991,6.0,287,231,56,3,0,38,3,13,0,0,0,0,134,52,101,28,180,19,53,2,199,0,7,3,11
206,Romain Hamouma,fr  FRA,"FW,MF",Saint-Étienne,31,1987,17.6,590,537,53,6,2,146,15,56,32,2,8,4,379,107,104,57,479,23,7,6,410,1,8,9,34
207,Féthi Harek,dz  ALG,DF,Nîmes,35,1982,2.0,63,61,2,2,0,6,5,0,0,0,0,0,36,12,15,44,10,6,0,0,47,0,0,3,1
208,Benjamin Henrichs,de  GER,"DF,MF",Monaco,21,1997,20.3,1062,877,185,19,1,215,18,41,2,0,1,0,646,195,221,267,573,44,164,3,778,5,18,35,38
209,Christophe Hérelle,mq  MTQ,DF,Nice,25,1992,32.6,2147,2076,71,62,0,201,45,5,0,0,0,0,1795,116,236,229,1817,60,9,4,1911,1,48,16,22
210,Vitorino Hilton,br  BRA,DF,Montpellier,40,1977,35.9,1462,1393,69,58,2,194,86,1,0,0,0,0,864,157,441,401,919,100,11,6,1210,4,38,17,9
211,Tomáš Hubočan,sk  SVK,DF,Marseille,32,1985,0.8,27,18,9,0,0,3,1,0,0,0,0,0,10,1,16,0,17,0,9,0,20,0,1,0,0
212,Adrien Hunou,fr  FRA,"FW,MF",Rennes,24,1994,13.8,302,277,25,0,0,79,2,8,0,0,0,0,234,43,25,15,259,15,8,0,234,1,9,9,12
213,Suk Hyun-jun,kr  KOR,FW,Reims,27,1991,8.8,177,171,6,0,0,65,2,8,0,0,0,0,64,50,63,22,65,44,0,3,88,1,8,2,10
214,Didier Ibrahim Ndong,ga  GAB,MF,Guingamp,24,1994,8.3,336,332,4,2,1,61,7,4,0,0,0,0,256,42,38,59,251,12,2,0,277,0,5,3,10
215,Jordan Ikoko,cd  COD,DF,Guingamp,24,1994,19.0,803,586,217,13,0,126,13,34,0,0,0,0,411,166,226,85,475,30,204,4,596,1,11,28,25
216,Jonathan Ikone,fr  FRA,"MF,FW",Lille,20,1998,31.1,943,928,15,7,7,226,22,29,1,0,0,0,781,91,71,822,83,20,6,3,709,2,17,34,55
217,Emmanuel Imorou,bj  BEN,DF,Caen,29,1988,12.4,596,453,143,2,0,102,6,17,0,0,0,0,303,114,179,393,19,32,141,1,428,1,16,12,18
218,Wilson Isidor,fr  FRA,FW,Monaco,17,2000,0.5,10,10,0,0,0,2,0,1,0,0,0,0,7,2,1,1,8,1,0,0,4,0,0,0,4
219,Christophe Jallet,fr  FRA,"DF,MF",Nice,34,1983,9.8,608,536,72,6,0,78,11,17,0,0,0,0,420,105,83,93,426,18,66,2,514,3,12,9,13
220,Nicolas Janvier,fr  FRA,MF,Rennes,19,1998,0.0,2,2,0,0,0,0,0,0,0,0,0,0,2,0,0,0,2,0,0,0,2,0,0,0,0
221,Assil Jaziri,tn  TUN,"FW,MF",Nice,18,1999,0.4,25,24,1,0,0,4,2,2,1,1,0,0,20,2,3,6,19,0,0,0,18,0,1,0,1
222,Corentin Jean,fr  FRA,"FW,MF",Toulouse,23,1995,7.0,212,197,15,3,1,67,4,16,8,0,0,0,134,31,47,41,145,16,0,1,145,2,6,2,10
223,Benjamin Jeannot,fr  FRA,FW,Dijon,26,1992,16.0,437,410,27,1,1,110,3,9,0,0,0,0,264,88,85,70,284,28,7,5,306,2,13,6,24
224,Jemerson,br  BRA,"DF,MF",Monaco,25,1992,24.7,1061,1018,43,40,0,125,33,0,0,0,0,0,786,105,170,267,703,59,3,3,925,3,27,5,11
225,Jakob Johansson,se  SWE,MF,Rennes,28,1990,7.9,386,377,9,9,1,81,11,1,0,0,0,0,289,41,56,30,321,23,0,2,340,2,4,7,5
226,Karl-Johan Johnsson,se  SWE,GK,Guingamp,28,1990,17.0,480,298,182,54,0,38,19,0,0,0,0,0,107,30,343,26,359,0,0,58,268,2,16,4,2
227,Evens Joseph,fr  FRA,"FW,MF",Caen,19,1999,3.6,58,57,1,0,0,21,1,1,0,0,0,0,51,5,2,8,49,0,1,0,45,0,1,1,3
228,Vukašin Jovanović,rs  SRB,DF,Bordeaux,22,1996,15.3,788,766,22,22,0,123,42,0,0,0,0,0,583,75,130,142,591,46,0,0,680,1,16,7,7
229,Stevan Jovetić,me  MNE,"MF,FW",Monaco,28,1989,4.4,122,118,4,1,1,29,4,3,0,0,0,0,71,22,29,10,93,11,2,2,84,1,2,3,5
230,Nathaël Julan,fr  FRA,"FW,MF",Guingamp,22,1996,4.8,122,113,9,0,0,29,0,2,0,0,0,0,63,28,31,15,62,23,0,1,75,0,5,2,7
231,Christopher Jullien,fr  FRA,DF,Toulouse,25,1993,33.5,1459,1414,45,39,0,207,47,4,0,0,0,0,997,157,305,411,869,101,6,7,1227,3,36,22,12
232,Sory Kaba,gn  GUI,"FW,MF",Dijon,23,1995,2.6,72,69,3,0,1,27,2,0,0,0,0,0,37,18,17,4,46,8,0,2,51,1,2,0,4
233,Samuel Kalu,ng  NGA,FW,Bordeaux,20,1997,14.2,563,495,68,20,1,114,34,38,43,1,0,0,350,71,142,69,460,14,5,2,367,3,9,26,28
234,François Kamano,gn  GUI,"FW,MF",Bordeaux,22,1996,28.5,926,895,31,9,2,247,24,33,11,0,0,0,731,103,92,82,806,19,10,6,732,4,9,31,41
235,Boubacar Kamara,fr  FRA,DF,Marseille,18,1999,26.8,1426,1351,75,49,0,184,25,5,0,0,0,0,1047,139,240,189,1108,70,26,5,1221,4,15,11,22
236,Hassane Kamara,ci  CIV,"DF,FW",Reims,23,1994,10.3,467,384,83,5,0,81,10,10,0,0,0,0,289,75,103,336,36,14,78,0,363,3,12,10,15
237,Wilfried Kanga,fr  FRA,FW,Angers,20,1998,5.5,91,87,4,0,0,23,1,5,0,0,0,0,57,20,14,20,52,9,0,4,63,0,2,1,1
238,Yann Karamoh,fr  FRA,"FW,MF",Bordeaux,20,1998,13.6,549,495,54,16,2,108,24,37,28,2,2,0,394,59,96,57,475,7,7,2,395,2,9,13,24
239,Eiji Kawashima,jp  JPN,GK,Strasbourg,35,1983,1.0,40,22,18,3,0,0,1,0,0,0,0,0,10,1,29,0,31,0,0,7,25,0,2,0,0
240,Thilo Kehrer,de  GER,DF,Paris S-G,21,1996,21.1,1390,1324,66,20,2,218,16,8,0,0,0,0,1175,131,84,426,838,52,46,2,1278,1,11,13,12
241,Jules Keita,gn  GUI,"FW,MF",Dijon,20,1998,5.1,137,131,6,2,2,35,6,5,1,0,0,0,115,18,4,17,114,2,3,1,107,1,2,6,3
242,Christophe Kerbrat,fr  FRA,DF,Guingamp,31,1986,23.3,860,803,57,56,0,73,35,3,0,0,0,0,514,91,255,72,680,96,1,3,652,2,40,18,12
243,Saîf-Eddine Khaoui,tn  TUN,"MF,FW",Caen,23,1995,15.0,475,446,29,13,0,92,11,11,9,1,1,0,322,63,90,379,68,17,2,1,327,4,9,11,22
244,Wahbi Khazri,tn  TUN,"FW,MF",Saint-Étienne,27,1991,31.3,1111,862,249,80,2,188,93,63,129,23,23,6,628,170,313,56,990,24,20,10,740,6,33,20,42
245,Presnel Kimpembe,fr  FRA,DF,Paris S-G,22,1995,22.3,1473,1423,50,30,4,155,18,3,0,0,0,0,1270,103,100,1205,183,51,20,3,1366,4,15,8,14
246,Djégui Koita,fr  FRA,DF,Guingamp,18,1999,1.9,57,57,0,0,0,6,2,0,0,0,0,0,32,4,21,0,51,6,0,0,39,0,3,3,1
247,Randal Kolo Muani,fr  FRA,"FW,MF",Nantes,19,1998,1.4,30,29,1,0,0,10,0,2,0,0,0,0,20,8,2,4,24,2,0,0,21,0,0,1,2
248,Timothée Kolodziejczak,fr  FRA,DF,Saint-Étienne,26,1991,35.4,2006,1806,200,33,1,264,50,38,0,0,0,0,1323,319,364,1632,99,95,167,1,1637,1,43,39,38
249,Ghislain Konan,ci  CIV,DF,Reims,22,1995,20.0,1024,767,257,8,1,134,14,51,0,0,0,0,515,263,246,663,55,48,249,1,760,5,19,24,51
250,Moussa Konaté,sn  SEN,FW,Amiens,25,1993,20.8,400,375,25,1,3,108,7,8,0,0,0,0,236,86,78,66,245,41,2,12,268,0,17,11,24
251,Kouadio Koné,fr  FRA,MF,Toulouse,17,2001,0.8,47,47,0,0,0,10,0,0,0,0,0,0,40,6,1,5,41,0,0,1,42,0,0,0,1
252,Lamine Koné,ci  CIV,DF,Strasbourg,29,1989,23.9,1072,1031,41,33,0,144,49,3,0,0,0,0,779,112,181,184,781,53,8,21,914,0,23,10,15
253,Youssouf Koné,ml  MLI,DF,Lille,23,1995,19.0,1060,859,201,17,0,158,26,53,0,0,0,0,626,207,227,733,107,30,184,3,858,0,17,16,21
254,Christian Kouakou,ci  CIV,FW,Caen,27,1991,0.1,,,,,,,,0,,,,,,,,,,,,,,,,,
255,Tomáš Koubek,cz  CZE,GK,Rennes,25,1992,32.5,880,575,305,62,0,48,44,0,0,0,0,0,378,34,468,93,600,1,1,129,597,3,33,4,2
256,Jules Koundé,fr  FRA,DF,Bordeaux,19,1998,37.0,1995,1900,95,52,3,242,40,5,0,0,0,0,1384,231,380,186,1600,125,42,5,1635,5,34,25,24
257,Emil Krafth,se  SWE,DF,Amiens,23,1994,33.0,1485,1078,407,34,0,205,30,66,1,0,0,0,694,270,521,37,977,82,372,5,1043,4,29,36,65
258,Rene Krhin,si  SVN,MF,Nantes,28,1990,11.7,546,531,15,12,0,77,7,0,2,0,0,0,396,69,81,38,452,41,1,2,452,0,3,9,6
259,Layvin Kurzawa,fr  FRA,"DF,MF",Paris S-G,25,1992,11.2,567,489,78,0,1,133,5,25,1,0,0,0,376,140,51,394,49,33,77,2,489,2,8,10,11
260,Rafał Kurzawa,pl  POL,"FW,MF",Amiens,25,1993,2.7,134,114,20,8,0,23,6,9,7,0,0,0,89,15,30,99,23,4,5,0,93,1,2,2,3
261,Enock Kwateng,fr  FRA,DF,Nantes,21,1997,22.7,1298,1035,263,10,0,238,15,57,0,0,0,0,639,323,336,88,851,74,253,2,928,6,23,46,42
262,Grejohn Kyei,fr  FRA,FW,Reims,22,1995,0.0,2,2,0,0,0,0,0,0,0,0,0,0,1,1,0,0,1,0,0,1,1,0,0,0,0
263,Kenny Lala,fr  FRA,"DF,MF",Strasbourg,26,1991,34.0,2183,1735,448,60,8,384,127,108,53,3,8,2,1189,406,588,286,1499,42,335,6,1661,4,51,38,80
264,Mohamed Lamine Diaby,fr  FRA,FW,Nice,17,2001,1.8,24,22,2,0,0,12,0,0,0,0,0,0,19,3,2,16,6,0,0,1,20,0,1,2,0
265,Loïck Landre,fr  FRA,DF,Nîmes,26,1992,17.7,545,525,20,15,0,84,21,0,0,0,0,0,374,60,111,66,409,50,5,3,438,1,23,5,4
266,Johan Larsson,se  SWE,DF,Guingamp,28,1990,1.0,41,32,9,0,0,3,2,4,0,0,0,0,19,5,17,1,27,4,9,0,28,1,1,2,0
267,Paul Lasne,fr  FRA,"MF,DF",Montpellier,29,1989,19.9,1000,904,96,8,2,205,18,37,1,0,0,0,690,133,177,485,373,42,87,2,796,2,10,14,28
268,Alexandre Lauray,fr  FRA,DF,Bordeaux,21,1997,2.9,217,202,15,8,0,31,5,0,0,0,0,0,156,25,36,37,167,3,7,0,190,1,3,4,1
269,Armand Lauriente,fr  FRA,FW,Rennes,19,1998,0.0,4,4,0,0,0,1,0,0,0,0,0,0,3,0,1,0,4,0,0,0,3,0,0,0,1
270,Wesley Lautoa,nc  NCL,"DF,MF",Dijon,30,1987,33.6,1575,1530,45,40,3,207,49,2,0,0,0,0,1194,130,251,1243,236,62,5,8,1373,1,23,14,18
271,Mickaël Le Bihan,fr  FRA,FW,Nice,28,1990,2.3,56,53,3,0,0,4,0,2,0,0,0,0,45,4,7,8,44,2,0,2,46,0,2,2,0
272,Damien Le Tallec,fr  FRA,MF,Montpellier,28,1990,31.2,1243,1204,39,34,0,202,42,5,0,0,0,0,806,196,241,103,935,145,5,8,1006,3,27,16,24
273,James Lea Siliki,cm  CMR,"MF,FW",Rennes,22,1996,13.6,452,434,18,6,1,103,32,55,1,1,0,0,291,62,99,315,118,4,11,0,308,4,19,10,24
274,Rafael Leão,pt  POR,FW,Lille,19,1999,14.3,253,229,24,0,0,56,4,12,0,0,0,0,162,50,41,41,167,21,1,8,174,0,6,6,12
275,Benjamin Lecomte,fr  FRA,GK,Montpellier,27,1991,37.0,1262,857,405,140,0,94,52,0,0,0,0,0,485,54,723,730,268,1,0,167,835,2,32,3,2
276,Pierre Lees-Melou,fr  FRA,MF,Nice,25,1993,26.6,1466,1397,69,35,2,278,63,15,26,3,2,6,1073,177,216,280,1129,42,6,3,1234,2,24,28,27
277,Jordan Lefort,fr  FRA,"DF,MF",Amiens,24,1993,20.0,911,792,119,15,0,123,28,15,0,0,0,0,464,119,328,616,94,67,104,4,632,3,31,18,20
278,Lukas Lerager,dk  DEN,MF,Bordeaux,25,1993,14.4,660,645,15,14,0,106,9,4,0,0,0,0,484,66,110,74,520,44,1,2,524,1,11,18,13
279,Igor Lewczuk,pl  POL,DF,Bordeaux,33,1985,5.0,198,187,11,4,0,17,5,1,0,0,0,0,156,12,30,30,141,18,7,0,167,0,4,2,3
280,Aaron Leya Iseka,be  BEL,FW,Toulouse,20,1997,16.0,267,251,16,0,2,67,2,2,0,0,0,0,187,53,27,41,184,22,1,4,213,1,3,7,11
281,Dimitri Liénard,fr  FRA,"MF,DF",Strasbourg,30,1988,14.3,868,743,125,25,0,140,63,34,49,4,4,1,539,107,222,675,117,21,50,1,676,1,25,5,26
282,Lucas Lima,br  BRA,"DF,FW",Nantes,26,1991,27.7,1755,1344,411,71,4,311,56,135,49,3,4,0,834,382,539,1240,108,90,291,3,1213,9,38,46,75
283,Anthony Limbombe,be  BEL,FW,Nantes,24,1994,13.7,466,462,4,0,2,119,10,39,2,0,0,0,313,77,76,91,319,41,2,4,333,1,5,15,21
284,Giovani Lo Celso,ar  ARG,MF,Paris S-G,22,1996,0.1,12,10,2,2,0,2,0,0,0,0,0,0,10,1,1,9,2,1,0,0,12,0,0,0,0
285,Enzo Loiodice,fr  FRA,MF,Dijon,17,2000,9.4,423,419,4,4,1,82,4,1,0,0,0,0,340,37,46,324,70,24,0,1,354,2,12,5,8
286,Anthony Lopes,pt  POR,GK,Lyon,27,1990,34.0,1065,755,310,70,0,60,32,0,0,0,0,0,640,78,347,645,224,3,0,163,851,4,24,2,0
287,Rony Lopes,pt  POR,"FW,MF",Monaco,22,1995,20.5,686,561,125,34,3,155,53,64,77,23,18,8,410,100,176,532,118,15,12,4,453,5,15,15,48
288,Cristian López,es  ESP,FW,Angers,29,1989,4.1,101,88,13,0,0,26,0,1,0,0,0,0,61,29,11,13,61,13,0,1,72,0,5,0,4
289,Maxime Lopez,fr  FRA,MF,Marseille,20,1997,24.2,2260,2142,118,66,5,368,41,32,38,4,8,0,1851,178,231,202,1998,43,14,0,2031,2,18,31,26
290,Albert Lottin,fr  FRA,"MF,FW",Bordeaux,16,2001,0.2,12,12,0,0,0,2,1,0,0,0,0,0,8,2,2,1,10,0,0,1,9,0,0,0,0
291,Imran Louza,fr  FRA,MF,Nantes,19,1999,1.0,46,44,2,1,1,5,0,1,1,1,0,0,30,4,12,28,11,5,0,2,37,1,0,1,0
292,Hervé Lybohy,ne  NIG,DF,Nîmes,35,1983,16.4,568,548,20,17,0,62,13,1,0,0,0,0,423,45,100,441,65,50,3,1,478,1,13,4,6
293,Yann M'Vila,fr  FRA,MF,Saint-Étienne,28,1990,36.2,2294,2235,59,55,4,361,122,7,0,0,0,0,1713,250,331,151,2005,97,4,6,1967,15,47,19,33
294,Thiago Maia,br  BRA,MF,Lille,21,1997,11.3,579,564,15,13,1,76,11,3,0,0,0,0,426,65,88,483,55,26,2,3,489,1,9,9,11
295,Mike Maignan,fr  FRA,GK,Lille,22,1995,38.0,1095,707,388,118,0,62,26,0,0,0,0,0,481,42,572,104,755,0,0,202,689,3,54,3,2
296,Josh Maja,ng  NGA,"FW,MF",Bordeaux,19,1998,2.2,57,56,1,0,1,21,0,0,0,0,0,0,41,13,3,8,42,5,0,1,45,0,1,2,0
297,Abdul Majeed Waris,gh  GHA,FW,Nantes,26,1991,25.0,621,590,31,1,6,180,13,28,15,3,1,1,468,84,69,55,533,14,5,9,441,2,15,20,37
298,Jean-Victor Makengo,fr  FRA,"FW,MF",Nice,20,1998,11.4,424,420,4,1,0,124,5,6,0,0,0,0,367,36,21,342,71,7,2,0,358,2,10,12,11
299,Antonio Mance,hr  CRO,"FW,MF",Nantes,22,1995,0.6,13,13,0,0,0,6,0,3,0,0,0,0,9,2,2,4,6,1,0,1,8,0,1,0,0
300,Vincent Manceau,fr  FRA,DF,Angers,29,1989,31.0,1611,1292,319,31,1,261,35,47,0,0,0,0,928,263,420,251,1004,56,288,1,1274,5,27,31,46
301,Steve Mandanda,fr  FRA,GK,Marseille,33,1985,30.4,985,707,278,87,0,80,10,0,0,0,0,0,493,52,440,93,726,1,0,128,688,0,23,2,1
302,Reinildo Mandava,mz  MOZ,DF,Lille,24,1994,1.1,59,50,9,1,0,7,0,3,0,0,0,0,42,9,8,40,9,2,8,0,48,0,2,0,2
303,Thomas Mangani,fr  FRA,MF,Angers,31,1987,17.8,1195,1090,105,55,3,240,29,27,39,8,8,0,827,107,261,946,174,58,9,0,944,2,17,15,25
304,Harrison Manzala,cd  COD,"MF,FW",Angers,24,1994,0.8,31,30,1,1,0,8,1,2,0,0,0,0,16,7,8,9,18,3,0,0,14,0,1,0,3
305,Myziane Maolida,fr  FRA,"FW,MF",Nice,19,1999,10.6,348,335,13,3,1,90,3,15,1,0,0,0,291,35,22,56,275,11,3,0,284,0,4,6,16
306,Faitout Maouassa,fr  FRA,DF,Nîmes,20,1998,23.7,997,723,274,10,1,170,28,55,0,0,0,0,447,246,304,613,78,30,264,0,722,3,33,18,40
307,Fernando Marçal,br  BRA,DF,Lyon,29,1989,9.8,822,759,63,13,1,105,31,12,0,0,0,0,595,97,130,673,60,22,50,0,726,0,12,13,11
308,Marcelo,br  BRA,DF,Lyon,31,1987,32.0,2311,2247,64,59,5,227,67,5,0,0,0,0,1814,167,330,107,2028,110,5,4,2067,7,34,16,6
309,Mariano,do  DOM,FW,Lyon,24,1993,1.6,30,29,1,0,0,5,0,0,0,0,0,0,24,4,2,4,24,1,0,0,23,0,0,1,2
310,Jordan Marié,fr  FRA,MF,Dijon,26,1991,20.0,880,871,9,3,0,157,28,11,2,2,0,0,600,121,159,74,735,54,2,3,693,3,19,20,17
311,Marquinhos,br  BRA,"DF,MF",Paris S-G,24,1994,29.9,2264,2212,52,41,17,273,50,5,0,0,0,0,1890,175,199,424,1732,55,11,9,2093,3,25,16,11
312,Jonas Martin,fr  FRA,MF,Strasbourg,28,1990,22.9,1528,1463,65,49,2,293,66,20,4,0,0,0,1213,140,175,277,1190,31,11,7,1334,3,16,20,22
313,Marvin Martin,fr  FRA,"MF,FW",Reims,30,1988,6.9,337,306,31,7,1,52,9,4,18,0,0,0,238,40,59,52,274,8,0,2,241,3,11,8,5
314,Pablo Martinez,fr  FRA,DF,Strasbourg,29,1989,31.3,1599,1509,90,67,1,205,150,6,0,0,0,0,1092,150,357,1243,209,94,23,8,1343,4,31,10,25
315,Gelson Martins,pt  POR,"FW,MF",Monaco,23,1995,15.4,532,527,5,0,2,130,11,47,0,0,0,0,374,85,73,35,466,19,5,2,390,1,4,11,40
316,Han-Noah Massengo,fr  FRA,"FW,MF",Monaco,17,2001,0.7,21,21,0,0,1,3,0,2,0,0,0,0,19,0,2,7,13,0,0,0,18,0,0,0,0
317,Eric Maxim Choupo-Moting,cm  CMR,"FW,MF",Paris S-G,29,1989,8.9,230,217,13,0,2,53,1,4,1,0,0,0,184,33,13,47,166,9,2,1,187,2,5,4,8
318,Kylian Mbappé,fr  FRA,FW,Paris S-G,19,1998,26.0,823,783,40,3,12,176,13,48,6,0,0,0,658,100,65,141,668,5,5,3,637,4,11,24,34
319,Loïc Mbe Soh,fr  FRA,DF,Paris S-G,17,2001,2.0,129,126,3,3,0,9,0,0,0,0,0,0,115,7,7,15,105,5,0,0,118,0,2,1,2
320,Nolan Mbemba,cg  CGO,"MF,DF",Reims,23,1995,4.0,221,205,16,5,0,39,5,2,0,0,0,0,156,44,21,23,170,11,10,1,180,0,7,6,6
321,Adama Mbengue,sn  SEN,DF,Caen,24,1993,8.2,364,267,97,2,0,64,12,21,0,0,0,0,140,81,143,218,37,12,95,1,230,1,9,7,21
322,Stéphane Mbia,cm  CMR,"DF,MF",Toulouse,32,1986,5.0,193,186,7,6,0,18,0,0,0,0,0,0,143,18,32,41,129,16,1,1,171,0,3,1,1
323,Kara Mbodji,sn  SEN,DF,Nantes,28,1989,5.6,202,194,8,7,0,32,8,1,0,0,0,0,145,21,36,30,150,18,1,0,157,0,5,4,9
324,Jordi Mboula,es  ESP,FW,Monaco,19,1999,3.1,85,84,1,0,0,24,4,20,0,0,0,0,52,16,17,27,53,3,1,0,45,0,5,0,11
325,Farid El Melali,dz  ALG,"FW,MF",Angers,21,1997,3.6,138,135,3,0,0,39,2,4,0,0,0,0,106,18,14,12,115,7,3,1,104,0,1,3,9
326,Pedro Mendes,pt  POR,DF,Montpellier,27,1990,29.6,1322,1262,60,39,1,179,83,9,0,0,0,0,877,124,321,151,1065,61,21,9,1090,5,38,12,15
327,Thiago Mendes,br  BRA,MF,Lille,26,1992,34.2,2168,1953,215,111,7,372,97,28,94,4,6,1,1550,196,422,246,1832,56,10,10,1775,4,44,31,29
328,Stiven Mendoza,co  COL,"FW,MF",Amiens,26,1992,20.9,714,633,81,33,3,165,32,53,36,1,6,1,477,106,131,618,64,10,10,6,513,3,16,15,32
329,Alexandre Mendy,gw  GNB,FW,Guingamp,24,1994,8.5,124,103,21,1,0,28,3,1,0,0,0,0,86,28,10,5,99,13,0,3,93,2,3,6,8
330,Edouard Mendy,sn  SEN,GK,Reims,26,1992,38.0,1130,690,440,153,1,62,52,1,0,0,0,0,390,58,682,44,842,2,0,123,704,6,37,4,2
331,Ferland Mendy,fr  FRA,DF,Lyon,23,1995,28.1,1961,1705,256,24,8,321,52,74,0,0,0,0,1322,369,270,1183,454,64,232,5,1641,8,33,43,57
332,Mehdi Merghem,fr  FRA,"FW,MF",Guingamp,21,1997,8.0,298,294,4,1,0,73,16,20,0,0,0,0,173,53,72,213,57,15,3,1,210,2,15,4,12
333,Romain Métanire,mg  MAD,"DF,MF",Reims,28,1990,3.5,122,88,34,1,0,19,3,2,0,0,0,0,60,23,39,16,64,7,33,1,81,1,5,6,5
334,Thomas Meunier,be  BEL,"DF,MF",Paris S-G,26,1991,17.9,985,876,109,3,2,176,28,59,2,0,0,0,666,196,123,110,705,46,104,3,824,2,17,15,16
335,Mexer,mz  MOZ,DF,Rennes,29,1988,27.4,1252,1217,35,31,0,123,60,1,0,0,0,0,1009,77,166,145,1037,44,4,3,1118,0,20,4,14
336,Matt Miazga,us  USA,DF,Nantes,23,1995,8.0,430,413,17,16,0,46,12,0,1,0,0,0,293,38,99,58,294,58,0,1,345,0,13,4,3
337,Clément Michelin,fr  FRA,DF,Toulouse,21,1997,1.0,44,33,11,1,0,6,2,1,0,0,0,0,17,4,23,1,26,5,10,0,27,1,2,1,2
338,Florian Miguel,fr  FRA,DF,Nîmes,21,1996,12.4,499,409,90,16,0,53,8,9,0,0,0,0,279,89,131,349,38,29,74,0,381,2,10,5,14
339,Kostas Mitroglou,gr  GRE,FW,Marseille,30,1988,6.4,102,90,12,0,0,12,0,0,0,0,0,0,74,15,13,42,43,9,0,4,72,0,2,4,1
340,Stefan Mitrović,rs  SRB,DF,Strasbourg,28,1990,33.6,1379,1352,27,26,0,139,42,0,0,0,0,0,1101,110,168,531,729,89,1,7,1269,2,16,7,4
341,Hakim El Mokeddem,br  BRA,"FW,MF",Toulouse,19,1999,0.3,17,17,0,0,0,1,0,1,0,0,0,0,12,2,3,11,4,0,0,1,14,0,0,0,0
342,Florent Mollet,fr  FRA,"MF,FW",Montpellier,26,1991,28.5,1496,1286,210,82,0,294,102,65,113,18,16,3,1023,157,316,214,1219,44,7,5,1174,1,22,23,45
343,Thomas Monconduit,fr  FRA,MF,Amiens,27,1991,31.3,1512,1428,84,58,3,290,53,8,2,0,1,0,1032,206,274,216,1147,114,2,2,1180,10,33,22,33
344,Kévin Monnet-Paquet,fr  FRA,"MF,DF",Saint-Étienne,29,1988,16.5,703,590,113,6,2,149,6,28,0,0,0,0,463,144,96,72,477,30,107,3,547,1,11,14,33
345,Steven Moreira,fr  FRA,"DF,MF",Toulouse,23,1994,9.6,410,306,104,6,0,60,13,13,0,0,0,0,219,93,98,26,259,22,98,4,310,3,10,4,8
346,Jérémy Morel,mg  MAD,DF,Lyon,34,1984,11.8,716,690,26,23,2,73,17,0,0,0,0,0,556,75,85,603,64,25,3,8,627,3,11,17,9
347,François Moubandje,ch  SUI,DF,Toulouse,28,1990,21.5,1015,847,168,23,0,130,19,43,1,0,0,0,595,191,229,668,133,49,144,3,772,1,31,24,27
348,Jessy Moulin,fr  FRA,GK,Saint-Étienne,32,1986,1.0,32,27,5,1,0,0,1,0,0,0,0,0,25,2,5,0,20,1,0,11,29,0,1,0,0
349,Herman Moussaki,fr  FRA,"MF,FW",Caen,19,1999,2.3,41,41,0,0,0,9,1,1,0,0,0,0,29,6,6,7,27,2,0,1,28,0,1,0,3
350,Samuel Moutoussamy,cd  COD,"MF,FW",Nantes,21,1996,18.3,663,653,10,1,0,110,17,21,5,4,0,0,511,62,90,528,96,26,4,2,530,3,8,10,19
351,Ndombe Mubele,cd  COD,FW,Toulouse,24,1994,5.2,95,86,9,0,1,27,2,6,1,0,0,0,56,24,15,13,66,7,2,4,76,1,3,1,5
352,Benoît Mukinayi,fr  FRA,DF,Monaco,17,2001,19.6,1062,1039,23,22,0,135,38,0,0,0,0,0,867,89,106,836,179,29,1,1,967,0,12,13,8
353,Kévin N'Doram,fr  FRA,"DF,MF",Monaco,22,1996,2.2,142,134,8,8,0,8,5,0,0,0,0,0,105,14,23,67,59,13,0,0,123,0,2,1,2
354,Abdallah N'dour,sn  SEN,"DF,MF",Strasbourg,24,1993,3.2,179,158,21,2,0,41,11,7,0,0,0,0,111,34,34,136,18,3,19,2,140,1,5,1,8
355,Cheikh N'Doye,sn  SEN,MF,Angers,32,1986,25.9,876,873,3,0,2,237,9,17,0,0,0,0,473,164,239,98,519,152,3,4,547,3,10,21,31
356,Nathan N'Goumou,fr  FRA,FW,Toulouse,18,2000,0.8,29,29,0,0,0,5,0,0,0,0,0,0,27,2,0,2,27,0,0,0,24,0,0,1,1
357,Clinton N'Jie,cm  CMR,"FW,MF",Marseille,24,1993,4.0,120,112,8,0,0,31,3,5,0,0,0,0,87,27,6,13,95,4,3,1,82,0,1,4,6
358,Georges-Kévin N'Koudou,fr  FRA,MF,Monaco,23,1995,0.3,14,13,1,1,0,4,0,1,0,0,0,0,13,1,0,2,11,0,0,1,10,1,1,0,0
359,Stanley N'Soki,fr  FRA,DF,Paris S-G,19,1999,7.8,509,462,47,5,1,50,6,8,0,0,0,0,401,80,28,323,111,26,42,1,437,3,8,15,2
360,Naldo,br  BRA,DF,Monaco,35,1982,3.3,160,151,9,9,1,15,5,0,0,0,0,0,110,19,31,7,146,4,0,0,138,0,2,0,1
361,Tanguy Ndombele,fr  FRA,MF,Lyon,21,1996,29.9,1986,1943,43,31,18,311,30,5,0,0,0,0,1718,164,104,176,1752,32,11,3,1763,6,11,44,32
362,Neymar,br  BRA,"MF,FW",Paris S-G,26,1992,16.0,1055,953,102,27,21,160,29,24,62,6,1,1,789,121,145,137,885,13,8,7,829,10,11,33,27
363,Yeni Ngbakoto,cd  COD,"FW,MF",Guingamp,26,1992,6.3,194,152,42,16,0,42,15,16,21,2,1,0,82,35,77,21,139,21,4,0,104,1,6,2,9
364,M'Baye Niang,sn  SEN,FW,Rennes,23,1994,19.9,421,397,24,3,1,104,20,22,1,0,0,0,273,81,67,75,301,12,3,9,293,1,10,13,31
365,Casimir Ninga,td  CHA,"FW,MF",Caen,25,1993,27.4,574,549,25,0,2,167,22,41,2,0,0,0,374,95,105,62,442,27,19,7,422,0,24,11,23
366,Christopher Nkunku,fr  FRA,"MF,FW",Paris S-G,20,1997,12.8,650,631,19,6,7,110,11,15,4,1,0,0,568,48,34,51,575,9,8,1,581,3,3,13,11
367,Arnaud Nordin,fr  FRA,"FW,MF",Saint-Étienne,20,1998,11.7,341,322,19,4,2,77,4,20,5,0,0,0,256,58,27,170,139,13,9,2,264,3,5,7,26
368,Gerzino Nyamsi,fr  FRA,DF,Rennes,21,1997,6.0,226,219,7,6,0,18,8,0,0,0,0,0,188,15,23,45,174,4,1,1,206,0,3,0,3
369,Lucas Ocampos,ar  ARG,"FW,MF",Marseille,24,1994,30.1,949,887,62,6,4,208,26,65,0,0,0,0,624,137,188,112,702,55,56,7,713,1,30,12,42
370,Sheyi Ojo,eng  ENG,"FW,MF",Reims,21,1997,5.2,106,103,3,1,1,20,7,13,0,0,0,0,70,14,22,79,18,6,0,0,66,0,5,4,12
371,Alexandre Olliero,fr  FRA,GK,Nantes,22,1996,1.0,23,18,5,2,0,1,0,0,0,0,0,0,11,2,10,2,15,0,0,5,17,0,0,1,0
372,Prince Oniangué,cg  CGO,MF,Caen,29,1988,26.0,997,981,16,11,0,211,19,6,2,0,0,0,758,98,141,117,788,62,0,5,813,2,20,19,20
373,Otávio,br  BRA,MF,Bordeaux,24,1994,31.9,1901,1831,70,69,1,348,51,4,0,0,0,0,1521,161,219,190,1635,59,1,7,1699,2,11,21,20
374,Remi Oudin,fr  FRA,FW,Reims,21,1996,29.0,845,807,38,2,4,178,28,57,5,0,0,0,506,168,171,594,159,58,21,1,493,9,27,22,52
375,Ambroise Oyongo,cm  CMR,"DF,MF",Montpellier,27,1991,23.7,1108,828,280,10,2,139,23,63,1,0,0,0,517,212,379,690,91,49,269,5,772,2,23,23,48
376,Pablo,br  BRA,DF,Bordeaux,27,1991,21.5,997,962,35,33,0,116,53,0,0,0,0,0,689,112,196,240,632,90,2,4,831,1,29,11,9
377,Vincent Pajot,fr  FRA,MF,Angers,27,1990,7.9,309,295,14,11,1,60,2,2,0,0,0,0,239,30,40,35,239,13,3,2,266,2,2,2,2
378,Sergi Palencia,es  ESP,DF,Bordeaux,22,1996,22.1,1183,952,231,18,1,187,35,55,0,0,0,0,693,235,255,84,826,46,213,4,938,4,20,26,43
379,Nicolas Pallois,fr  FRA,DF,Nantes,30,1987,24.0,1014,985,29,27,0,159,39,4,0,0,0,0,635,127,252,814,97,82,2,7,796,5,37,14,20
380,Mickaël Panos,fr  FRA,DF,Saint-Étienne,21,1997,0.3,17,12,5,0,0,1,0,1,0,0,0,0,10,4,3,0,11,1,5,0,12,0,0,0,0
381,Elhadji Pape Diaw,sn  SEN,DF,Angers,23,1994,0.2,9,9,0,0,0,0,1,0,0,0,0,0,8,1,0,8,1,0,0,0,9,0,0,0,0
382,Gaëtan Paquiez,fr  FRA,DF,Nîmes,24,1994,14.8,651,465,186,9,1,92,7,14,1,0,0,0,316,174,161,81,343,42,176,0,506,2,9,12,15
383,Leandro Paredes,ar  ARG,MF,Paris S-G,24,1994,13.9,1303,1217,86,52,7,201,51,7,32,12,7,0,1053,116,134,80,1200,17,2,1,1168,7,19,12,14
384,Mateo Pavlović,ba  BIH,DF,Angers,28,1990,27.7,924,901,23,23,1,137,22,2,0,0,0,0,673,83,168,148,680,75,0,2,807,1,17,5,6
385,Dimitri Payet,fr  FRA,"MF,FW",Marseille,31,1987,21.2,1214,977,237,80,8,171,78,92,127,6,18,4,735,144,335,145,1026,17,21,4,840,7,26,31,41
386,Stef Peeters,be  BEL,MF,Caen,26,1992,4.5,188,181,7,1,0,31,10,3,5,0,0,0,136,13,39,154,29,5,0,0,143,2,2,7,7
387,Jordan Pefok,us  USA,FW,Rennes,22,1996,6.8,96,89,7,0,0,26,2,1,0,0,0,0,66,19,11,9,69,6,0,8,74,1,0,4,1
388,Pelé,gw  GNB,MF,Monaco,26,1991,5.2,205,200,5,3,0,29,6,1,0,0,0,0,164,13,28,12,174,10,2,1,171,1,5,3,4
389,Yohann Pelé,fr  FRA,GK,Marseille,35,1982,7.6,223,163,60,10,0,15,3,0,0,0,0,0,133,11,79,28,153,1,0,39,178,2,4,3,2
390,Maxime Pélican,fr  FRA,FW,Nice,20,1998,1.0,13,11,2,0,0,0,0,1,0,0,0,0,7,2,4,6,5,2,0,0,5,0,0,2,0
391,Pietro Pellegri,it  ITA,"FW,MF",Monaco,17,2001,0.9,14,14,0,0,0,3,0,1,0,0,0,0,8,5,1,3,8,2,0,0,9,0,0,2,0
392,Théo Pellenard,fr  FRA,DF,Angers,24,1994,5.5,320,269,51,3,0,46,4,13,1,1,0,0,208,54,58,213,49,6,47,1,257,0,8,7,9
393,Andy Pelmard,fr  FRA,DF,Nice,18,2000,3.1,189,146,43,8,0,13,0,0,0,0,0,0,132,33,24,28,123,2,35,1,164,0,5,5,3
394,Nicolas Pépé,ci  CIV,"FW,MF",Lille,23,1995,36.9,1300,1216,84,38,7,297,25,59,21,5,9,1,998,133,169,1057,156,35,20,5,997,3,19,35,45
395,Loïc Perrin,fr  FRA,DF,Saint-Étienne,32,1985,30.0,1598,1557,41,33,3,221,36,3,0,0,0,0,1235,157,206,155,1311,86,8,3,1381,3,17,18,16
396,Matthias Phaeton,GPE,"FW,MF",Guingamp,18,2000,0.6,12,11,1,0,0,0,0,0,0,0,0,0,8,2,2,1,10,1,0,0,11,0,0,0,0
397,Lebogang Phiri,za  RSA,MF,Guingamp,23,1994,21.4,1022,1005,17,12,2,166,32,2,4,1,0,0,808,101,113,156,805,44,1,4,891,0,10,19,21
398,Jérémy Pied,fr  FRA,DF,Lille,29,1989,5.2,339,277,62,5,0,64,2,9,0,0,0,0,186,82,71,31,227,18,57,2,264,0,4,8,12
399,Ronaël Pierre-Gabriel,fr  FRA,DF,Monaco,20,1998,3.9,202,162,40,3,0,23,2,2,0,0,0,0,135,38,29,6,151,5,37,0,163,0,4,2,4
400,Erik Pieters,nl  NED,DF,Amiens,29,1988,14.0,725,526,199,28,1,92,24,26,6,0,0,0,327,166,232,468,38,43,165,2,522,3,11,16,30
401,Virgile Pinson,fr  FRA,FW,Reims,22,1996,0.1,5,5,0,0,0,1,0,1,0,0,0,0,5,0,0,0,5,0,0,0,4,0,0,0,0
402,Lenny Pintor,fr  FRA,FW,Lyon,17,2000,0.0,1,1,0,0,0,0,0,0,0,0,0,0,1,0,0,0,1,0,0,0,0,0,0,0,1
403,Facundo Píriz,uy  URU,MF,Montpellier,28,1990,1.3,60,57,3,2,0,9,1,0,1,0,0,0,47,1,12,9,47,2,0,0,47,0,2,0,3
404,Jaroslav Plašil,cz  CZE,MF,Bordeaux,36,1982,16.0,902,867,35,20,2,160,20,12,13,6,0,0,662,118,122,333,501,50,2,4,755,1,6,20,22
405,Morgan Poaty,cg  CGO,MF,Montpellier,21,1997,1.0,46,40,6,0,0,16,0,5,0,0,0,0,25,8,13,36,2,2,6,0,29,0,1,2,2
406,Denis-Will Poha,fr  FRA,MF,Rennes,21,1997,0.3,16,16,0,0,0,2,1,1,0,0,0,0,10,1,5,1,13,2,0,0,10,0,3,1,1
407,Pierre-Yves Polomat,fr  FRA,"DF,MF",Saint-Étienne,24,1993,10.6,562,461,101,5,0,90,9,33,0,0,0,0,340,138,84,416,39,7,96,0,450,3,10,6,25
408,Maxime Poundjé,fr  FRA,DF,Bordeaux,25,1992,28.2,1460,1166,294,22,1,251,20,83,3,0,2,0,818,303,339,976,144,51,269,2,1132,5,24,19,57
409,Gaëtan Poussin,fr  FRA,GK,Bordeaux,19,1999,1.0,35,16,19,6,0,3,0,0,0,0,0,0,12,0,23,0,31,0,0,2,19,0,1,0,0
410,Sanjin Prcić,ba  BIH,MF,Strasbourg,24,1993,11.7,753,696,57,30,1,153,68,12,26,8,3,5,470,108,175,96,618,24,1,3,639,2,18,3,13
411,Nicolas de Préville,fr  FRA,"FW,MF",Bordeaux,27,1991,14.1,504,447,57,21,1,128,34,32,30,16,3,0,290,79,135,89,369,19,5,6,337,3,15,10,24
412,Adrien Rabiot,fr  FRA,MF,Paris S-G,23,1995,11.8,1048,1035,13,7,4,147,10,0,1,0,0,0,924,57,67,870,144,21,5,1,969,2,8,11,12
413,Nemanja Radonjić,rs  SRB,FW,Marseille,22,1996,7.6,177,176,1,0,0,36,5,13,0,0,0,0,114,33,30,26,134,13,1,1,118,0,5,7,12
414,Rafael,br  BRA,DF,Lyon,28,1990,11.4,735,619,116,12,2,79,10,36,0,0,0,0,483,131,121,78,513,28,104,3,582,3,13,21,25
415,Andrea Raggi,it  ITA,"DF,MF",Monaco,34,1984,5.5,244,194,50,8,0,23,9,7,0,0,0,0,144,47,53,46,141,15,42,0,196,0,3,5,7
416,Baba Rahman,gh  GHA,DF,Reims,24,1994,10.7,563,455,108,11,0,99,7,4,0,0,0,0,329,141,93,268,164,23,97,3,454,0,13,12,26
417,Adil Rami,fr  FRA,DF,Marseille,32,1985,15.7,843,820,23,23,0,84,29,1,0,0,0,0,596,91,156,92,662,59,0,2,707,2,16,6,11
418,Pedro Rebocho,pt  POR,DF,Guingamp,23,1995,36.0,2095,1543,552,81,1,309,77,125,81,21,14,4,1044,368,683,1337,253,82,390,9,1520,5,42,39,84
419,Jeff Reine-Adélaïde,fr  FRA,"FW,MF",Angers,20,1998,28.4,1124,1095,29,8,8,234,11,9,1,0,0,0,953,90,81,133,951,14,12,6,943,3,13,25,32
420,Loïc Rémy,fr  FRA,FW,Lille,31,1987,13.4,221,195,26,0,1,41,2,3,0,0,0,0,157,31,33,16,160,28,0,2,172,1,1,2,8
421,Baptiste Reynet,fr  FRA,GK,Toulouse,27,1990,30.0,1061,670,391,100,0,65,35,0,0,0,0,0,410,53,598,82,768,1,0,134,695,3,34,4,2
422,Kévin Rimane,gf  GUF,MF,Paris S-G,27,1991,0.1,8,8,0,0,0,0,0,0,0,0,0,0,8,0,0,2,6,0,0,0,8,0,0,0,0
423,Renaud Ripart,fr  FRA,"FW,DF",Nîmes,25,1993,33.4,1179,1022,157,6,1,244,13,48,0,0,0,0,708,253,218,150,770,73,133,5,854,4,24,29,62
424,Mihailo Ristić,rs  SRB,DF,Montpellier,22,1995,3.6,154,109,45,2,0,25,5,5,3,1,1,0,75,47,32,84,21,4,40,4,112,0,0,3,8
425,Christopher Rocchia,fr  FRA,DF,Marseille,20,1998,0.0,7,6,1,0,0,0,0,1,0,0,0,0,4,3,0,6,0,0,1,0,6,0,0,0,0
426,Kenny Rocha Santos,cv  CPV,DF,Saint-Étienne,18,2000,0.0,0,0,0,0,0,0,0,0,0,0,0,0,0,0,0,0,0,0,0,0,0,0,0,0,0
427,Ronny Rodelin,fr  FRA,"MF,FW",Guingamp,28,1989,8.8,306,299,7,1,0,78,7,7,0,0,0,0,184,42,80,39,201,33,3,2,216,3,8,5,8
428,Rolando,pt  POR,DF,Marseille,32,1985,8.9,415,407,8,6,0,56,7,0,0,0,0,0,319,36,60,84,292,28,2,4,360,1,7,4,3
429,Alaixys Romao,tg  TOG,MF,Reims,34,1984,35.1,1431,1378,53,50,5,258,38,9,0,0,0,0,968,218,245,179,1118,103,3,2,1135,6,37,19,36
430,Valentin Rongier,fr  FRA,MF,Nantes,23,1994,35.8,1973,1807,166,85,9,418,94,50,50,7,4,1,1386,254,333,375,1489,76,8,3,1596,6,36,31,45
431,Valentin Rosier,fr  FRA,"DF,MF",Dijon,21,1996,16.2,842,682,160,11,0,122,14,19,0,0,0,0,535,150,157,77,576,31,149,0,708,2,13,10,25
432,Nolan Roux,fr  FRA,FW,Guingamp,30,1988,17.1,381,350,31,0,0,102,4,6,0,0,0,0,205,96,80,12,284,38,0,16,261,1,7,10,17
433,Stéphane Ruffier,fr  FRA,GK,Saint-Étienne,31,1986,37.0,1177,735,442,132,0,107,21,0,0,0,0,0,516,32,629,41,930,0,0,152,728,1,29,2,4
434,Idriss Saadi,dz  ALG,MF,Strasbourg,26,1992,0.1,3,2,1,0,0,0,0,0,0,0,0,0,2,1,0,2,1,0,0,0,3,0,0,0,0
435,Youssouf Sabaly,sn  SEN,DF,Bordeaux,25,1993,21.2,1270,1048,222,12,2,196,11,41,0,0,0,0,764,296,210,246,745,54,210,4,1026,0,17,31,48
436,Ihsan Sacko,fr  FRA,FW,Nice,21,1997,4.9,118,114,4,0,0,33,1,3,0,0,0,0,92,19,7,18,91,6,0,0,90,1,1,1,12
437,Wesley Saïd,fr  FRA,"FW,MF",Dijon,23,1995,25.0,600,551,49,11,3,134,14,33,8,0,1,1,388,117,95,131,414,26,14,4,436,5,16,13,27
438,Allan Saint-Maximin,fr  FRA,"FW,MF",Nice,21,1997,32.2,969,909,60,9,5,257,43,102,12,3,3,1,735,112,122,149,777,14,15,2,718,2,20,21,60
439,Théo Sainte-Luce,fr  FRA,FW,Nîmes,19,1998,0.0,1,1,0,0,0,0,0,0,0,0,0,0,1,0,0,0,1,0,0,0,1,0,0,0,0
440,Hiroki Sakai,jp  JPN,DF,Marseille,28,1990,26.4,1473,1213,260,9,1,259,13,44,0,0,0,0,926,272,275,138,948,89,251,2,1192,0,25,30,44
441,Diafra Sakho,sn  SEN,FW,Rennes,28,1989,1.6,27,26,1,0,0,9,0,1,0,0,0,0,18,6,3,1,19,2,0,2,17,0,0,1,3
442,Emiliano Sala,ar  ARG,FW,Nantes,27,1990,15.2,362,331,31,0,3,92,0,7,0,0,0,0,228,79,55,20,275,45,1,10,236,1,11,7,25
443,William Saliba,fr  FRA,DF,Saint-Étienne,17,2001,14.2,680,646,34,14,0,103,26,2,0,0,0,0,524,66,90,42,579,26,20,0,583,1,9,4,11
444,Brice Samba,cg  CGO,GK,Caen,24,1994,38.0,1222,754,468,153,0,113,49,0,0,0,0,0,351,54,817,804,183,0,0,168,747,0,38,7,2
445,Junior Sambia,fr  FRA,"MF,FW",Montpellier,21,1996,10.3,416,353,63,15,1,87,20,20,34,4,6,0,271,36,109,75,295,22,14,0,307,3,9,3,13
446,Frédéric Sammaritano,fr  FRA,"FW,MF",Dijon,32,1986,6.0,230,221,9,5,0,41,10,13,3,2,1,0,159,34,37,33,186,9,0,0,175,0,4,4,12
447,Ibrahim Sangaré,ci  CIV,MF,Toulouse,20,1997,27.4,1559,1517,42,32,4,349,41,13,1,0,0,0,1101,157,301,123,1351,44,9,9,1241,8,30,32,34
448,Younousse Sankharé,sn  SEN,MF,Bordeaux,28,1989,16.4,661,648,13,7,0,116,6,1,1,0,0,0,505,96,60,505,94,36,2,12,511,2,16,20,17
449,Baissama Sankoh,gn  GUI,"MF,FW",Caen,26,1992,7.2,197,194,3,1,0,43,3,3,0,0,0,0,145,22,30,19,155,11,2,1,159,0,6,4,7
450,Yaya Sanogo,fr  FRA,FW,Toulouse,25,1993,13.8,256,248,8,0,0,84,4,3,0,0,0,0,145,69,42,52,147,26,0,11,170,1,5,14,12
451,Morgan Sanson,fr  FRA,MF,Marseille,23,1994,26.7,1372,1344,28,15,2,228,66,40,0,0,0,0,968,156,248,241,1049,50,13,4,1121,1,30,17,31
452,Baptiste Santamaria,fr  FRA,MF,Angers,23,1995,36.1,1533,1516,17,15,3,269,69,7,0,0,0,0,1056,166,311,201,1199,109,2,2,1241,3,28,19,24
453,Bouna Sarr,gn  GUI,"DF,FW",Marseille,26,1992,24.9,1454,1201,253,16,0,271,27,67,4,0,0,0,894,332,228,142,993,53,233,8,1184,1,28,25,55
454,Ismaila Sarr,sn  SEN,"FW,MF",Rennes,20,1998,31.0,771,747,24,7,4,201,11,53,0,0,0,0,610,87,74,67,651,30,10,3,573,5,12,26,39
455,Malang Sarr,fr  FRA,DF,Nice,19,1999,33.3,2161,2006,155,60,2,279,67,10,0,0,0,0,1706,183,272,1703,261,74,95,6,1920,2,25,33,38
456,Téji Savanier,fr  FRA,MF,Nîmes,26,1991,31.8,1875,1549,326,151,4,332,175,66,170,16,26,14,892,246,737,270,1496,69,5,7,1232,6,70,30,56
457,Stanley Segarel,fr  FRA,"FW,MF",Amiens,24,1994,0.2,2,2,0,0,0,1,0,0,0,0,0,0,1,0,1,1,1,0,0,0,1,0,0,1,0
458,Ole Selnæs,no  NOR,MF,Saint-Étienne,24,1994,18.5,926,898,28,17,6,195,32,5,11,0,0,0,662,110,154,766,100,44,0,5,748,5,12,14,25
459,Matz Sels,be  BEL,GK,Strasbourg,26,1992,37.0,1119,713,406,81,0,100,30,0,0,0,0,0,415,43,661,68,816,0,1,180,692,5,40,2,5
460,Julien Serrano,fr  FRA,"MF,DF",Monaco,20,1998,1.3,56,49,7,0,1,11,1,3,0,0,0,0,39,8,9,36,11,1,7,0,45,0,1,0,1
461,Grégory Sertic,fr  FRA,MF,Marseille,28,1989,1.2,72,69,3,3,0,12,1,1,0,0,0,0,47,8,17,20,42,7,0,1,54,0,3,2,0
462,Gen Shoji,jp  JPN,DF,Toulouse,25,1992,18.0,722,699,23,20,1,117,35,0,0,0,0,0,505,78,139,130,542,36,3,3,614,1,13,11,2
463,Djibril Sidibé,fr  FRA,"DF,MF",Monaco,26,1992,23.1,1428,1126,302,34,1,210,34,71,2,0,0,1,809,307,312,201,891,53,266,5,1061,2,30,45,55
464,Kalidou Sidibé,fr  FRA,MF,Toulouse,19,1999,14.0,591,583,8,7,0,127,6,3,0,0,0,0,363,93,135,134,333,74,1,1,440,0,19,15,10
465,Adrien Silva,pt  POR,MF,Monaco,29,1989,13.2,726,690,36,29,1,127,22,3,0,0,0,0,481,122,123,119,546,35,7,7,606,2,13,13,17
466,Gabriel Silva,br  BRA,"DF,MF",Saint-Étienne,27,1991,15.9,627,483,144,6,0,113,13,25,2,0,0,0,321,137,169,281,158,35,136,4,484,2,21,5,17
467,Thiago Silva,br  BRA,DF,Paris S-G,33,1984,23.1,1880,1831,49,45,6,162,33,1,0,0,0,0,1594,150,136,142,1651,63,4,9,1763,4,16,10,10
468,Giovanni Sio,ci  CIV,FW,Montpellier,29,1989,0.7,22,20,2,0,0,14,1,1,0,0,0,0,13,5,4,17,1,1,0,0,17,0,0,0,0
469,Ibrahima Sissoko,fr  FRA,MF,Strasbourg,20,1997,29.6,1274,1265,9,8,3,273,48,15,0,0,0,0,970,126,178,158,1022,55,1,6,1038,3,28,18,37
470,Ellyes Skhiri,tn  TUN,MF,Montpellier,23,1995,34.3,1683,1637,46,32,2,362,51,12,0,0,0,0,1234,191,258,169,1369,90,14,10,1461,2,19,21,21
471,Petar Škuletić,rs  SRB,"FW,MF",Montpellier,28,1990,6.7,168,158,10,0,0,41,2,3,0,0,0,0,78,56,34,84,30,24,1,10,116,1,3,0,8
472,Naïm Sliti,tn  TUN,"MF,FW",Dijon,26,1992,25.4,959,767,192,77,6,158,62,40,95,5,11,6,629,98,232,117,800,25,8,5,668,5,24,24,39
473,Oumar Solet,fr  FRA,DF,Lyon,18,2000,0.7,48,48,0,0,0,5,0,0,0,0,0,0,36,3,9,5,36,5,0,0,44,1,0,0,0
474,Jérémy Sorbon,fr  FRA,DF,Guingamp,34,1983,29.4,1005,974,31,30,0,104,30,0,0,0,0,0,717,108,180,110,806,62,1,2,859,2,26,12,9
475,Adama Soumaoro,fr  FRA,DF,Lille,26,1992,19.1,926,892,34,34,1,99,19,0,0,0,0,0,799,52,75,99,759,49,0,1,862,0,14,2,2
476,Boubakary Soumaré,fr  FRA,MF,Lille,19,1999,6.3,359,352,7,6,1,64,7,1,0,0,0,0,303,31,25,58,285,9,1,2,316,0,3,7,5
477,Bassem Srarfi,tn  TUN,"FW,MF",Nice,21,1997,9.1,332,321,11,2,0,71,10,12,3,0,0,0,248,38,46,263,48,13,5,0,262,1,5,8,17
478,Timo Stavitski,fi  FIN,FW,Caen,19,1999,0.2,1,1,0,0,0,0,0,0,0,0,0,0,1,0,0,0,1,0,0,0,1,0,0,0,0
479,Kevin Strootman,nl  NED,MF,Marseille,28,1990,21.6,1190,1147,43,32,2,195,19,14,5,1,0,0,852,136,202,929,157,67,6,5,957,3,18,17,31
480,Mathías Suárez,uy  URU,DF,Montpellier,22,1996,6.1,295,210,85,4,0,50,7,17,0,0,0,0,137,93,65,11,180,16,81,1,222,0,7,6,12
481,Danijel Subašić,hr  CRO,GK,Monaco,33,1984,12.6,315,195,120,38,0,19,8,0,0,0,0,0,133,18,164,16,231,0,0,49,209,0,6,0,0
482,Neven Subotić,rs  SRB,DF,Saint-Étienne,29,1988,23.9,1147,1120,27,25,3,117,31,2,0,0,0,0,832,101,214,174,880,74,2,1,960,4,29,4,9
483,Sanasi Sy,fr  FRA,MF,Amiens,19,1999,0.0,1,1,0,0,0,0,0,0,0,0,0,0,1,0,0,1,0,0,0,0,1,0,0,0,0
484,Seydou Sy,sn  SEN,GK,Monaco,22,1995,2.5,63,41,22,8,0,0,0,0,0,0,0,0,39,6,18,4,44,0,0,12,49,0,2,0,0
485,Issiaga Sylla,gn  GUI,"DF,MF",Toulouse,24,1994,22.2,1134,927,207,16,1,218,19,40,1,0,0,0,648,246,240,756,105,56,190,3,860,5,20,31,39
486,Moussa Sylla,fr  FRA,"FW,MF",Monaco,18,1999,8.5,176,158,18,0,1,40,3,7,0,0,0,0,116,35,25,36,111,19,1,1,114,0,5,3,13
487,Eddy Sylvestre,fr  FRA,FW,Nice,18,1999,3.0,109,108,1,0,1,29,0,2,0,0,0,0,95,10,4,92,16,0,1,0,87,1,1,7,3
488,Franck Tabanou,fr  FRA,DF,Guingamp,29,1989,2.0,68,66,2,2,0,9,1,0,0,0,0,0,47,1,20,61,3,2,0,0,53,0,1,1,1
489,Flavien Tait,fr  FRA,"MF,FW",Angers,25,1993,33.2,1560,1387,173,51,10,355,57,95,81,7,17,3,1051,186,323,160,1307,37,40,12,1139,6,32,41,55
490,Adrien Tameze,cm  CMR,MF,Nice,24,1994,32.7,1868,1801,67,51,5,333,42,7,2,0,0,0,1509,171,188,238,1554,48,14,1,1659,5,17,26,30
491,Ciprian Tătărușanu,ro  ROU,GK,Nantes,32,1986,26.6,828,549,279,66,0,72,23,1,0,0,0,0,362,40,426,102,571,0,0,116,580,1,21,0,3
492,Júlio Tavares,cv  CPV,FW,Dijon,29,1988,31.2,731,683,48,1,2,260,6,18,0,0,0,0,341,191,199,133,286,108,11,25,450,1,17,11,35
493,Malik Tchokounté,fr  FRA,"FW,MF",Caen,29,1988,16.4,461,445,16,0,1,126,5,7,0,0,0,0,235,129,97,44,282,57,0,13,310,2,18,13,14
494,Aurélien Tchouaméni,fr  FRA,MF,Bordeaux,18,2000,7.8,277,271,6,6,0,59,8,3,0,0,0,0,215,24,38,27,225,17,0,2,219,0,9,6,7
495,Martin Terrier,fr  FRA,FW,Lyon,21,1997,16.5,547,529,18,6,6,92,10,14,3,2,0,0,408,72,67,35,466,20,8,3,449,1,6,7,14
496,Kenny Tete,nl  NED,DF,Lyon,22,1995,11.6,781,697,84,6,0,114,24,46,0,0,0,0,510,105,166,21,646,25,78,1,634,7,13,16,14
497,Florian Thauvin,fr  FRA,"FW,MF",Marseille,25,1993,29.0,1249,1139,110,26,7,254,47,73,50,7,6,4,861,143,245,1047,155,18,16,6,921,4,33,17,56
498,Sada Thioub,sn  SEN,"FW,MF",Nîmes,23,1995,27.5,988,956,32,0,2,255,17,73,1,0,0,0,688,152,148,137,769,38,29,3,725,4,24,23,39
499,Romain Thomas,fr  FRA,DF,Angers,30,1988,26.6,1214,1157,57,51,0,132,44,0,0,0,0,0,872,110,232,947,151,84,6,4,1041,2,17,6,9
500,Adrien Thomasson,fr  FRA,"MF,FW",Strasbourg,24,1993,27.5,1192,1152,40,8,1,271,33,35,17,0,0,0,899,171,122,222,914,30,10,8,908,5,27,22,58
501,Marcus Thuram,fr  FRA,"FW,MF",Guingamp,20,1997,28.6,851,829,22,1,1,263,15,58,1,0,0,0,578,125,148,155,549,70,4,6,609,3,19,21,25
502,Youri Tielemans,be  BEL,MF,Monaco,21,1997,18.7,978,886,92,55,4,218,39,15,30,0,0,0,667,131,180,204,707,42,6,5,752,3,19,21,23
503,Cheick Timite,ci  CIV,"FW,MF",Amiens,20,1997,16.2,352,343,9,1,1,77,11,23,0,0,0,0,250,50,52,40,294,9,1,0,265,3,7,6,14
504,Jean-Clair Todibo,fr  FRA,DF,Toulouse,18,1999,9.3,436,422,14,12,0,31,8,0,0,0,0,0,344,25,67,72,316,39,2,0,363,1,16,3,5
505,Abdoulaye Touré,fr  FRA,MF,Nantes,24,1994,30.5,1404,1388,16,13,3,276,43,18,0,0,0,0,998,208,198,338,945,89,1,5,1126,5,36,36,26
506,Almamy Touré,ml  MLI,DF,Monaco,22,1996,3.8,242,223,19,2,0,36,6,3,0,0,0,0,173,25,44,29,181,10,17,0,201,1,5,1,2
507,Lucas Tousart,fr  FRA,MF,Lyon,21,1997,19.2,994,980,14,14,1,149,36,3,0,0,0,0,817,75,102,92,832,45,0,6,870,4,22,18,11
508,Adama Traoré,ml  MLI,"MF,FW",Monaco,23,1995,2.7,110,106,4,3,0,31,2,1,1,0,0,0,75,20,15,79,16,7,0,3,88,0,2,4,0
509,Bertrand Traoré,bf  BFA,FW,Lyon,22,1995,23.5,1048,1023,25,4,7,224,22,33,4,0,0,0,831,119,98,872,115,34,13,3,844,1,10,32,37
510,Charles Traore,ml  MLI,DF,Nantes,26,1992,12.9,580,430,150,7,0,99,4,24,0,0,0,0,284,174,122,346,53,24,143,1,423,5,9,8,28
511,Cheick Traoré,ml  MLI,DF,Guingamp,23,1995,16.8,683,479,204,8,0,108,9,46,0,0,0,0,294,109,280,30,416,27,196,0,412,5,21,13,40
512,Gaoussou Traoré,fr  FRA,MF,Amiens,18,1999,1.2,37,37,0,0,0,15,0,0,0,0,0,0,27,6,4,3,28,3,0,0,28,0,1,3,0
513,Hamari Traoré,ml  MLI,DF,Rennes,26,1992,33.0,1939,1545,394,38,5,271,41,66,0,0,0,0,1164,386,389,157,1320,82,356,7,1591,5,40,28,53
514,Ismaël Traoré,ci  CIV,DF,Angers,31,1986,29.3,1115,1073,42,40,2,147,15,1,0,0,0,0,857,88,170,129,923,47,1,6,948,4,19,10,17
515,Driss Trichard,fr  FRA,DF,Bordeaux,23,1995,1.0,48,34,14,1,0,8,1,2,0,0,0,0,22,11,15,30,3,1,13,1,32,0,1,0,1
516,William Vainqueur,fr  FRA,MF,Monaco,29,1988,0.9,65,63,2,2,0,4,0,0,0,0,0,0,54,6,5,3,55,5,0,0,59,0,1,0,1
517,Pierrick Valdivia,fr  FRA,MF,Nîmes,30,1988,0.3,10,9,1,1,0,3,0,0,0,0,0,0,9,0,1,7,2,0,0,0,9,0,0,0,0
518,Theo Valls,fr  FRA,MF,Nîmes,22,1995,19.7,728,705,23,10,4,155,20,10,0,0,0,0,480,104,144,558,88,51,12,5,564,0,9,18,20
519,Marco Verratti,it  ITA,MF,Paris S-G,25,1992,20.9,2089,2009,80,62,25,430,20,6,4,2,0,0,1752,180,157,135,1910,24,14,5,1898,3,15,35,22
520,Carlos Vinícius,br  BRA,"FW,MF",Monaco,23,1995,5.8,109,103,6,0,1,32,0,4,0,0,0,0,54,35,20,72,12,11,0,5,56,0,4,4,10
521,Paul Wade,fr  FRA,FW,Nice,18,2000,0.1,0,0,0,0,0,0,0,0,0,0,0,0,0,0,0,0,0,0,0,0,0,0,0,0,0
522,Anthony Walongwa,cd  COD,DF,Nantes,24,1993,1.0,37,37,0,0,0,4,0,0,0,0,0,0,30,3,4,3,30,0,0,0,34,0,0,0,0
523,Rémi Walter,fr  FRA,"MF,FW",Nice,23,1995,9.3,522,497,25,10,1,101,10,4,11,1,3,2,446,36,40,429,75,10,4,0,462,1,7,8,4
524,Timothy Weah,us  USA,FW,Paris S-G,18,2000,0.6,7,7,0,0,0,1,1,1,0,0,0,0,5,0,2,1,5,0,0,0,3,0,0,0,1
525,Xeka,pt  POR,MF,Lille,23,1994,25.1,1233,1197,36,18,3,170,47,8,16,6,10,0,935,106,192,89,1061,62,2,2,996,3,24,16,28
526,Cédric Yamberé,cf  CTA,DF,Dijon,27,1990,31.2,1220,1163,57,51,1,167,57,0,0,0,0,0,853,99,268,76,1055,63,6,1,1012,3,30,7,11
527,Elie Youan,fr  FRA,FW,Nantes,19,1999,0.2,11,10,1,0,0,1,0,2,0,0,0,0,5,6,0,1,7,1,1,0,9,0,0,0,0
528,Zaydou Youssouf,fr  FRA,"FW,MF",Bordeaux,19,1999,4.7,187,175,12,9,1,46,8,4,2,0,0,0,124,20,43,150,20,11,1,0,140,1,6,3,4
529,Younn Zahary,km  COM,DF,Caen,19,1998,8.2,262,197,65,9,0,26,7,2,0,0,0,0,133,37,92,11,172,18,56,1,188,1,11,3,11
530,Mehdi Zeffane,dz  ALG,DF,Rennes,26,1992,13.5,781,642,139,12,0,160,14,21,0,0,0,0,512,165,104,139,483,25,127,0,649,4,15,14,28
531,Arton Zekaj,xk  KVX,FW,Lille,18,2000,0.0,2,2,0,0,0,0,0,0,0,0,0,0,2,0,0,0,2,0,0,0,1,0,0,0,0
532,Mootaz Zemzemi,tn  TUN,"FW,MF",Strasbourg,18,1999,0.0,3,3,0,0,0,0,0,0,0,0,0,0,3,0,0,2,1,0,0,0,3,0,0,0,0
533,Arber Zeneli,xk  KVX,"FW,MF",Reims,23,1995,9.0,292,262,30,7,1,59,7,22,16,3,1,6,209,43,40,27,244,10,7,3,216,3,6,8,16
534,Kévin Zohi,ml  MLI,"FW,MF",Strasbourg,21,1996,7.0,192,191,1,0,0,40,3,10,0,0,0,0,146,31,15,33,149,3,1,3,141,0,3,4,14
535,Bongani Zungu,za  RSA,MF,Amiens,25,1992,2.6,120,119,1,1,0,8,4,0,0,0,0,0,89,11,20,3,109,6,0,2,100,0,1,0,2
