,Player,Nation,Pos,Squad,Age,Born,90s,Att,Live_Pass Types,Dead_Pass Types,FK_Pass Types,TB_Pass Types,Press_Pass Types,Sw_Pass Types,Crs_Pass Types,CK_Pass Types,In_Corner Kicks,Out_Corner Kicks,Str_Corner Kicks,Ground_Height,Low_Height,High_Height,Left_Body Parts,Right_Body Parts,Head_Body Parts,TI_Body Parts,Other_Body Parts,Cmp,Off_Outcomes,Out_Outcomes,Int_Outcomes,Blocks_Outcomes
0,Tammy Abraham,eng  ENG,FW,Roma,23,1997,34.3,694,626,68,6,5,203,11,24,0,0,0,0,440,150,104,63,482,66,1,24,500,0,10,35,24
1,Francesco Acerbi,it  ITA,DF,Lazio,33,1988,28.2,2006,1935,71,62,2,168,75,1,0,0,0,0,1489,158,359,1525,343,78,1,8,1812,1,22,24,12
2,Michel Aebischer,ch  SUI,MF,Bologna,24,1997,4.9,243,228,15,7,0,43,10,2,7,0,4,0,199,25,19,37,193,6,1,1,216,1,1,5,4
3,Felix Afena-Gyan,gh  GHA,"FW,MF",Roma,18,2003,7.4,164,155,9,1,0,25,4,8,0,0,0,0,128,22,14,10,140,1,6,3,125,0,2,10,10
4,Kevin Agudelo,co  COL,"MF,FW",Spezia,22,1998,13.7,385,373,12,1,0,121,7,13,4,3,1,0,289,52,44,321,29,17,4,1,284,2,10,20,18
5,Ola Aina,ng  NGA,DF,Torino,24,1996,16.0,757,606,151,9,2,85,9,30,0,0,0,0,407,143,207,151,421,29,142,3,546,4,11,23,40
6,Marley Aké,fr  FRA,"MF,FW",Juventus,20,2001,0.9,17,16,1,0,0,4,1,1,0,0,0,0,13,2,2,2,14,0,1,0,13,0,0,3,0
7,Jean-Daniel Akpa-Akpro,ci  CIV,MF,Lazio,28,1992,3.5,113,112,1,1,0,25,1,0,0,0,0,0,84,24,5,20,80,5,0,2,92,0,2,5,5
8,Luis Alberto,es  ESP,MF,Lazio,28,1992,26.1,1976,1774,202,80,12,313,78,50,102,45,37,3,1514,178,284,101,1822,25,11,8,1643,6,18,65,34
9,Giorgio Altare,it  ITA,DF,Cagliari,22,1998,16.3,818,728,90,21,0,92,19,15,0,0,0,0,403,106,309,151,495,77,69,1,563,4,22,21,18
10,Wisdom Amey,it  ITA,DF,Bologna,15,2005,0.8,29,24,5,5,0,1,3,0,0,0,0,0,18,3,8,9,18,1,0,0,20,0,1,0,0
11,Kelvin Amian,fr  FRA,DF,Spezia,23,1998,29.4,1137,870,267,21,1,176,11,16,0,0,0,0,644,310,183,93,731,44,246,2,900,4,26,43,38
12,Nadiem Amiri,de  GER,"MF,FW",Genoa,24,1996,7.6,307,267,40,14,2,42,7,8,13,3,7,0,221,25,61,25,268,8,2,2,227,2,7,13,4
13,Ethan Ampadu,wls  WAL,"MF,DF",Venezia,20,2000,25.4,1154,1039,115,40,2,185,25,19,0,0,0,0,730,143,281,165,810,52,73,7,866,6,26,32,25
14,Sofyan Amrabat,ma  MAR,MF,Fiorentina,24,1996,10.5,711,684,27,27,0,84,32,3,0,0,0,0,558,56,97,33,640,28,0,4,642,0,0,18,14
15,Felipe Anderson,br  BRA,FW,Lazio,28,1993,32.1,1424,1345,79,8,2,210,29,71,13,8,2,1,1066,198,160,216,1117,42,26,8,1108,3,18,73,53
16,Ebenezer Annan,gh  GHA,DF,Bologna,18,2002,0.3,11,8,3,0,0,0,1,0,0,0,0,0,3,2,6,7,1,0,3,0,4,0,0,0,1
17,Cristian Ansaldi,ar  ARG,DF,Torino,34,1986,7.7,413,333,80,8,1,44,18,35,8,4,1,0,189,78,146,111,225,10,64,0,293,3,11,9,17
18,Janis Antiste,fr  FRA,FW,Spezia,18,2002,8.8,212,194,18,0,1,45,1,10,0,0,0,0,134,34,44,29,145,19,5,2,139,2,2,9,11
19,Mattia Aramu,it  ITA,"MF,FW",Venezia,26,1995,23.3,804,632,172,38,2,139,42,60,68,33,29,1,478,105,221,662,85,15,22,11,529,6,19,40,36
20,Marko Arnautović,at  AUT,FW,Bologna,32,1989,29.9,927,872,55,0,3,268,12,20,0,0,0,0,607,186,134,108,687,68,8,23,683,3,6,49,35
21,Tolgay Arslan,de  GER,MF,Udinese,30,1990,18.4,681,647,34,21,2,109,13,25,7,2,5,0,509,68,104,72,570,27,3,3,547,0,8,24,25
22,Arthur,br  BRA,FW,Fiorentina,23,1998,8.3,144,128,16,0,0,33,4,2,0,0,0,0,103,16,25,12,115,7,0,3,114,0,3,2,6
23,Kristoffer Askildsen,no  NOR,MF,Sampdoria,20,2001,8.4,228,219,9,7,0,53,2,1,0,0,0,0,113,51,64,43,144,15,2,5,156,3,4,12,10
24,Kristjan Asllani,al  ALB,MF,Empoli,19,2002,15.0,746,694,52,31,0,76,39,13,16,9,4,0,545,50,151,188,537,12,3,1,617,1,14,22,9
25,Emil Audero,it  ITA,GK,Sampdoria,24,1997,28.4,999,700,299,84,1,89,14,0,0,0,0,0,440,44,515,98,754,0,1,118,693,7,18,8,1
26,Tommaso Augello,it  ITA,DF,Sampdoria,26,1994,26.6,1384,1115,269,32,1,167,18,61,4,0,0,0,724,315,345,989,65,62,233,3,1062,3,16,38,65
27,Ramzi Aya,it  ITA,DF,Salernitana,30,1990,1.5,28,23,5,1,0,0,0,1,0,0,0,0,14,3,11,2,20,2,4,0,18,0,2,0,0
28,Kaan Ayhan,tr  TUR,DF,Sassuolo,26,1994,15.0,869,824,45,38,0,88,38,1,0,0,0,0,705,44,120,52,758,31,3,5,788,4,12,10,3
29,Milan Badelj,hr  CRO,MF,Genoa,32,1989,31.6,1601,1555,46,43,1,264,47,10,0,0,0,0,1003,239,359,245,1221,84,3,9,1262,7,26,54,34
30,Nicola Bagnolini,it  ITA,GK,Bologna,17,2004,0.0,4,1,3,2,0,0,0,0,0,0,0,0,0,0,4,0,3,0,0,0,0,0,1,0,0
31,Issa Bah,lu  LUX,FW,Venezia,19,2002,0.1,6,6,0,0,0,3,0,0,0,0,0,0,5,0,1,1,4,0,0,0,5,0,0,1,0
32,Nedim Bajrami,al  ALB,"MF,FW",Empoli,22,1999,22.8,884,728,156,33,1,137,46,66,95,30,45,11,637,67,180,68,791,14,9,1,628,5,16,34,38
33,Tiemoué Bakayoko,fr  FRA,MF,Milan,26,1994,5.6,312,310,2,2,1,36,10,1,0,0,0,0,235,42,35,54,222,19,0,2,276,0,2,4,2
34,Tommaso Baldanzi,it  ITA,FW,Empoli,18,2003,0.2,7,6,1,0,0,0,0,0,1,0,0,0,7,0,0,6,1,0,0,0,5,0,0,0,1
35,Keita Baldé,sn  SEN,"FW,MF",Cagliari,26,1995,13.7,269,259,10,1,0,91,2,8,0,0,0,0,171,55,43,52,170,17,0,6,199,0,6,11,11
36,Fodé Ballo-Touré,sn  SEN,DF,Milan,24,1997,5.0,273,237,36,5,0,30,3,16,0,0,0,0,191,48,34,201,26,10,31,1,231,1,1,2,11
37,Filippo Bandinelli,it  ITA,MF,Empoli,26,1995,21.7,756,729,27,7,2,128,26,50,6,0,2,0,528,85,143,582,133,17,12,2,572,7,18,27,29
38,Mattia Bani,it  ITA,DF,Genoa,27,1993,13.5,459,418,41,32,0,71,11,0,0,0,0,0,246,61,152,24,342,48,0,11,337,2,12,7,7
39,Antonín Barák,cz  CZE,"FW,MF",Hellas Verona,26,1994,26.0,1109,1093,16,3,2,300,14,17,0,0,0,0,826,160,123,863,147,49,6,6,890,7,17,46,40
40,Francesco Bardi,it  ITA,GK,Bologna,29,1992,2.0,50,31,19,6,0,4,0,0,0,0,0,0,25,2,23,5,38,0,0,6,34,1,1,0,0
41,Nicolò Barella,it  ITA,MF,Inter,24,1997,32.4,1848,1816,32,17,6,276,41,67,2,1,0,0,1382,227,239,215,1566,25,12,10,1544,8,18,59,42
42,Musa Barrow,gm  GAM,"FW,MF",Bologna,22,1998,23.7,939,843,96,26,4,172,64,53,58,36,7,2,639,113,187,96,785,18,9,10,714,3,14,29,25
43,Toma Bašić,hr  CRO,MF,Lazio,24,1996,10.9,453,440,13,9,1,59,4,10,0,0,0,0,362,44,47,363,63,19,0,1,383,0,5,12,12
44,Alessandro Bastoni,it  ITA,DF,Inter,22,1999,25.7,1798,1684,114,55,2,187,66,21,2,0,0,0,1378,161,259,1475,201,48,29,5,1601,6,18,29,31
45,Simone Bastoni,it  ITA,"MF,DF",Spezia,24,1996,25.4,1210,1012,198,58,1,195,55,59,37,13,20,0,642,241,327,865,190,25,103,4,888,7,33,40,46
46,Rodrigo Becão,br  BRA,DF,Udinese,25,1996,34.8,1398,1245,153,48,0,144,21,12,0,0,0,0,1000,124,274,87,1114,40,104,13,1114,1,28,26,28
47,Valon Behrami,ch  SUI,MF,Genoa,36,1985,3.5,70,66,4,2,1,13,1,3,0,0,0,0,47,10,13,6,57,5,2,0,51,0,1,4,2
48,Vid Belec,si  SVN,GK,Salernitana,31,1990,21.5,579,334,245,65,0,22,7,0,0,0,0,0,193,28,358,34,413,0,1,77,363,2,11,4,3
49,Raoul Bellanova,it  ITA,DF,Cagliari,21,2000,27.7,940,840,100,6,0,138,38,84,1,1,0,0,559,159,222,82,710,38,92,3,678,1,15,40,36
50,Andrea Belotti,it  ITA,FW,Torino,27,1993,15.2,359,337,22,1,0,122,6,10,0,0,0,0,226,79,54,69,218,17,1,3,254,1,6,16,16
51,Filip Benković,hr  CRO,"DF,FW",Udinese,24,1997,0.1,6,6,0,0,0,1,0,0,0,0,0,0,5,0,1,1,4,0,0,0,5,0,0,0,0
52,Ismaël Bennacer,dz  ALG,MF,Milan,23,1997,16.9,1097,1030,67,50,6,157,53,15,13,3,4,1,836,80,181,933,110,36,4,1,953,5,16,29,5
53,Rodrigo Bentancur,uy  URU,MF,Juventus,24,1997,12.8,756,745,11,11,1,107,15,4,0,0,0,0,626,51,79,133,577,28,0,1,660,0,6,23,17
54,Alessandro Berardi,it  ITA,GK,Hellas Verona,30,1991,1.0,30,21,9,2,0,9,0,0,0,0,0,0,11,0,19,0,24,0,0,5,14,0,1,0,0
55,Domenico Berardi,it  ITA,FW,Sassuolo,26,1994,31.3,1416,1302,114,42,6,289,89,51,59,37,5,2,914,204,298,1171,156,44,13,11,1017,4,24,64,72
56,Bartosz Bereszyński,pl  POL,DF,Sampdoria,29,1992,32.7,1645,1358,287,45,0,217,25,49,1,0,0,0,1011,319,315,116,1190,62,241,5,1285,4,20,60,62
57,Etrit Berisha,al  ALB,GK,Torino,32,1989,10.0,320,215,105,28,0,18,4,0,0,0,0,0,104,13,203,201,57,0,0,38,169,1,12,1,2
58,Federico Bernardeschi,it  ITA,"MF,FW",Juventus,27,1994,16.4,599,549,50,14,2,86,33,33,23,7,9,1,422,73,104,537,31,11,13,2,460,4,12,27,25
59,Nicolò Bertola,it  ITA,"MF,DF",Spezia,18,2003,0.4,14,14,0,0,0,4,0,0,0,0,0,0,8,3,3,4,7,1,0,1,9,0,0,1,1
60,Daniel Bessa,it  ITA,"MF,FW",Hellas Verona,28,1993,8.5,482,458,24,13,1,97,14,11,8,3,4,0,361,52,69,17,435,13,3,5,389,2,8,16,12
61,Beto,gw  GNB,FW,Udinese,23,1998,24.1,375,348,27,0,0,122,8,12,0,0,0,0,227,71,77,30,245,30,3,12,267,0,1,22,8
62,Luis Binks,eng  ENG,DF,Bologna,19,2001,7.2,324,305,19,17,0,36,8,0,0,0,0,0,219,34,71,258,27,26,1,1,271,2,6,4,8
63,Cristiano Biraghi,it  ITA,DF,Fiorentina,28,1992,35.0,2585,2008,577,132,0,169,115,142,120,23,74,3,1533,468,584,2002,192,57,325,4,2084,8,31,67,67
64,Davide Biraschi,it  ITA,DF,Genoa,27,1994,10.3,432,382,50,16,0,62,4,8,0,0,0,0,255,47,130,16,354,24,23,1,317,2,7,12,7
65,Bjarki Bjarkason,is  ISL,FW,Venezia,21,2000,0.0,2,2,0,0,0,0,0,0,0,0,0,0,2,0,0,0,2,0,0,0,1,0,0,0,0
66,Luka Bogdan,hr  CRO,DF,Salernitana,25,1996,4.4,123,111,12,5,0,9,1,2,0,0,0,0,69,13,41,28,77,8,7,1,88,1,1,1,4
67,Emil Bohinen,no  NOR,MF,Salernitana,22,1999,7.8,296,263,33,22,0,56,10,7,11,0,11,0,223,29,44,212,69,10,0,1,240,0,5,6,9
68,Giacomo Bonaventura,it  ITA,MF,Fiorentina,31,1989,25.2,1214,1165,49,25,3,196,39,18,18,0,14,0,927,113,174,294,865,30,2,9,1011,5,16,45,23
69,Federico Bonazzoli,it  ITA,"FW,MF",Salernitana,24,1997,20.7,554,492,62,7,1,110,42,8,10,4,5,0,367,83,104,436,86,15,2,5,415,1,9,19,26
70,Kevin Bonifazi,it  ITA,DF,Bologna,25,1996,13.4,673,637,36,29,1,82,27,3,0,0,0,0,460,74,139,232,396,19,5,4,556,0,13,13,9
71,Leonardo Bonucci,it  ITA,DF,Juventus,34,1987,22.3,1280,1190,90,62,1,101,69,2,0,0,0,0,875,121,284,233,983,31,3,6,1107,9,9,25,10
72,Mehdi Bourabia,ma  MAR,MF,Spezia,29,1991,3.1,116,98,18,16,0,15,0,0,2,2,0,0,88,10,18,16,94,5,0,0,93,1,5,4,2
73,Edoardo Bove,it  ITA,"MF,FW",Roma,19,2002,0.8,36,33,3,3,0,3,2,2,0,0,0,0,29,2,5,1,32,3,0,0,31,0,0,1,1
74,Josip Brekalo,hr  CRO,"FW,MF",Torino,23,1998,25.4,1179,1065,114,40,6,225,64,78,51,17,21,1,780,159,240,169,941,31,13,8,846,10,21,42,53
75,Gleison Bremer,br  BRA,DF,Torino,24,1997,32.1,1403,1376,27,23,0,215,23,1,0,0,0,0,996,143,264,201,1022,83,1,8,1194,3,19,9,16
76,Marcelo Brozović,hr  CRO,MF,Inter,28,1992,32.6,2594,2481,113,99,3,299,109,16,5,3,2,0,2010,279,305,458,2034,69,8,8,2375,2,17,51,21
77,Aleksander Buksa,pl  POL,FW,Genoa,18,2003,0.7,15,14,1,0,0,5,0,1,0,0,0,0,8,3,4,8,2,1,0,1,6,0,0,2,1
78,Alessandro Buongiorno,it  ITA,DF,Torino,22,1999,13.1,545,528,17,15,1,65,8,6,0,0,0,0,387,49,109,400,61,45,2,3,442,2,21,11,10
79,Gianluca Busio,us  USA,MF,Venezia,19,2002,21.7,904,847,57,33,0,146,34,13,19,7,11,0,652,96,156,93,748,31,4,2,749,5,14,22,21
80,Jovane Cabral,cv  CPV,FW,Lazio,23,1998,2.1,36,33,3,1,0,7,1,1,0,0,0,0,29,3,4,8,26,2,0,0,32,0,0,0,2
81,Liberato Cacace,nz  NZL,DF,Empoli,20,2000,5.2,237,193,44,3,0,19,4,9,0,0,0,0,149,51,37,160,31,5,41,0,196,1,2,9,6
82,Martín Cáceres,uy  URU,DF,Cagliari,34,1987,9.2,458,381,77,17,0,38,22,12,0,0,0,0,219,79,160,77,283,29,60,3,318,2,7,18,14
83,Davide Calabria,it  ITA,DF,Milan,24,1996,23.5,1267,1056,211,21,2,119,33,43,11,0,9,0,726,231,310,114,919,43,179,1,965,4,19,47,35
84,Mattia Caldara,it  ITA,DF,Venezia,27,1994,30.0,1153,1101,52,42,0,122,21,2,0,0,0,0,764,96,293,110,921,72,8,4,938,4,24,26,9
85,Hakan Çalhanoğlu,tr  TUR,MF,Inter,27,1994,27.6,1823,1614,209,51,5,211,126,53,146,44,81,11,1284,153,386,162,1602,30,7,12,1492,5,18,56,32
86,José Callejón,es  ESP,FW,Fiorentina,34,1987,14.4,619,581,38,10,1,59,26,34,24,4,15,0,422,89,108,87,493,25,4,3,486,3,12,27,16
87,Andrea Cambiaso,it  ITA,DF,Genoa,21,2000,19.9,909,747,162,8,0,138,17,49,1,0,1,0,538,208,163,429,289,27,153,3,709,1,22,29,41
88,Matteo Cancellieri,it  ITA,"MF,DF",Hellas Verona,19,2002,2.5,68,60,8,1,0,15,1,6,0,0,0,0,44,16,8,44,8,4,7,0,47,0,1,2,4
89,Antonio Candreva,it  ITA,"MF,FW",Sampdoria,34,1987,34.7,1935,1688,247,73,1,242,155,184,115,20,68,3,1007,268,660,329,1509,26,58,10,1293,14,53,72,95
90,Leonardo Capezzi,it  ITA,MF,Salernitana,26,1995,1.9,48,44,4,2,0,6,0,0,1,0,0,0,34,9,5,5,38,3,1,0,41,0,0,0,3
91,Gianluca Caprari,it  ITA,"FW,MF",Hellas Verona,28,1993,30.4,1272,1162,110,18,7,251,31,61,73,31,16,4,948,142,182,170,1049,29,10,7,965,11,29,65,49
92,Andrea Carboni,it  ITA,DF,Cagliari,20,2001,24.6,1076,1025,51,34,1,101,27,22,0,0,0,0,688,97,291,831,119,69,16,3,811,5,32,31,28
93,Nicolò Casale,it  ITA,DF,Hellas Verona,23,1998,28.7,1182,1109,73,41,0,150,17,13,1,0,1,0,823,158,201,178,814,105,31,1,966,5,18,30,30
94,Francesco Cassata,it  ITA,MF,Genoa,24,1997,0.1,1,1,0,0,0,0,1,1,0,0,0,0,0,0,1,0,1,0,0,0,1,0,0,0,0
95,Samu Castillejo,es  ESP,"FW,MF",Milan,26,1995,1.4,68,64,4,0,0,13,3,5,2,2,0,0,46,7,15,54,10,0,2,0,56,0,0,0,2
96,Gaetano Castrovilli,it  ITA,MF,Fiorentina,24,1997,15.5,551,517,34,15,2,128,17,25,12,0,10,0,375,73,103,105,422,9,6,4,410,3,11,20,24
97,Danilo Cataldi,it  ITA,MF,Lazio,26,1994,19.0,1388,1277,111,58,1,139,46,16,49,18,25,1,1072,107,209,285,1067,27,1,4,1192,4,14,21,17
98,Pietro Ceccaroni,it  ITA,DF,Venezia,25,1995,34.7,1703,1595,108,61,0,198,6,15,0,0,0,0,1216,162,325,1291,268,62,44,3,1415,1,27,52,30
99,Federico Ceccherini,it  ITA,DF,Hellas Verona,29,1992,26.2,1215,1160,55,35,1,175,22,5,0,0,0,0,804,152,259,309,746,89,20,6,983,5,26,38,21
100,Emil Ceide,no  NOR,"FW,DF",Sassuolo,19,2001,0.6,25,22,3,0,0,9,0,0,1,0,0,0,19,5,1,6,16,0,1,0,13,0,1,1,4
101,Luca Ceppitelli,it  ITA,DF,Cagliari,31,1989,16.1,800,769,31,27,0,80,22,3,0,0,0,0,561,70,169,168,550,42,4,3,670,5,9,5,12
102,Damir Ceter,co  COL,FW,Cagliari,23,1997,0.1,2,2,0,0,0,1,0,0,0,0,0,0,1,0,1,0,2,0,0,0,1,0,1,0,0
103,Julian Chabot,de  GER,DF,Sampdoria,23,1998,5.4,245,224,21,14,0,19,11,0,0,0,0,0,159,18,68,199,19,11,7,1,202,2,7,5,0
104,Giorgio Chiellini,it  ITA,DF,Juventus,36,1984,15.0,923,878,45,25,0,77,26,1,0,0,0,0,648,101,174,652,198,31,10,8,780,5,24,17,10
105,Federico Chiesa,it  ITA,"MF,FW",Juventus,23,1997,9.6,284,252,32,1,0,55,19,23,17,8,4,1,181,53,50,43,218,7,12,2,219,3,6,13,9
106,Vlad Chiricheș,ro  ROU,DF,Sassuolo,31,1989,25.6,1339,1281,58,50,0,109,48,0,0,0,0,0,1121,94,124,113,1154,42,3,7,1227,2,10,29,7
107,Riccardo Ciervo,it  ITA,"MF,DF",Sampdoria,19,2002,2.5,73,68,5,1,0,12,3,9,1,1,0,0,49,13,11,13,56,0,3,1,52,1,0,1,5
108,Moustapha Cissé,gn  GUI,FW,Atalanta,17,2003,0.4,11,11,0,0,0,6,0,0,0,0,0,0,6,3,2,1,6,0,0,0,7,0,0,2,1
109,Giorgio Cittadini,it  ITA,DF,Atalanta,19,2002,0.0,2,2,0,0,0,1,0,0,0,0,0,0,1,0,1,0,2,0,0,0,1,0,1,0,0
110,Ebrima Colley,gm  GAM,"FW,MF",Spezia,21,2000,4.4,127,117,10,3,2,19,6,12,5,2,2,0,85,19,23,18,98,8,2,1,87,1,2,5,3
111,Omar Colley,gm  GAM,DF,Sampdoria,28,1992,30.5,1425,1335,90,56,0,134,32,0,0,0,0,0,1035,112,278,934,350,88,3,4,1200,2,23,28,10
112,Andrea Consigli,it  ITA,GK,Sassuolo,34,1987,36.9,1466,1079,387,135,1,99,36,0,0,0,0,0,828,81,557,86,1178,2,0,160,1146,4,27,16,2
113,Diego Coppola,it  ITA,DF,Hellas Verona,17,2003,2.8,95,95,0,0,0,27,0,1,0,0,0,0,61,14,20,14,71,2,0,1,76,0,1,2,3
114,Joaquín Correa,ar  ARG,FW,Inter,26,1994,11.4,343,336,7,1,1,65,6,11,1,0,0,0,283,43,17,24,291,10,1,9,286,1,6,10,7
115,Lassana Coulibaly,ml  MLI,MF,Salernitana,25,1996,25.9,856,829,27,20,0,125,11,9,1,0,1,0,661,90,105,43,759,25,3,6,700,3,15,25,26
116,Mamadou Coulibaly,sn  SEN,MF,Salernitana,22,1999,9.0,333,328,5,4,0,63,8,5,0,0,0,0,233,56,44,75,237,12,1,0,254,1,2,12,22
117,Alessio Cragno,it  ITA,GK,Cagliari,27,1994,35.0,1214,760,454,139,0,59,23,0,0,0,0,0,386,37,791,120,907,1,0,112,755,9,36,7,3
118,Domenico Criscito,it  ITA,DF,Genoa,34,1986,18.0,1005,846,159,53,0,99,28,38,7,3,3,1,595,178,232,729,114,47,91,5,791,11,15,21,15
119,Bryan Cristante,it  ITA,MF,Roma,26,1995,29.8,1794,1727,67,62,4,270,66,14,0,0,0,0,1229,189,376,191,1447,83,5,1,1478,5,22,47,29
120,Domen Črnigoj,si  SVN,"MF,DF",Venezia,25,1995,20.9,670,643,27,7,0,130,13,23,0,0,0,0,468,78,124,119,478,30,20,2,499,1,15,29,37
121,Giovanni Crociata,it  ITA,FW,Empoli,23,1997,0.2,9,9,0,0,0,1,0,0,0,0,0,0,8,1,0,0,9,0,0,0,7,0,1,0,0
122,Juan Cuadrado,co  COL,"DF,MF",Juventus,33,1988,27.6,1868,1651,217,55,0,154,110,81,54,26,22,1,1312,238,318,203,1501,33,108,7,1589,3,19,45,29
123,Mickaël Cuisance,fr  FRA,MF,Venezia,21,1999,10.2,367,341,26,10,1,79,11,8,9,4,3,1,273,38,56,277,63,10,3,1,285,0,4,19,7
124,Patrick Cutrone,it  ITA,FW,Empoli,23,1998,15.6,253,229,24,1,0,62,6,20,0,0,0,0,178,39,36,42,188,8,3,6,172,1,4,12,19
125,Danilo D'Ambrosio,it  ITA,DF,Inter,32,1988,11.1,737,712,25,18,1,59,25,5,0,0,0,0,571,63,103,202,493,22,7,2,654,0,10,9,9
126,Mikkel Damsgaard,dk  DEN,"MF,FW",Sampdoria,21,2000,6.4,268,263,5,1,1,64,2,9,0,0,0,0,185,50,33,34,216,8,4,2,203,5,4,12,8
127,Danilo,br  BRA,"DF,MF",Juventus,30,1991,21.0,1450,1265,185,37,0,111,31,13,0,0,0,0,1010,230,210,111,1136,33,147,6,1262,8,21,28,21
128,Ebrima Darboe,gm  GAM,MF,Roma,20,2001,0.7,40,37,3,3,0,7,3,0,0,0,0,0,37,2,1,3,36,1,0,0,38,0,0,2,0
129,Matteo Darmian,it  ITA,DF,Inter,31,1989,16.7,701,571,130,9,2,86,9,37,0,0,0,0,423,167,111,108,437,18,121,5,563,3,4,31,30
130,Paweł Dawidowicz,pl  POL,DF,Hellas Verona,26,1995,13.3,610,592,18,12,0,62,8,4,0,0,0,0,451,66,93,199,337,47,6,1,526,3,8,12,12
131,Sebastien De Maio,fr  FRA,DF,Udinese,34,1987,2.0,75,72,3,2,0,9,1,0,0,0,0,0,37,6,32,12,53,8,0,0,53,0,2,1,2
132,Tommaso De Nipoti,it  ITA,MF,Atalanta,18,2003,0.1,2,2,0,0,0,1,0,0,0,0,0,0,1,1,0,1,0,0,0,0,1,0,1,0,0
133,Mattia De Sciglio,it  ITA,DF,Juventus,28,1992,13.0,668,556,112,11,0,76,23,33,9,7,2,0,381,140,147,118,418,29,92,2,543,4,9,17,20
134,Lorenzo De Silvestri,it  ITA,DF,Bologna,33,1988,25.5,1346,1109,237,20,0,194,15,48,0,0,0,0,673,268,405,121,841,92,217,3,999,5,22,34,48
135,Grégoire Defrel,mq  MTQ,FW,Sassuolo,30,1991,15.1,399,368,31,3,2,92,3,0,4,1,1,0,337,37,25,327,49,8,0,5,341,0,3,11,3
136,Alessandro Deiola,it  ITA,MF,Cagliari,25,1995,23.7,771,759,12,11,0,151,27,11,1,1,0,0,489,124,158,56,606,69,0,3,600,3,21,18,24
137,Filippo Delli Carri,it  ITA,DF,Salernitana,22,1999,3.7,120,98,22,4,0,18,1,3,0,0,0,0,74,15,31,9,84,7,18,0,86,0,3,5,6
138,Merih Demiral,tr  TUR,DF,Atalanta,23,1998,21.3,805,754,51,49,0,85,18,1,0,0,0,0,604,79,122,102,608,46,2,1,703,0,12,10,8
139,Diego Demme,de  GER,MF,Napoli,29,1991,7.7,600,592,8,7,0,87,9,6,0,0,0,0,493,40,67,82,500,11,1,2,541,0,6,13,3
140,Mattia Destro,it  ITA,FW,Genoa,30,1991,19.4,347,304,43,0,1,103,4,5,0,0,0,0,180,84,83,19,209,49,3,16,210,1,9,17,9
141,Gerard Deulofeu,es  ESP,"FW,MF",Udinese,27,1994,29.1,1106,891,215,63,5,152,47,89,121,36,53,2,772,126,208,81,997,3,10,13,772,7,15,53,68
142,Jacopo Dezi,it  ITA,MF,Venezia,29,1992,0.2,26,24,2,0,0,2,2,1,2,1,1,0,18,0,8,3,21,1,0,0,22,1,0,0,0
143,Samuel Di Carmine,it  ITA,FW,Hellas Verona,32,1988,0.4,5,4,1,0,0,2,0,0,0,0,0,0,3,0,2,0,3,2,0,0,5,0,0,0,0
144,Federico Di Francesco,it  ITA,"FW,MF",Empoli,27,1994,15.2,385,369,16,1,0,76,11,32,7,3,3,0,251,52,82,41,313,21,2,3,258,2,9,25,13
145,Giovanni Di Lorenzo,it  ITA,DF,Napoli,27,1993,31.9,2309,1967,342,53,0,244,43,47,1,0,0,0,1620,452,237,309,1621,52,288,5,2032,3,19,53,58
146,Francesco Di Mariano,it  ITA,FW,Venezia,25,1996,0.7,14,14,0,0,0,3,0,2,0,0,0,0,11,1,2,1,13,0,0,0,11,0,0,1,0
147,Francesco Di Tacchio,it  ITA,MF,Salernitana,31,1990,13.9,536,490,46,42,0,71,11,3,0,0,0,0,366,59,111,415,74,33,1,2,433,3,6,11,13
148,Amadou Diawara,gn  GUI,MF,Roma,24,1997,1.9,70,67,3,2,0,14,0,0,0,0,0,0,51,8,11,6,58,3,1,0,55,0,0,3,2
149,Brahim Díaz,es  ESP,MF,Milan,21,1999,20.6,730,698,32,5,1,122,13,16,3,0,0,0,599,72,59,243,462,11,2,6,616,9,2,33,12
150,Mitchell Dijks,nl  NED,DF,Bologna,28,1993,7.7,346,268,78,2,0,43,3,18,0,0,0,0,200,74,72,212,43,8,76,2,265,0,2,11,19
151,Federico Dimarco,it  ITA,DF,Inter,23,1997,15.9,1212,1024,188,37,2,101,68,57,73,19,43,1,783,155,274,1044,87,10,62,2,996,2,16,27,35
152,Filippo Distefano,it  ITA,FW,Fiorentina,17,2003,0.0,2,2,0,0,0,0,0,0,0,0,0,0,2,0,0,1,1,0,0,0,2,0,0,0,0
153,Koffi Djidji,ci  CIV,DF,Torino,28,1992,19.3,828,778,50,33,0,81,16,11,0,0,0,0,607,69,152,38,698,43,16,6,700,2,21,10,9
154,Berat Djimsiti,al  ALB,DF,Atalanta,28,1993,25.1,1427,1342,85,42,1,160,30,10,0,0,0,0,1038,156,233,344,928,62,43,5,1213,3,24,36,23
155,Nicolás Domínguez,ar  ARG,MF,Bologna,23,1998,22.4,1196,1140,56,39,3,176,40,9,0,0,0,0,787,189,220,231,872,65,3,3,982,3,17,42,28
156,Bartłomiej Drągowski,pl  POL,GK,Fiorentina,23,1997,6.2,344,297,47,8,0,22,14,0,0,0,0,0,212,15,117,35,280,0,0,23,271,1,13,2,1
157,Denzel Dumfries,nl  NED,DF,Inter,25,1996,22.5,864,720,144,1,0,129,13,52,0,0,0,0,528,180,156,95,540,47,143,3,647,4,4,35,35
158,Alfred Duncan,gh  GHA,MF,Fiorentina,28,1993,21.5,950,928,22,11,5,126,51,29,3,1,0,0,677,123,150,849,48,28,8,3,751,6,20,43,36
159,Paulo Dybala,ar  ARG,"FW,MF",Juventus,27,1993,22.9,1130,1019,111,27,1,168,66,33,40,11,19,1,814,155,161,982,100,21,7,16,916,4,15,40,28
160,Edin Džeko,ba  BIH,FW,Inter,35,1986,27.4,814,786,28,1,1,233,32,37,0,0,0,0,499,149,166,179,506,44,2,20,577,2,15,55,37
161,Tyronne Ebuehi,ng  NGA,DF,Venezia,25,1995,12.6,508,410,98,4,0,86,4,20,0,0,0,0,302,114,92,49,335,18,94,1,397,0,9,12,27
162,Éderson,br  BRA,MF,Salernitana,22,1999,12.7,371,368,3,3,2,89,13,6,0,0,0,0,292,34,45,38,311,12,0,2,303,1,5,13,15
163,Albin Ekdal,se  SWE,MF,Sampdoria,32,1989,18.2,721,672,49,47,0,126,11,1,0,0,0,0,481,115,125,77,568,51,2,3,583,3,5,20,16
164,Caleb Ekuban,gh  GHA,"FW,MF",Genoa,27,1994,19.1,434,417,17,1,2,136,4,11,0,0,0,0,303,76,55,81,286,22,1,14,302,0,8,37,20
165,Elif Elmas,mk  MKD,"FW,MF",Napoli,21,1999,18.0,824,794,30,7,0,107,13,8,9,3,2,0,687,89,48,137,662,11,7,1,715,4,7,29,14
166,Martin Erlic,hr  CRO,DF,Spezia,23,1998,28.6,1048,997,51,46,1,117,35,3,0,0,0,0,712,103,233,136,787,84,1,2,855,4,34,17,5
167,Gonzalo Escalante,ar  ARG,MF,Lazio,28,1993,0.1,5,4,1,1,0,2,0,0,0,0,0,0,3,1,1,0,5,0,0,0,4,0,0,0,0
168,Diego Falcinelli,it  ITA,"FW,MF",Bologna,30,1991,0.7,21,20,1,1,0,10,1,0,0,0,0,0,14,3,4,7,9,2,0,0,13,0,0,1,0
169,Wladimiro Falcone,it  ITA,GK,Sampdoria,26,1995,9.5,358,262,96,22,0,37,7,0,0,0,0,0,165,9,184,36,259,1,0,44,250,1,6,1,1
170,Paolo Faragò,it  ITA,MF,Cagliari,28,1993,0.2,8,8,0,0,0,2,0,0,0,0,0,0,5,1,2,0,6,1,0,0,7,0,0,0,0
171,Davide Faraoni,it  ITA,DF,Hellas Verona,29,1991,28.6,1369,1073,296,18,3,166,40,72,0,0,0,0,560,363,446,145,855,59,278,2,959,12,50,60,52
172,Mohamed Fares,dz  ALG,"DF,FW",Genoa,25,1996,6.5,258,209,49,5,0,47,14,19,0,0,0,0,129,65,64,175,23,9,44,1,178,5,3,10,15
173,Diego Farias,br  BRA,"MF,FW",Cagliari,31,1990,0.7,35,34,1,0,0,7,1,2,0,0,0,0,25,3,7,6,26,0,1,0,29,0,1,1,2
174,Andrea Favilli,it  ITA,FW,Genoa,24,1997,0.4,6,4,2,0,0,1,0,0,0,0,0,0,6,0,0,5,1,0,0,0,5,0,0,1,0
175,Federico Fazio,ar  ARG,DF,Salernitana,34,1987,15.9,625,573,52,34,0,105,13,5,0,0,0,0,421,72,132,138,388,46,18,2,518,2,4,14,9
176,Luiz Felipe,it  ITA,DF,Lazio,24,1997,27.7,1818,1747,71,56,0,134,37,2,0,0,0,0,1549,130,139,184,1535,52,11,4,1673,3,9,30,12
177,Alex Ferrari,it  ITA,DF,Sampdoria,27,1994,18.3,813,740,73,47,0,101,10,4,0,0,0,0,605,80,128,166,579,28,22,2,688,2,16,20,16
178,Salvador Ferrer,es  ESP,"DF,MF",Spezia,23,1998,16.6,754,629,125,12,0,98,26,33,3,1,2,0,415,161,178,54,535,32,110,2,588,1,9,34,26
179,Riccardo Fiamozzi,it  ITA,DF,Empoli,28,1993,6.9,388,303,85,5,3,34,15,12,1,1,0,0,213,84,91,26,279,3,79,0,292,0,6,20,20
180,Luca Fiordilino,it  ITA,MF,Venezia,25,1996,7.3,295,284,11,7,0,35,10,5,2,0,0,0,228,28,39,12,266,9,1,2,251,1,4,10,6
181,Vincenzo Fiorillo,it  ITA,GK,Salernitana,31,1990,1.0,31,19,12,1,0,5,0,0,0,0,0,0,8,4,19,1,25,0,0,4,23,0,0,0,0
182,Alessandro Florenzi,it  ITA,"DF,FW",Milan,30,1991,12.8,805,685,120,22,1,62,36,31,17,8,5,1,455,163,187,43,650,15,81,5,650,4,9,18,19
183,Fernando Forestieri,it  ITA,"FW,MF",Udinese,31,1990,0.6,23,20,3,1,0,0,0,3,1,1,0,0,15,2,6,1,20,1,1,0,16,0,0,1,1
184,Francesco Forte,it  ITA,FW,Venezia,28,1993,4.7,77,70,7,0,0,32,1,3,0,0,0,0,44,16,17,41,14,7,0,3,55,0,3,4,3
185,Gianluca Frabotta,it  ITA,"DF,FW",Hellas Verona,22,1999,0.2,9,9,0,0,0,0,0,0,0,0,0,0,6,0,3,6,1,2,0,0,4,0,0,0,0
186,Davide Frattesi,it  ITA,MF,Sassuolo,21,1999,31.7,1265,1230,35,28,2,197,30,19,1,1,0,0,1029,109,127,225,978,39,6,7,1059,3,21,44,36
187,Morten Frendrup,dk  DEN,"DF,MF",Genoa,20,2001,7.7,357,283,74,4,0,61,5,6,0,0,0,0,178,84,95,66,187,23,70,1,251,0,11,10,23
188,Remo Freuler,ch  SUI,MF,Atalanta,29,1992,26.3,1689,1616,73,59,1,194,32,22,2,1,0,0,1332,160,197,222,1370,55,12,7,1450,5,27,47,23
189,Matteo Gabbia,it  ITA,DF,Milan,21,1999,6.0,418,403,15,9,0,37,12,0,0,0,0,0,329,16,73,70,311,18,0,1,368,1,5,5,2
190,Manolo Gabbiadini,it  ITA,"FW,MF",Sampdoria,29,1991,12.7,340,315,25,4,3,91,8,11,12,4,3,0,190,80,70,257,34,20,2,10,225,2,8,25,17
191,Gianluca Gaetano,it  ITA,MF,Napoli,21,2000,0.2,11,11,0,0,0,2,0,0,0,0,0,0,9,2,0,1,9,0,0,0,9,0,0,0,1
192,Luca Gagliano,it  ITA,"MF,DF",Cagliari,21,2000,0.1,5,5,0,0,0,2,0,0,0,0,0,0,3,1,1,4,0,1,0,0,4,0,1,0,0
193,Roberto Gagliardini,it  ITA,MF,Inter,27,1994,7.2,349,343,6,4,2,45,7,5,0,0,0,0,270,37,42,52,263,15,2,3,297,1,2,7,7
194,Riccardo Gagliolo,se  SWE,DF,Salernitana,31,1990,12.6,491,447,44,21,0,45,13,3,0,0,0,0,303,64,124,298,126,34,22,2,384,2,8,11,9
195,Nicolas Galazzi,it  ITA,DF,Venezia,20,2000,0.2,8,6,2,0,0,1,0,1,0,0,0,0,3,4,1,5,1,0,2,0,5,0,0,0,1
196,Pablo Galdames Millán,cl  CHI,MF,Genoa,24,1996,11.4,448,410,38,25,1,68,25,16,8,2,6,0,263,60,125,41,376,19,4,1,327,2,10,16,11
197,Luca Gemello,it  ITA,GK,Torino,21,2000,1.0,34,29,5,2,0,4,0,0,0,0,0,0,6,0,28,1,28,0,0,1,15,1,3,0,0
198,Paolo Ghiglione,it  ITA,DF,Genoa,24,1997,6.7,339,257,82,4,0,37,8,22,6,4,0,0,140,87,112,27,226,9,72,1,215,1,4,14,19
199,Faouzi Ghoulam,dz  ALG,DF,Napoli,30,1991,3.7,282,244,38,11,0,23,5,17,9,5,4,0,196,34,52,226,24,9,18,2,235,0,0,6,7
200,Sebastian Giovinco,it  ITA,MF,Sampdoria,34,1987,0.4,10,9,1,0,0,3,0,0,1,1,0,0,4,2,4,0,10,0,0,0,6,1,0,0,1
201,Olivier Giroud,fr  FRA,FW,Milan,34,1986,21.0,486,470,16,0,1,173,4,4,0,0,0,0,238,155,93,298,59,48,1,16,337,3,11,23,19
202,Diego Godín,uy  URU,DF,Cagliari,35,1986,9.1,434,416,18,16,1,30,9,3,0,0,0,0,328,37,69,71,334,15,0,3,393,1,1,5,1
203,Cedric Gondo,ci  CIV,FW,Salernitana,24,1996,7.8,174,160,14,1,0,40,2,9,0,0,0,0,115,31,28,16,128,8,0,10,130,0,7,6,9
204,Nicolás González,ar  ARG,FW,Fiorentina,23,1998,26.2,940,908,32,6,3,184,49,55,2,1,0,0,585,177,178,733,55,60,23,9,704,6,23,31,39
205,Alberto Grassi,it  ITA,MF,Cagliari,26,1995,24.2,1052,1000,52,50,1,174,17,1,1,1,0,0,763,93,196,159,768,64,1,6,864,5,12,25,10
206,Koray Günter,de  GER,DF,Hellas Verona,26,1994,26.8,1228,1162,66,42,0,214,37,2,0,0,0,0,783,168,277,145,868,129,1,10,1027,5,22,26,12
207,Albert Guðmundsson,is  ISL,"FW,MF",Genoa,24,1997,6.7,222,195,27,5,0,51,5,20,14,5,7,0,127,46,49,24,178,7,7,1,146,0,10,7,12
208,Emmanuel Gyasi,gh  GHA,"FW,DF",Spezia,27,1994,33.7,942,909,33,1,2,219,3,24,0,0,0,0,742,124,76,133,737,25,18,7,775,2,10,45,31
209,Norbert Gyömbér,sk  SVK,DF,Salernitana,29,1992,28.5,1061,950,111,40,0,112,21,15,0,0,0,0,624,149,288,107,772,72,68,8,827,2,33,22,14
210,Nicolas Haas,ch  SUI,MF,Empoli,25,1996,11.1,477,463,14,9,0,89,9,16,1,0,0,0,363,59,55,81,382,5,4,2,374,5,12,21,19
211,Samir Handanović,si  SVN,GK,Inter,37,1984,37.0,1259,1078,181,36,0,113,12,0,0,0,0,0,803,64,392,99,971,3,0,168,1068,0,14,12,2
212,Ridgeciano Haps,sr  SUR,DF,Venezia,28,1993,22.8,871,693,178,5,0,121,15,22,1,1,0,0,463,188,220,532,97,45,172,10,660,3,18,26,29
213,Abdou Harroui,nl  NED,MF,Sassuolo,23,1998,5.0,297,293,4,3,0,59,6,3,0,0,0,0,239,22,36,61,220,7,1,1,257,1,3,6,9
214,Hans Hateboer,nl  NED,DF,Atalanta,27,1994,15.4,864,737,127,10,0,107,17,31,0,0,0,0,608,144,112,169,535,22,117,4,717,3,14,32,28
215,Silvan Hefti,ch  SUI,DF,Genoa,23,1997,14.3,556,416,140,8,0,71,4,20,0,0,0,0,263,157,136,36,354,22,132,1,408,0,9,24,24
216,Liam Henderson,sct  SCO,MF,Empoli,25,1996,22.4,851,777,74,17,0,145,22,60,29,3,15,3,565,138,148,99,692,31,13,6,601,5,21,43,44
217,Dalbert Henrique,br  BRA,"DF,MF",Cagliari,27,1993,23.1,847,650,197,16,1,114,32,51,13,3,4,0,408,164,275,551,67,29,168,8,604,2,11,52,36
218,Matheus Henrique,br  BRA,MF,Sassuolo,23,1997,12.0,614,601,13,6,0,79,16,5,5,2,2,0,519,51,44,53,544,7,2,3,557,0,5,13,9
219,Thomas Henry,fr  FRA,FW,Venezia,26,1994,23.5,455,429,26,1,2,184,8,10,0,0,0,0,229,123,103,67,234,33,2,37,281,4,15,23,28
220,Theo Hernández,fr  FRA,DF,Milan,23,1997,30.1,1748,1394,354,69,5,160,61,69,45,6,35,0,1132,313,303,1358,101,34,240,0,1420,4,21,55,52
221,Hernani,br  BRA,"MF,FW",Genoa,27,1994,7.6,247,229,18,11,0,58,10,3,4,2,2,0,161,45,41,39,174,18,1,4,178,0,10,12,13
222,Daan Heymans,be  BEL,"MF,FW",Venezia,22,1999,2.8,97,94,3,1,0,15,0,3,0,0,0,0,68,13,16,14,71,7,0,0,79,1,2,1,2
223,Aaron Hickey,sct  SCO,DF,Bologna,19,2002,31.3,1305,1035,270,23,1,208,10,39,0,0,0,0,855,259,191,594,421,32,247,2,1067,2,11,35,31
224,Martin Hongla,cm  CMR,MF,Hellas Verona,23,1998,7.2,304,299,5,4,0,60,13,3,0,0,0,0,197,46,61,45,214,30,1,1,234,1,7,7,8
225,Sydney van Hooijdonk,nl  NED,"FW,MF",Bologna,21,2000,0.4,17,17,0,0,0,6,0,0,0,0,0,0,11,4,2,1,11,1,0,2,16,0,0,0,0
226,Petko Hristov,bg  BUL,DF,Spezia,22,1999,13.9,604,566,38,30,0,54,16,0,0,0,0,0,420,48,136,94,447,38,4,2,504,3,9,9,6
227,Elseid Hysaj,al  ALB,DF,Lazio,27,1994,22.5,1415,1254,161,13,0,110,14,22,0,0,0,0,1048,184,183,373,841,33,148,6,1232,1,9,34,30
228,Roger Ibanez,br  BRA,DF,Roma,22,1998,32.1,1921,1812,109,63,1,164,57,2,0,0,0,0,1522,134,265,313,1439,79,42,3,1679,1,29,35,14
229,Zlatan Ibrahimović,se  SWE,FW,Milan,39,1981,11.3,439,426,13,1,1,121,5,8,0,0,0,0,266,92,81,43,296,29,2,18,316,4,5,15,22
230,Igor,br  BRA,DF,Fiorentina,23,1998,24.9,1674,1617,57,48,0,196,61,2,0,0,0,0,1397,118,159,1377,192,42,9,5,1549,0,13,23,10
231,Jonathan Ikone,fr  FRA,FW,Fiorentina,23,1998,7.2,276,273,3,1,0,46,7,9,0,0,0,0,236,17,23,250,12,5,2,4,230,0,5,15,6
232,Ivan Ilić,rs  SRB,MF,Hellas Verona,20,2001,28.1,1366,1272,94,66,0,217,38,19,19,8,6,0,984,136,246,1121,103,86,9,5,1107,4,18,40,27
233,Josip Iličić,si  SVN,"FW,MF",Atalanta,33,1988,9.3,496,456,40,7,3,75,33,17,27,11,11,1,342,72,82,416,70,3,3,4,370,1,10,32,17
234,Ciro Immobile,it  ITA,FW,Lazio,31,1990,30.1,886,853,33,0,4,204,8,25,1,0,0,0,706,111,69,91,743,25,4,13,694,2,8,41,30
235,Lorenzo Insigne,it  ITA,FW,Napoli,30,1991,25.4,1506,1379,127,34,8,282,63,52,63,20,25,3,1026,190,290,82,1366,21,29,5,1200,6,16,60,31
236,Ardian Ismajli,al  ALB,DF,Empoli,24,1996,14.1,708,672,36,18,0,80,14,1,0,0,0,0,532,64,112,84,560,32,9,2,606,2,10,15,10
237,Armando Izzo,it  ITA,DF,Torino,29,1992,5.8,294,269,25,19,0,30,4,3,0,0,0,0,196,23,75,77,188,13,6,1,235,1,10,6,1
238,Mato Jajalo,ba  BIH,MF,Udinese,33,1988,7.0,324,310,14,9,1,43,7,3,0,0,0,0,245,25,54,53,235,24,1,2,255,2,3,12,10
239,Paweł Jaroszyński,pl  POL,DF,Salernitana,26,1994,5.7,237,183,54,8,0,22,5,18,4,0,3,1,113,35,89,142,40,10,42,2,154,2,5,5,12
240,Juan Jesus,br  BRA,DF,Napoli,30,1991,14.2,842,798,44,31,0,79,8,2,0,0,0,0,685,59,98,690,118,13,1,5,753,0,7,14,11
241,Dennis Johnsen,no  NOR,"FW,MF",Venezia,23,1998,16.1,323,321,2,0,0,76,14,38,1,1,0,0,202,63,58,23,276,10,1,6,195,0,7,29,29
242,Kaio Jorge,br  BRA,"MF,FW",Juventus,19,2002,1.3,38,38,0,0,0,10,0,1,0,0,0,0,27,3,8,4,31,3,0,0,29,0,2,1,1
243,Flavio Junior Bianchi,it  ITA,"FW,MF",Genoa,21,2000,3.5,78,76,2,0,0,17,1,1,1,0,1,0,60,9,9,7,55,7,0,7,65,1,1,0,0
244,Hamed Junior Traorè,ci  CIV,"FW,MF",Sassuolo,21,2000,19.7,822,762,60,9,1,156,36,27,46,31,6,1,647,66,109,107,698,11,4,0,644,3,12,31,33
245,Nikola Kalinić,hr  CRO,FW,Hellas Verona,33,1988,4.5,102,90,12,1,1,32,0,1,0,0,0,0,74,20,8,10,82,1,2,3,85,1,1,3,2
246,Yayah Kallon,sl  SLE,"FW,MF",Genoa,20,2001,7.1,181,181,0,0,0,58,2,15,0,0,0,0,125,31,25,140,23,11,0,3,119,0,7,11,12
247,Pierre Kalulu,fr  FRA,DF,Milan,21,2000,21.6,1155,1070,85,36,1,93,16,21,0,0,0,0,922,86,147,153,909,30,45,3,1016,5,5,20,12
248,Dimitrije Kamenović,rs  SRB,DF,Lazio,21,2000,0.5,21,18,3,3,0,4,0,0,0,0,0,0,14,1,6,14,2,2,0,0,16,0,0,0,0
249,Rick Karsdorp,nl  NED,DF,Roma,26,1995,32.0,1831,1549,282,14,6,139,38,88,0,0,0,0,1166,386,279,54,1484,17,268,5,1501,11,12,63,54
250,Denso Kasius,nl  NED,DF,Bologna,18,2002,2.0,121,105,16,0,0,21,1,7,0,0,0,0,85,18,18,13,85,3,16,2,103,0,1,2,2
251,Grigoris Kastanos,cy  CYP,"MF,FW",Salernitana,23,1998,15.0,597,526,71,31,2,133,24,17,33,11,18,1,410,62,125,424,121,21,6,4,432,0,7,26,39
252,Moise Kean,it  ITA,FW,Juventus,21,2000,12.2,238,233,5,1,0,63,6,11,0,0,0,0,154,46,38,41,159,10,0,10,179,0,7,7,7
253,Wajdi Kechrida,tn  TUN,"DF,MF",Salernitana,25,1995,10.6,343,297,46,1,1,40,6,22,7,1,5,1,205,61,77,19,276,7,38,1,249,1,7,12,16
254,Dimitrios Keramitsis,gr  GRE,DF,Roma,17,2004,0.0,0,0,0,0,0,0,0,0,0,0,0,0,0,0,0,0,0,0,0,0,0,0,0,0,0
255,Franck Kessié,ci  CIV,MF,Milan,24,1996,25.6,1329,1279,50,40,1,153,34,10,0,0,0,0,1054,108,167,256,994,42,6,3,1162,7,8,30,19
256,Jakub Kiwior,pl  POL,MF,Spezia,21,2000,21.8,696,675,21,21,0,108,22,4,0,0,0,0,470,94,132,457,150,57,0,3,549,0,25,18,10
257,Sofian Kiyine,ma  MAR,"MF,FW",Venezia,23,1997,13.8,533,474,59,22,3,117,32,27,18,9,6,0,350,59,124,56,445,8,11,3,396,3,12,23,13
258,Simon Kjær,dk  DEN,DF,Milan,32,1989,8.9,454,436,18,14,3,36,11,2,0,0,0,0,357,30,67,69,365,14,0,0,401,6,4,5,3
259,Aleksandr Kokorin,ru  RUS,"FW,MF",Fiorentina,30,1991,0.6,26,25,1,0,0,9,1,0,0,0,0,0,16,4,6,2,17,2,0,1,17,0,1,1,1
260,Aleksandar Kolarov,rs  SRB,DF,Inter,35,1985,0.5,37,36,1,1,0,3,1,0,0,0,0,0,26,3,8,34,3,0,0,0,30,0,0,1,1
261,Teun Koopmeiners,nl  NED,MF,Atalanta,23,1998,23.6,1482,1350,132,56,1,212,76,31,54,29,20,0,1014,141,327,1209,184,49,15,3,1185,5,28,38,24
262,Kalidou Koulibaly,sn  SEN,DF,Napoli,30,1991,26.7,1630,1546,84,67,1,180,46,2,0,0,0,0,1261,133,236,478,1063,45,3,13,1425,4,20,34,17
263,Christos Kourfalidis,gr  GRE,"MF,DF",Cagliari,18,2002,0.2,12,12,0,0,0,4,0,0,0,0,0,0,6,4,2,2,9,0,0,0,8,0,0,1,1
264,Viktor Kovalenko,ua  UKR,MF,Spezia,25,1996,14.7,601,567,34,15,0,118,17,9,16,10,3,2,447,62,92,55,494,31,3,7,459,1,10,26,21
265,Julian Kristoffersen,no  NOR,FW,Salernitana,24,1997,0.1,2,2,0,0,0,2,0,0,0,0,0,0,1,1,0,0,1,0,0,0,1,0,0,0,1
266,Rade Krunić,ba  BIH,"MF,FW",Milan,27,1993,15.7,579,557,22,9,2,116,3,8,4,0,1,0,446,73,60,56,461,35,3,5,478,3,4,15,13
267,Dejan Kulusevski,se  SWE,"FW,MF",Juventus,21,2000,8.6,244,239,5,0,1,57,2,11,1,0,0,0,192,28,24,178,45,9,3,1,196,1,4,10,14
268,Marash Kumbulla,al  ALB,DF,Roma,21,2000,11.4,632,617,15,14,0,50,20,1,0,0,0,0,507,27,98,123,459,26,0,2,546,0,10,7,14
269,Giorgos Kyriakopoulos,gr  GRE,"DF,FW",Sassuolo,25,1996,21.9,1283,1105,178,21,0,152,21,62,19,3,15,1,842,213,228,957,157,17,138,1,1061,0,20,33,29
270,Andrea La Mantia,it  ITA,FW,Empoli,30,1991,5.4,98,97,1,0,0,50,1,4,0,0,0,0,56,24,18,16,53,3,0,2,70,0,2,6,2
271,Sam Lammers,nl  NED,FW,Atalanta,24,1997,0.4,19,19,0,0,0,4,0,1,0,0,0,0,13,3,3,8,8,1,0,0,11,0,1,1,0
272,Kevin Lasagna,it  ITA,"FW,MF",Hellas Verona,28,1992,13.2,287,270,17,0,0,96,11,15,0,0,0,0,168,67,52,184,41,18,2,13,192,4,11,14,23
273,Darko Lazović,rs  SRB,DF,Hellas Verona,30,1990,30.7,1543,1281,262,11,1,175,24,93,6,3,0,0,818,404,321,239,994,47,245,7,1098,11,37,97,76
274,Manuel Lazzari,it  ITA,DF,Lazio,27,1993,18.5,1033,849,184,18,0,91,16,46,1,1,0,0,717,219,97,147,692,23,165,2,884,1,19,32,23
275,Patrick Leal,us  USA,MF,Venezia,18,2003,0.0,1,1,0,0,0,0,0,0,0,0,0,0,1,0,0,0,1,0,0,0,0,0,0,0,1
276,Rafael Leão,pt  POR,FW,Milan,22,1999,28.9,805,786,19,1,1,169,25,69,2,0,0,0,554,132,119,130,603,20,14,5,579,5,16,48,54
277,Lucas Leiva,br  BRA,MF,Lazio,34,1987,18.9,1243,1203,40,39,0,151,12,3,1,0,1,0,1030,105,108,166,991,60,0,3,1146,3,14,12,13
278,Luca Lezzerini,it  ITA,GK,Venezia,26,1995,5.5,197,133,64,22,0,11,0,0,0,0,0,0,114,9,74,13,138,0,0,39,155,0,2,2,0
279,Ben Lhassine Kone,ci  CIV,MF,Torino,21,2000,0.9,36,36,0,0,0,11,2,0,0,0,0,0,30,1,5,34,0,1,0,0,30,0,2,0,1
280,Matthijs de Ligt,nl  NED,DF,Juventus,21,1999,29.7,1664,1606,58,37,0,142,38,5,0,0,0,0,1348,107,209,356,1171,54,11,9,1496,3,16,20,7
281,Anderson Lima,br  BRA,MF,Lazio,21,1999,0.7,32,32,0,0,0,2,0,1,0,0,0,0,27,3,2,6,26,0,0,0,25,1,2,1,1
282,Karol Linetty,pl  POL,"MF,FW",Torino,26,1995,10.0,284,271,13,4,0,61,2,3,8,0,3,1,195,46,43,91,165,19,1,2,227,1,2,11,9
283,Stanislav Lobotka,sk  SVK,MF,Napoli,26,1994,18.7,1444,1421,23,20,2,207,20,1,2,1,0,0,1268,77,99,129,1273,29,1,4,1344,1,9,23,11
284,Manuel Locatelli,it  ITA,MF,Juventus,23,1998,24.0,1443,1376,67,60,7,179,63,8,2,1,1,0,1095,110,238,299,1092,24,3,3,1239,5,25,40,17
285,Maxime Lopez,fr  FRA,MF,Sassuolo,23,1997,32.6,2570,2489,81,74,1,301,36,12,2,0,1,0,2169,189,212,298,2219,40,4,7,2357,1,13,46,21
286,Hirving Lozano,mx  MEX,FW,Napoli,26,1995,17.9,597,585,12,2,2,103,10,43,1,0,0,0,449,84,64,34,525,20,9,1,468,2,10,29,37
287,José Luis Palomino,ar  ARG,DF,Atalanta,31,1990,29.7,1649,1585,64,58,1,221,30,7,0,0,0,0,1141,187,321,1205,217,117,6,8,1362,2,23,26,25
288,Saša Lukić,rs  SRB,MF,Torino,24,1996,33.1,1772,1688,84,74,4,248,41,20,6,3,1,0,1384,177,211,309,1341,76,3,4,1550,3,16,40,36
289,Sebastiano Luperto,it  ITA,DF,Empoli,24,1996,21.8,971,877,94,51,0,89,25,2,0,0,0,0,732,60,179,788,115,37,4,4,826,5,11,20,5
290,Charalambos Lykogiannis,gr  GRE,DF,Cagliari,27,1993,20.2,758,557,201,22,0,95,26,56,17,6,9,1,297,157,304,511,31,26,161,1,474,2,24,28,45
291,Niki Mäenpää,fi  FIN,GK,Venezia,36,1985,16.5,521,327,194,52,0,27,8,0,0,0,0,0,262,15,244,57,375,0,0,69,348,1,10,7,2
292,Giulio Maggiore,it  ITA,MF,Spezia,23,1998,31.3,1139,1122,17,8,8,195,22,14,2,2,0,0,747,165,227,154,903,38,2,14,861,5,27,55,37
293,Francesco Magnanelli,it  ITA,MF,Sassuolo,36,1984,3.0,253,239,14,14,0,34,15,0,0,0,0,0,193,17,43,23,221,5,0,0,226,0,3,8,2
294,Mike Maignan,fr  FRA,GK,Milan,26,1995,32.0,1150,936,214,66,0,91,27,0,0,0,0,0,681,24,445,122,852,1,0,154,910,1,20,16,0
295,Ainsley Maitland-Niles,eng  ENG,DF,Roma,23,1997,5.4,320,253,67,1,0,28,7,19,0,0,0,0,171,96,53,37,204,6,66,3,245,1,7,13,13
296,Jean-Victor Makengo,fr  FRA,MF,Udinese,23,1998,26.1,852,840,12,6,2,170,11,8,1,0,0,0,665,90,97,717,78,35,4,1,709,3,11,25,30
297,Nikola Maksimović,rs  SRB,DF,Genoa,29,1991,12.4,521,481,40,28,0,54,14,1,0,0,0,0,359,66,96,51,395,44,1,7,437,1,9,11,6
298,Kévin Malcuit,ma  MAR,DF,Napoli,30,1991,3.2,166,141,25,2,1,13,2,11,0,0,0,0,88,47,31,8,117,8,23,4,118,1,6,7,8
299,Daniel Maldini,it  ITA,MF,Milan,19,2001,1.6,50,48,2,1,0,14,1,1,0,0,0,0,30,12,8,4,41,3,0,0,33,1,1,4,3
300,Youssef Maleh,it  ITA,MF,Fiorentina,22,1998,11.3,426,420,6,2,0,72,12,19,0,0,0,0,303,46,77,328,58,19,3,3,345,3,7,15,14
301,Ruslan Malinovskyi,ua  UKR,"FW,MF",Atalanta,28,1993,17.7,918,830,88,20,6,168,53,33,59,25,26,6,609,116,193,752,114,23,8,1,678,2,16,43,32
302,Rey Manaj,al  ALB,FW,Spezia,24,1997,19.6,449,394,55,3,1,132,7,6,1,0,1,0,315,71,63,39,329,21,0,8,339,2,12,17,25
303,Gianluca Mancini,it  ITA,DF,Roma,25,1996,32.0,1790,1728,62,47,1,149,41,8,0,0,0,0,1377,113,300,125,1548,61,9,5,1534,2,16,43,19
304,Leonardo Mancuso,it  ITA,FW,Empoli,29,1992,4.7,79,70,9,0,0,16,1,6,0,0,0,0,48,15,16,17,52,3,1,3,53,0,1,7,2
305,Rolando Mandragora,it  ITA,MF,Torino,24,1997,14.7,765,660,105,55,0,92,26,12,36,21,8,2,533,89,143,584,116,41,1,2,644,2,9,9,12
306,Kostas Manolas,gr  GRE,DF,Napoli,30,1991,3.5,231,224,7,5,0,16,10,0,0,0,0,0,194,16,21,30,187,10,0,0,218,1,1,4,1
307,Riccardo Marchizza,it  ITA,DF,Empoli,23,1998,15.0,649,491,158,9,0,67,12,28,1,0,0,0,326,155,168,422,60,13,148,1,463,5,6,17,35
308,Gian Marco Ferrari,it  ITA,DF,Sassuolo,29,1992,34.7,2226,2063,163,106,3,201,67,3,0,0,0,0,1735,185,306,1771,303,88,5,5,2015,3,9,38,12
309,Davide Marfella,it  ITA,GK,Napoli,21,1999,0.1,1,1,0,0,0,0,0,0,0,0,0,0,1,0,0,0,0,0,0,1,1,0,0,0,0
310,Pablo Marí,es  ESP,DF,Udinese,27,1993,14.9,603,507,96,41,0,86,18,9,0,0,0,0,305,61,237,420,46,47,54,4,429,6,9,8,6
311,Răzvan Marin,ro  ROU,MF,Cagliari,25,1996,31.3,1270,1102,168,72,3,165,63,32,76,27,41,0,840,134,296,148,1042,45,8,8,988,7,28,45,25
312,Lucas Martínez Quarta,ar  ARG,DF,Fiorentina,25,1996,15.9,1119,1076,43,36,0,134,58,1,0,0,0,0,865,95,159,195,862,27,7,2,1020,1,7,19,10
313,Lautaro Martínez,ar  ARG,FW,Inter,23,1997,25.4,532,497,35,1,2,147,6,18,0,0,0,0,367,104,61,74,399,22,3,13,398,1,8,30,20
314,Adam Marušić,me  MNE,DF,Lazio,28,1992,30.2,1880,1643,237,32,0,179,12,27,0,0,0,0,1366,279,235,278,1286,74,205,9,1637,3,18,39,25
315,Andrea Masiello,it  ITA,DF,Genoa,35,1986,5.7,309,303,6,4,0,31,5,0,0,0,0,0,233,30,46,50,235,16,0,2,269,1,3,5,4
316,Aleš Matějů,cz  CZE,DF,Venezia,25,1996,8.1,294,253,41,4,0,43,8,16,0,0,0,0,163,56,75,45,187,18,37,0,216,1,6,14,8
317,Borja Mayoral,es  ESP,"FW,DF",Roma,24,1997,1.1,39,38,1,0,0,6,1,1,1,1,0,0,27,7,5,7,28,4,0,0,29,0,0,1,1
318,Ibrahima Mbaye,sn  SEN,DF,Bologna,26,1994,1.2,49,39,10,2,0,8,0,1,0,0,0,0,27,11,11,4,29,4,8,2,35,0,2,2,1
319,Weston McKennie,us  USA,MF,Juventus,22,1998,15.2,577,540,37,4,1,99,13,17,1,0,1,0,380,97,100,97,395,30,31,5,443,1,8,35,20
320,Gary Medel,cl  CHI,DF,Bologna,33,1987,31.4,1649,1522,127,113,0,116,38,3,0,0,0,0,1185,145,319,171,1368,77,7,7,1477,5,11,14,15
321,Filippo Melegoni,it  ITA,"FW,MF",Genoa,22,1999,10.9,354,332,22,7,1,84,9,22,12,5,5,0,220,51,83,46,282,11,2,6,246,1,9,16,24
322,Arthur Melo,br  BRA,MF,Juventus,24,1996,10.7,701,662,39,37,0,87,22,2,0,0,0,0,573,71,57,35,643,14,2,1,632,1,4,14,14
323,Alex Meret,it  ITA,GK,Napoli,24,1997,6.9,193,146,47,9,0,17,2,0,1,0,1,0,119,17,57,106,43,0,0,43,172,1,1,2,0
324,Yıldırım Mert Çetin,tr  TUR,DF,Hellas Verona,24,1997,0.5,33,22,11,0,0,4,0,0,0,0,0,0,10,13,10,2,16,2,11,0,25,0,0,1,4
325,Dries Mertens,be  BEL,"FW,MF",Napoli,34,1987,15.4,553,531,22,2,2,97,17,17,12,3,6,1,376,76,101,39,480,20,2,9,414,3,7,26,22
326,Junior Messias,br  BRA,"FW,MF",Milan,30,1991,15.9,547,513,34,6,2,102,13,35,19,14,1,1,341,85,121,428,52,31,9,2,369,1,16,27,24
327,Kingsley Michael,ng  NGA,MF,Bologna,21,1999,0.8,28,28,0,0,0,5,0,0,0,0,0,0,25,3,0,0,27,0,0,1,24,0,0,1,0
328,Valentin Mihaila,ro  ROU,"FW,MF",Atalanta,21,2000,0.8,35,35,0,0,0,6,1,4,0,0,0,0,25,4,6,4,27,2,0,0,18,1,1,2,3
329,Mikael,br  BRA,"FW,MF",Salernitana,22,1999,1.0,17,17,0,0,0,10,1,0,0,0,0,0,9,7,1,13,0,0,0,0,11,0,1,1,1
330,Hilmir Mikaelsson,is  ISL,FW,Venezia,17,2004,0.2,1,1,0,0,0,0,0,0,0,0,0,0,1,0,0,0,1,0,0,0,1,0,0,0,0
331,Nikola Milenković,rs  SRB,DF,Fiorentina,23,1997,32.5,2097,2017,80,76,0,219,93,2,0,0,0,0,1588,225,284,222,1669,108,4,5,1883,1,25,37,20
332,Sergej Milinković-Savić,rs  SRB,MF,Lazio,26,1995,34.4,2366,2322,44,30,8,430,46,50,2,0,2,0,1660,371,335,399,1789,82,10,19,1937,8,39,99,49
333,Vanja Milinković-Savić,rs  SRB,GK,Torino,24,1997,27.0,1031,760,271,100,0,77,51,0,0,0,0,0,327,22,682,59,820,1,0,96,536,8,45,11,4
334,Aleksei Miranchuk,ru  RUS,"MF,FW",Atalanta,25,1995,8.6,384,368,16,4,2,104,12,8,9,5,3,0,295,46,43,294,68,8,3,3,318,2,3,10,12
335,Fabio Miretti,it  ITA,MF,Juventus,17,2003,3.6,150,136,14,7,0,23,9,2,6,2,3,1,100,17,33,22,118,2,1,2,124,1,1,8,2
336,Henrikh Mkhitaryan,am  ARM,"MF,FW",Roma,32,1989,27.7,1172,1136,36,15,5,196,33,34,7,5,2,0,897,144,131,238,866,36,13,8,969,3,11,50,36
337,Marco Modolo,it  ITA,DF,Venezia,32,1989,4.4,153,150,3,2,0,19,1,0,0,0,0,0,104,16,33,48,87,11,0,0,125,1,5,2,2
338,Nahuel Molina,ar  ARG,DF,Udinese,23,1997,29.3,1236,1095,141,13,0,136,41,83,18,6,8,0,726,238,272,103,972,29,110,9,877,6,26,64,41
339,Cristian Molinaro,it  ITA,DF,Venezia,38,1983,6.1,323,263,60,3,0,23,5,11,0,0,0,0,164,63,96,234,18,10,57,1,246,0,5,10,9
340,Lorenzo Montipò,it  ITA,GK,Hellas Verona,25,1996,34.0,980,665,315,83,0,67,23,0,0,0,0,0,294,34,652,83,722,1,0,120,549,9,48,7,0
341,Álvaro Morata,es  ESP,FW,Juventus,28,1992,25.6,679,659,20,2,2,146,20,28,0,0,0,0,447,138,94,71,534,25,3,16,512,0,11,26,29
342,Raúl Moro,es  ESP,FW,Lazio,18,2002,2.2,87,84,3,0,0,11,0,4,0,0,0,0,67,11,9,16,63,4,3,0,75,0,0,2,1
343,Andrei Motoc,ro  ROU,DF,Salernitana,19,2002,1.0,22,22,0,0,0,1,0,0,0,0,0,0,14,1,7,1,21,0,0,0,18,0,0,0,0
344,Lys Mousset,fr  FRA,"FW,MF",Salernitana,25,1996,1.8,48,40,8,0,0,15,0,1,0,0,0,0,37,8,3,6,39,1,1,1,39,0,0,2,4
345,Samuel Mráz,sk  SVK,FW,Spezia,24,1997,0.6,11,9,2,0,0,3,0,0,0,0,0,0,7,3,1,2,7,1,0,0,8,0,0,0,0
346,Mert Müldür,tr  TUR,DF,Sassuolo,22,1999,22.7,1197,1021,176,26,1,96,21,34,0,0,0,0,793,215,189,74,939,24,150,4,968,1,20,43,38
347,Luis Muriel,co  COL,FW,Atalanta,30,1991,17.1,769,667,102,20,4,182,34,32,55,23,18,4,517,123,129,95,607,19,7,9,561,3,17,47,21
348,Vedat Muriqi,xk  KVX,FW,Lazio,27,1994,2.4,69,65,4,0,1,17,0,1,0,0,0,0,35,23,11,33,12,12,0,1,46,0,2,2,3
349,Nicola Murru,it  ITA,DF,Sampdoria,26,1994,10.9,469,384,85,8,1,60,9,20,0,0,0,0,238,77,154,343,30,12,77,0,313,5,8,22,19
350,Juan Musso,ar  ARG,GK,Atalanta,27,1994,32.6,951,685,266,57,0,62,24,0,0,0,0,0,448,82,421,50,698,0,0,168,705,5,28,13,2
351,Joakim Mæhle,dk  DEN,DF,Atalanta,24,1997,16.3,916,776,140,8,1,101,10,29,1,0,0,0,595,199,122,107,648,17,131,3,751,3,13,30,25
352,Nahitan Nández,uy  URU,"MF,DF",Cagliari,25,1995,16.9,650,605,45,4,0,117,27,49,5,1,3,0,385,96,169,41,498,36,35,4,459,3,12,18,30
353,Nani,pt  POR,"FW,MF",Venezia,34,1986,3.2,128,115,13,3,0,24,6,8,2,1,1,0,78,22,28,14,95,7,6,2,93,1,0,8,4
354,Matija Nastasić,rs  SRB,DF,Fiorentina,28,1993,2.4,150,148,2,2,0,8,10,0,0,0,0,0,125,8,17,120,24,5,0,0,139,0,0,2,0
355,Ilija Nestorovski,mk  MKD,FW,Udinese,31,1990,2.1,66,62,4,0,0,20,0,3,0,0,0,0,45,10,11,40,12,6,3,2,45,0,0,5,3
356,Aurélien Nguiamba,fr  FRA,MF,Spezia,22,1999,0.6,34,34,0,0,0,6,0,1,0,0,0,0,24,3,7,26,4,4,0,0,27,0,0,0,1
357,Dimitris Nikolaou,gr  GRE,DF,Spezia,22,1998,36.0,1663,1558,105,69,1,179,49,5,0,0,0,0,1163,150,350,1202,346,68,14,3,1355,8,44,42,23
358,Jean-Pierre Nsame,cm  CMR,FW,Venezia,28,1993,2.7,67,65,2,0,1,31,0,1,0,0,0,0,32,16,19,8,34,5,0,4,39,2,2,2,1
359,Bram Nuytinck,nl  NED,DF,Udinese,31,1990,22.6,927,856,71,44,0,82,7,3,0,0,0,0,662,66,199,589,242,57,18,2,788,4,11,13,8
360,Simeon Nwankwo,ng  NGA,FW,Salernitana,29,1992,9.4,186,178,8,0,1,51,3,0,0,0,0,0,124,41,21,23,138,5,0,8,137,0,1,7,11
361,M'Bala Nzola,ao  ANG,FW,Spezia,24,1996,11.9,251,231,20,0,0,76,5,4,0,0,0,0,179,39,33,181,43,10,2,4,201,0,3,9,10
362,Adam Obert,sk  SVK,DF,Cagliari,18,2002,3.0,106,98,8,4,0,16,2,1,0,0,0,0,62,13,31,77,17,5,4,0,70,3,1,2,7
363,Joel Obi,ng  NGA,"MF,DF",Salernitana,30,1991,12.7,377,355,22,3,1,59,8,11,7,3,4,0,250,60,67,252,72,23,10,5,295,0,4,4,14
364,Brain Oddei,it  ITA,FW,Sassuolo,18,2002,0.1,5,5,0,0,0,0,0,0,0,0,0,0,5,0,0,3,2,0,0,0,5,0,0,0,0
365,Álvaro Odriozola,es  ESP,DF,Fiorentina,25,1995,19.3,1048,882,166,20,0,87,16,48,2,0,1,0,735,196,117,58,807,35,144,1,917,1,8,26,34
366,Stefano Okaka,it  ITA,FW,Udinese,31,1989,0.2,5,5,0,0,0,0,0,0,0,0,0,0,3,2,0,0,4,0,0,1,5,0,0,0,0
367,David Okereke,ng  NGA,"FW,MF",Venezia,23,1997,22.8,473,466,7,0,0,134,7,32,0,0,0,0,327,85,61,68,347,23,2,7,334,4,8,22,23
368,Christian Oliva,uy  URU,MF,Cagliari,25,1996,0.5,32,31,1,1,0,2,0,0,0,0,0,0,26,0,6,3,27,2,0,0,27,1,0,0,0
369,Sérgio Oliveira,pt  POR,MF,Roma,29,1992,9.9,499,447,52,32,1,84,19,8,19,6,9,2,343,43,113,64,411,16,1,1,405,2,6,18,12
370,Riccardo Orsolini,it  ITA,FW,Bologna,24,1997,19.8,746,665,81,20,0,138,50,54,42,30,1,1,427,123,196,589,69,40,13,11,496,0,20,29,37
371,Victor Osimhen,ng  NGA,FW,Napoli,22,1998,22.0,349,340,9,0,1,97,11,14,0,0,0,0,233,70,46,24,274,11,2,16,247,1,7,13,17
372,David Ospina,co  COL,GK,Napoli,32,1988,31.0,996,793,203,61,0,87,17,0,0,0,0,0,603,69,324,83,738,1,0,122,811,2,15,22,3
373,Adam Ounas,dz  ALG,"MF,FW",Napoli,24,1996,3.6,205,190,15,3,3,32,16,10,9,5,0,0,150,29,26,164,35,3,2,0,164,0,4,10,8
374,Daniele Padelli,it  ITA,GK,Udinese,35,1985,3.0,111,87,24,2,0,2,1,0,0,0,0,0,65,1,45,73,17,0,0,19,80,0,1,1,1
375,Simone Pafundi,it  ITA,FW,Udinese,15,2006,0.3,12,12,0,0,0,3,0,0,0,0,0,0,11,0,1,9,2,0,0,1,10,0,1,0,0
376,Martin Palumbo,no  NOR,MF,Juventus,19,2002,0.1,2,2,0,0,0,1,0,0,0,0,0,0,1,1,0,1,0,0,0,1,2,0,0,0,0
377,Goran Pandev,mk  MKD,"FW,MF",Genoa,38,1983,9.4,249,239,10,0,1,71,0,3,0,0,0,0,187,42,20,179,52,10,0,2,183,2,2,18,7
378,Ivor Pandur,hr  CRO,GK,Hellas Verona,21,2000,3.0,68,51,17,2,0,4,2,0,0,0,0,0,31,4,33,11,43,1,0,10,52,0,0,0,0
379,Fabiano Parisi,it  ITA,DF,Empoli,20,2000,16.4,792,613,179,17,0,78,8,30,1,0,0,0,408,188,196,588,28,14,161,0,599,4,16,31,26
380,Mario Pašalić,hr  CRO,"MF,FW",Atalanta,26,1995,22.2,1011,987,24,14,4,193,17,9,0,0,0,0,738,135,138,266,635,56,6,6,820,2,16,31,38
381,Patric,es  ESP,DF,Lazio,28,1993,18.3,1412,1368,44,33,0,109,54,4,0,0,0,0,1209,85,118,195,1155,40,10,2,1329,0,8,10,4
382,Rui Patrício,pt  POR,GK,Roma,33,1988,38.0,1071,743,328,107,0,51,23,0,0,0,0,0,587,42,442,642,232,0,0,138,820,5,12,10,1
383,Leonardo Pavoletti,it  ITA,FW,Cagliari,32,1988,16.9,508,503,5,2,0,206,4,7,0,0,0,0,197,166,145,44,246,64,0,28,335,2,13,20,11
384,Pedro,es  ESP,FW,Lazio,34,1987,22.6,937,910,27,3,1,119,24,31,1,0,0,0,741,115,81,249,652,15,14,4,787,2,8,32,21
385,João Pedro,it  ITA,FW,Cagliari,29,1992,36.9,736,653,83,4,1,175,32,21,0,0,0,0,442,138,156,87,511,64,4,19,523,1,20,26,27
386,Gianluca Pegolo,it  ITA,GK,Sassuolo,40,1981,1.0,34,23,11,3,0,3,1,0,0,0,0,0,18,2,14,23,7,0,0,4,29,0,0,0,0
387,Lorenzo Pellegrini,it  ITA,"MF,FW",Roma,25,1996,25.4,1088,913,175,62,6,176,59,63,98,43,50,0,672,125,291,116,923,21,8,7,781,4,21,48,44
388,Luca Pellegrini,it  ITA,DF,Juventus,22,1999,12.3,684,557,127,13,1,60,21,26,15,7,6,1,379,140,165,499,71,10,99,0,520,0,10,20,23
389,Federico Peluso,it  ITA,DF,Sassuolo,37,1984,0.1,3,3,0,0,0,1,0,0,0,0,0,0,1,2,0,1,0,1,0,0,3,0,0,0,0
390,Gastón Pereiro,uy  URU,"FW,MF",Cagliari,26,1995,10.8,367,328,39,12,0,96,14,28,16,6,4,0,200,62,105,274,54,10,7,0,233,0,5,24,21
391,Dor Peretz,il  ISR,MF,Venezia,26,1995,6.5,236,225,11,8,0,45,4,1,0,0,0,0,169,27,40,28,175,14,3,5,182,1,4,14,10
392,Roberto Pereyra,ar  ARG,"MF,FW",Udinese,30,1991,19.9,840,797,43,26,2,128,11,25,6,1,2,0,653,106,81,132,676,17,7,5,719,3,10,17,20
393,Carles Pérez,es  ESP,"MF,FW",Roma,23,1998,6.2,248,225,23,1,1,35,9,7,15,9,3,0,192,25,31,209,26,4,7,2,210,0,1,10,8
394,Nehuén Pérez,ar  ARG,DF,Udinese,21,2000,18.8,770,628,142,31,0,90,24,1,0,0,0,0,464,95,211,126,481,36,105,1,601,3,12,31,14
395,Mattia Perin,it  ITA,GK,Juventus,28,1992,4.5,137,102,35,9,0,8,12,0,0,0,0,0,91,2,44,31,87,0,0,14,109,0,6,1,0
396,Ivan Perišić,hr  CRO,DF,Inter,32,1989,31.3,1535,1336,199,7,1,191,47,147,1,0,1,0,818,326,391,471,732,90,191,10,1122,6,34,68,65
397,Diego Perotti,ar  ARG,"FW,MF",Salernitana,33,1988,3.2,147,132,15,6,0,26,2,15,5,4,1,0,99,15,33,16,116,6,3,1,111,1,1,3,4
398,Mario Perrone,it  ITA,DF,Salernitana,18,2003,0.2,9,7,2,0,0,1,0,0,0,0,0,0,5,2,2,7,0,0,2,0,7,0,0,0,0
399,Matteo Pessina,it  ITA,"MF,FW",Atalanta,24,1997,16.0,858,838,20,13,2,161,4,8,0,0,0,0,670,81,107,701,91,36,2,3,707,5,13,23,28
400,Andrea Petagna,it  ITA,FW,Napoli,26,1995,6.5,160,152,8,0,1,33,5,6,0,0,0,0,107,29,24,85,47,8,0,9,117,0,4,9,7
401,Giuseppe Pezzella,it  ITA,DF,Atalanta,23,1997,11.9,650,540,110,5,0,82,4,26,0,0,0,0,408,139,103,436,79,22,105,1,508,5,8,29,25
402,Krzysztof Piątek,pl  POL,FW,Fiorentina,26,1995,8.1,160,142,18,0,1,52,0,3,0,0,0,0,107,29,24,14,117,13,0,1,125,1,4,2,9
403,Andrea Pinamonti,it  ITA,FW,Empoli,22,1999,31.9,653,619,34,0,1,211,5,27,0,0,0,0,384,147,122,48,449,60,4,14,403,3,6,38,50
404,Carlo Pinsoglio,it  ITA,GK,Juventus,31,1990,0.5,11,10,1,0,0,3,0,0,0,0,0,0,6,1,4,10,1,0,0,0,10,0,0,0,0
405,Riccardo Pinzi,it  ITA,MF,Udinese,17,2003,0.0,2,2,0,0,0,0,0,0,0,0,0,0,2,0,0,0,2,0,0,0,1,0,0,0,0
406,Marko Pjaca,hr  CRO,"MF,FW",Torino,26,1995,12.8,426,416,10,1,0,111,6,19,2,2,0,0,307,64,55,39,344,14,4,8,329,1,5,14,14
407,Tommaso Pobega,it  ITA,MF,Torino,22,1999,24.9,1173,1155,18,15,1,228,35,13,0,0,0,0,783,175,215,826,218,56,2,4,947,2,16,24,30
408,Suf Podgoreanu,il  ISR,FW,Spezia,19,2002,1.3,50,48,2,0,0,10,2,6,1,0,0,0,33,7,10,10,36,1,1,1,39,0,0,1,3
409,Matteo Politano,it  ITA,FW,Napoli,27,1993,18.3,772,700,72,15,2,120,33,69,43,24,7,2,501,88,183,589,146,15,14,3,550,5,7,34,27
410,Manolo Portanova,it  ITA,"FW,MF",Genoa,21,2000,14.7,339,310,29,10,0,74,12,18,15,7,5,1,172,58,109,13,269,24,4,11,193,3,11,13,18
411,Dennis Praet,be  BEL,"FW,MF",Torino,27,1994,17.1,595,570,25,4,1,106,14,42,6,2,0,0,403,81,111,48,499,24,14,1,444,5,7,25,25
412,Mateusz Praszelik,pl  POL,"FW,MF",Hellas Verona,20,2000,0.3,10,10,0,0,0,3,0,0,0,0,0,0,9,1,0,2,8,0,0,0,9,0,0,1,0
413,Ivan Provedel,it  ITA,GK,Spezia,27,1994,30.7,1186,837,349,119,1,68,55,0,0,0,0,0,431,50,705,70,937,0,0,125,737,11,33,15,1
414,Erick Pulgar,cl  CHI,MF,Fiorentina,27,1994,3.8,236,209,27,27,0,37,4,1,0,0,0,0,178,25,33,18,201,10,0,1,209,1,4,5,4
415,Ignacio Pussetto,ar  ARG,"FW,MF",Udinese,25,1995,13.4,294,270,24,2,3,76,6,18,0,0,0,0,183,63,48,22,224,13,6,1,205,3,5,11,15
416,Niklas Pyyhtiä,fi  FIN,MF,Bologna,17,2003,0.2,22,21,1,1,0,2,0,0,0,0,0,0,14,3,5,18,3,1,0,0,18,0,0,0,0
417,Fabio Quagliarella,it  ITA,FW,Sampdoria,38,1983,18.5,472,434,38,0,0,125,28,17,0,0,0,0,264,98,110,109,315,26,2,5,322,3,9,28,30
418,Adrien Rabiot,fr  FRA,MF,Juventus,26,1995,25.4,1041,1010,31,25,0,195,8,20,0,0,0,0,794,125,122,674,254,55,6,10,861,1,14,22,30
419,Ivan Radovanović,rs  SRB,"DF,MF",Salernitana,32,1988,11.7,509,481,28,25,0,85,17,1,0,0,0,0,334,49,126,65,385,37,1,1,426,0,9,9,5
420,Ionuț Radu,ro  ROU,GK,Inter,24,1997,1.0,23,19,4,0,0,4,0,0,0,0,0,0,14,0,9,2,19,0,0,2,19,0,0,0,0
421,Ștefan Radu,ro  ROU,DF,Lazio,34,1986,6.2,326,287,39,3,0,29,2,7,0,0,0,0,225,43,58,228,41,14,36,0,267,0,8,12,8
422,Boris Radunović,rs  SRB,GK,Cagliari,25,1996,3.0,103,66,37,9,0,11,2,0,0,0,0,0,30,6,67,3,77,0,0,11,58,0,2,0,1
423,Antonio Raimondo,it  ITA,FW,Bologna,17,2004,0.8,13,12,1,0,0,1,0,0,0,0,0,0,7,5,1,6,4,2,0,0,10,0,0,0,2
424,Aaron Ramsey,wls  WAL,MF,Juventus,30,1990,1.1,67,63,4,3,0,9,2,0,0,0,0,0,52,7,8,29,34,4,0,0,60,0,0,2,0
425,Luca Ranieri,it  ITA,DF,Salernitana,22,1999,23.4,981,782,199,24,1,103,9,43,1,0,1,0,466,175,340,687,64,40,174,2,694,4,11,44,47
426,Andrea Ranocchia,it  ITA,DF,Inter,33,1988,3.8,186,179,7,6,0,22,1,1,0,0,0,0,147,20,19,20,152,9,0,0,177,0,0,3,0
427,Giacomo Raspadori,it  ITA,"MF,FW",Sassuolo,21,2000,30.4,1076,989,87,26,2,239,40,27,40,18,11,4,791,140,145,312,726,14,6,12,845,6,16,47,38
428,Nicola Ravaglia,it  ITA,GK,Sampdoria,32,1988,0.1,4,2,2,0,0,1,0,0,0,0,0,0,0,0,4,0,4,0,0,0,2,0,0,0,0
429,Ante Rebić,hr  CRO,FW,Milan,27,1993,9.9,304,296,8,0,0,58,11,33,0,0,0,0,199,45,60,75,203,11,3,7,196,1,7,25,19
430,Arkadiusz Reca,pl  POL,DF,Spezia,26,1995,19.7,889,699,190,8,0,119,12,36,0,0,0,0,474,194,221,488,159,42,182,5,626,7,22,45,41
431,Pepe Reina,es  ESP,GK,Lazio,38,1982,15.0,525,397,128,28,0,40,13,0,0,0,0,0,320,37,168,67,372,1,1,70,428,0,7,10,0
432,Panagiotis Retsos,gr  GRE,"DF,MF",Hellas Verona,22,1998,0.6,22,19,3,1,0,1,1,0,0,0,0,0,13,4,5,2,14,4,2,0,14,0,0,1,0
433,Bryan Reynolds,us  USA,DF,Roma,20,2001,0.0,2,1,1,0,0,0,0,0,0,0,0,0,1,1,0,0,1,0,1,0,2,0,0,0,0
434,Franck Ribéry,fr  FRA,"MF,FW",Salernitana,38,1983,15.8,665,596,69,20,3,134,23,24,24,10,7,4,507,79,79,87,537,20,10,7,517,2,8,21,37
435,Ricardo Rodríguez,ch  SUI,DF,Torino,28,1992,27.5,1461,1371,90,34,0,208,78,12,45,26,17,0,1092,99,270,1006,352,50,11,4,1259,9,21,16,19
436,Marko Rog,hr  CRO,MF,Cagliari,26,1995,3.5,147,137,10,6,0,29,2,1,1,1,0,0,113,19,15,20,112,4,3,1,122,0,1,4,4
437,Rogério,br  BRA,DF,Sassuolo,23,1998,19.2,1139,975,164,27,0,142,42,55,20,0,19,0,767,196,176,901,85,23,117,6,944,4,10,24,35
438,Alessio Romagnoli,it  ITA,DF,Milan,26,1995,15.7,980,932,48,33,0,77,12,1,0,0,0,0,760,80,140,780,126,34,2,5,877,1,8,12,11
439,Simone Romagnoli,it  ITA,DF,Empoli,31,1990,16.6,772,712,60,42,0,104,7,3,0,0,0,0,480,89,203,109,576,48,1,1,609,7,14,23,5
440,Luka Romero,ar  ARG,FW,Lazio,16,2004,0.9,35,32,3,0,0,5,1,1,2,0,0,0,31,2,2,33,1,0,1,0,33,0,1,1,0
441,Sergio Romero,ar  ARG,GK,Venezia,34,1987,16.0,590,402,188,47,0,32,11,0,0,0,0,0,283,35,272,97,361,0,0,101,421,1,12,13,1
442,Cristiano Ronaldo,pt  POR,FW,Juventus,36,1985,0.3,12,11,1,0,0,0,0,0,0,0,0,0,9,2,1,1,10,0,0,1,9,0,0,1,0
443,Marten de Roon,nl  NED,"MF,DF",Atalanta,30,1991,28.3,1674,1602,72,48,1,207,63,0,1,1,0,0,1238,161,275,250,1262,92,23,2,1443,3,20,32,17
444,Francesco Rossi,it  ITA,GK,Atalanta,30,1991,0.4,16,11,5,1,0,0,1,0,0,0,0,0,9,0,7,1,15,0,0,0,11,0,1,0,0
445,Nicolò Rovella,it  ITA,MF,Genoa,19,2001,16.3,957,804,153,75,1,171,71,29,68,24,34,0,644,72,241,73,851,14,10,3,762,3,18,20,12
446,Amir Rrahmani,xk  KVX,DF,Napoli,27,1994,32.5,1999,1901,98,55,0,194,54,2,0,0,0,0,1583,156,260,181,1665,88,4,5,1826,3,20,14,7
447,Ruan,br  BRA,DF,Sassuolo,22,1999,2.4,105,87,18,2,0,15,0,0,0,0,0,0,66,16,23,4,80,4,16,0,80,0,4,5,0
448,Daniele Rugani,it  ITA,DF,Juventus,27,1994,9.8,545,525,20,14,0,31,9,0,0,0,0,0,457,34,54,88,434,16,0,0,494,1,4,7,4
449,Matteo Ruggeri,it  ITA,DF,Salernitana,19,2002,7.5,303,255,48,5,0,25,9,22,0,0,0,0,147,58,98,201,36,17,43,1,208,0,8,14,9
450,Mário Rui,pt  POR,DF,Napoli,30,1991,33.2,2455,2111,344,74,1,226,76,51,19,9,4,1,1535,446,474,1860,254,73,251,9,2071,9,23,67,51
451,Fabián Ruiz Peña,es  ESP,MF,Napoli,25,1996,26.5,2200,2150,50,46,3,319,90,15,0,0,0,0,1688,248,264,1907,233,39,1,8,1971,5,13,65,31
452,Alessandro Russo,it  ITA,MF,Salernitana,17,2003,0.3,6,6,0,0,0,0,0,1,0,0,0,0,4,1,1,0,5,0,0,1,4,0,1,0,0
453,Stefano Sabelli,it  ITA,DF,Genoa,28,1993,3.9,151,120,31,1,0,21,2,5,0,0,0,0,71,41,39,11,101,4,30,2,96,0,6,10,9
454,Abdelhamid Sabiri,de  GER,"MF,FW",Sampdoria,24,1996,9.9,345,313,32,18,1,80,18,5,7,4,0,2,236,45,64,45,263,9,5,6,261,4,4,9,17
455,Alexis Saelemaekers,be  BEL,FW,Milan,22,1999,20.7,867,838,29,6,1,154,11,46,9,1,1,0,686,96,85,162,668,12,13,3,686,1,12,40,30
456,Jacopo Sala,it  ITA,MF,Spezia,29,1991,9.8,478,454,24,21,0,68,12,7,0,0,0,0,351,60,67,46,395,28,2,0,406,2,8,12,7
457,Eddie Salcedo,it  ITA,"MF,FW",Spezia,19,2001,4.8,150,142,8,1,0,35,3,5,5,2,3,0,99,24,27,16,108,12,1,3,104,1,1,11,7
458,Lazar Samardzic,de  GER,MF,Udinese,19,2002,5.4,267,225,42,15,1,60,15,11,22,11,5,0,173,26,68,205,39,10,5,2,210,0,2,13,2
459,Luigi Samele,it  ITA,FW,Sassuolo,19,2002,0.1,3,3,0,0,0,2,0,0,0,0,0,0,1,0,2,0,1,0,0,0,2,0,0,0,0
460,Antonio Sanabria,py  PAR,FW,Torino,25,1996,20.0,490,467,23,1,2,184,15,4,0,0,0,0,294,112,84,90,297,31,1,19,370,0,9,11,18
461,Alexis Sánchez,cl  CHI,FW,Inter,32,1988,9.8,457,425,32,10,3,88,26,14,19,7,5,1,278,71,108,27,412,5,0,3,355,1,7,19,13
462,Alex Sandro,br  BRA,DF,Juventus,30,1991,19.8,1096,961,135,22,0,145,25,39,0,0,0,0,721,199,176,805,104,42,112,9,926,4,10,28,25
463,Nicola Sansone,it  ITA,"FW,MF",Bologna,29,1991,10.0,336,288,48,16,0,56,21,24,25,16,4,0,224,36,76,51,270,6,5,1,237,0,6,17,16
464,Federico Santander,py  PAR,"FW,DF",Bologna,30,1991,0.7,30,28,2,0,0,12,0,1,0,0,0,0,15,6,9,2,18,3,0,0,20,0,0,1,3
465,Samir Santos,br  BRA,DF,Udinese,26,1994,15.8,687,622,65,28,1,73,9,12,0,0,0,0,455,58,174,497,108,21,34,3,551,1,12,24,15
466,Riccardo Saponara,it  ITA,FW,Fiorentina,29,1991,14.3,552,545,7,3,0,124,20,26,1,0,0,0,416,65,71,142,393,4,2,4,428,2,11,26,24
467,Giacomo Satalino,it  ITA,GK,Sassuolo,22,1999,0.1,1,0,1,0,0,0,0,0,0,0,0,0,1,0,0,0,1,0,0,0,1,0,0,0,0
468,Martin Satriano,it  ITA,"FW,MF",Inter,20,2001,0.4,10,10,0,0,0,2,0,0,0,0,0,0,4,1,5,0,5,3,0,0,6,0,0,0,0
469,Giorgio Scalvini,it  ITA,"DF,MF",Atalanta,17,2003,8.5,507,482,25,16,0,69,4,2,0,0,0,0,358,43,106,73,372,29,9,3,415,1,8,9,8
470,Gianluca Scamacca,it  ITA,FW,Sassuolo,22,1999,23.8,564,509,55,1,1,164,18,5,0,0,0,0,358,118,88,45,430,34,0,10,421,1,8,22,21
471,Andrea Schiavone,it  ITA,MF,Salernitana,28,1993,6.3,243,207,36,15,0,21,17,6,19,3,12,3,164,23,56,20,207,11,1,0,203,1,3,3,5
472,David Schnegg,at  AUT,DF,Venezia,22,1998,1.6,85,67,18,0,0,9,1,4,0,0,0,0,38,16,31,51,11,4,18,0,61,0,6,2,0
473,Jerdy Schouten,nl  NED,MF,Bologna,24,1997,15.5,801,787,14,9,0,150,15,1,0,0,0,0,607,81,113,70,648,50,0,4,675,5,11,27,14
474,Demba Seck,sn  SEN,"FW,MF",Torino,20,2001,1.6,44,44,0,0,0,13,0,1,0,0,0,0,38,4,2,38,2,2,0,0,36,0,0,1,0
475,Adrian Šemper,hr  CRO,GK,Genoa,23,1998,1.0,37,29,8,1,0,5,0,0,0,0,0,0,9,3,25,3,30,0,0,3,22,0,1,0,0
476,Luigi Sepe,it  ITA,GK,Salernitana,30,1991,15.5,565,375,190,63,0,33,7,0,0,0,0,0,200,16,349,366,103,0,0,44,384,3,13,5,1
477,Laurens Serpe,it  ITA,DF,Genoa,20,2001,0.5,32,30,2,2,0,2,2,0,0,0,0,0,27,2,3,4,28,0,0,0,27,0,0,1,2
478,Stephan El Shaarawy,it  ITA,"DF,FW",Roma,28,1992,11.7,586,535,51,6,1,97,13,29,0,0,0,0,376,123,87,34,483,17,44,1,487,1,4,18,15
479,Aimar Sher,se  SWE,MF,Spezia,18,2002,0.5,19,19,0,0,0,5,0,0,0,0,0,0,12,3,4,2,15,0,0,0,18,0,0,0,1
480,Eldor Shomurodov,uz  UZB,"FW,MF",Roma,26,1995,8.7,232,225,7,0,2,65,2,13,1,1,0,0,148,44,40,33,154,18,4,1,159,2,3,12,14
481,Alassane Sidibe,ci  CIV,FW,Atalanta,19,2002,0.1,3,3,0,0,0,0,0,0,0,0,0,0,1,2,0,0,2,0,0,1,2,0,0,0,0
482,Arnór Sigurðsson,is  ISL,"MF,FW",Venezia,22,1999,2.0,50,47,3,0,0,4,0,3,1,0,1,0,36,7,7,3,44,3,0,0,39,1,1,2,1
483,Adrien Silva,pt  POR,MF,Sampdoria,32,1989,12.0,605,577,28,26,0,95,24,4,0,0,0,0,428,66,111,104,454,30,2,2,514,2,6,21,8
484,Marco Silvestri,it  ITA,GK,Udinese,30,1991,35.0,946,605,341,91,0,58,13,0,0,0,0,0,440,16,490,71,722,2,0,103,638,12,12,9,1
485,Wilfried Singo,ci  CIV,DF,Torino,20,2000,29.0,1403,1139,264,13,1,158,24,66,0,0,0,0,811,330,262,98,969,44,251,4,1079,6,20,54,62
486,Salvatore Sirigu,it  ITA,GK,Genoa,34,1987,37.0,1204,820,384,115,0,81,29,0,0,0,0,0,440,45,719,57,944,0,0,101,781,3,20,18,3
487,Leo Skiri Østigård,no  NOR,DF,Genoa,21,1999,13.0,544,530,14,12,0,86,15,5,0,0,0,0,284,56,204,86,334,80,2,0,400,2,14,9,5
488,Łukasz Skorupski,pl  POL,GK,Bologna,30,1991,36.0,1259,846,413,126,0,66,50,0,0,0,0,0,648,50,561,107,943,2,0,164,944,4,38,7,3
489,Andreas Skov Olsen,dk  DEN,"DF,FW",Bologna,21,1999,8.3,393,329,64,6,0,47,11,30,16,6,1,0,237,84,72,242,82,23,42,2,301,1,8,11,11
490,Milan Škriniar,sk  SVK,DF,Inter,26,1995,35.0,2130,2046,84,51,1,170,60,2,0,0,0,0,1793,165,172,261,1699,97,29,10,1987,1,13,28,10
491,Chris Smalling,eng  ENG,DF,Roma,31,1989,23.2,1038,1004,34,29,0,80,15,1,0,0,0,0,811,88,139,96,815,78,5,1,927,2,8,8,7
492,Brandon Soppy,fr  FRA,"DF,MF",Udinese,19,2002,8.6,233,204,29,6,0,46,2,8,1,0,0,0,156,41,36,12,183,9,22,0,166,1,6,12,17
493,Roberto Soriano,it  ITA,"MF,FW",Bologna,30,1991,29.1,1258,1236,22,12,3,272,14,37,0,0,0,0,940,166,152,250,903,59,8,13,1031,6,14,41,34
494,Riccardo Sottil,it  ITA,FW,Fiorentina,22,1999,13.8,386,381,5,1,0,70,18,42,0,0,0,0,288,46,52,75,284,14,3,2,301,1,8,8,24
495,Matìas Soulé,ar  ARG,FW,Juventus,18,2003,0.1,7,7,0,0,0,2,0,0,0,0,0,0,6,0,1,7,0,0,0,0,7,0,0,0,0
496,Adama Soumaoro,fr  FRA,DF,Bologna,29,1992,25.2,1055,1002,53,42,0,116,12,3,0,0,0,0,840,87,128,66,867,72,11,6,948,1,9,12,15
497,Leonardo Spinazzola,it  ITA,DF,Roma,28,1993,1.4,73,57,16,1,0,16,0,4,0,0,0,0,42,18,13,8,49,1,15,0,63,1,1,2,1
498,Marco Sportiello,it  ITA,GK,Atalanta,29,1992,5.0,132,96,36,8,0,6,2,0,0,0,0,0,81,10,41,7,94,0,0,28,101,0,1,1,1
499,Luca Stanga,it  ITA,DF,Milan,19,2002,0.0,2,2,0,0,0,0,0,0,0,0,0,0,2,0,0,1,1,0,0,0,2,0,0,0,0
500,Riccardo Stivanello,it  ITA,DF,Bologna,17,2004,0.5,10,9,1,1,0,1,0,0,0,0,0,0,7,1,2,4,6,0,0,0,9,0,0,0,0
501,Petar Stojanović,si  SVN,DF,Empoli,25,1995,30.4,1707,1362,345,37,2,191,32,56,5,0,1,0,1007,402,298,150,1183,59,303,0,1340,5,38,56,59
502,Thomas Strakosha,al  ALB,GK,Lazio,26,1995,23.0,731,574,157,36,0,92,14,0,0,0,0,0,461,35,235,46,582,0,0,89,603,0,8,5,3
503,Stefan Strandberg,no  NOR,DF,Salernitana,31,1990,10.4,511,461,50,45,0,52,21,6,0,0,0,0,332,61,118,66,396,24,4,1,432,0,11,5,8
504,Dávid Strelec,sk  SVK,"FW,MF",Spezia,20,2001,5.6,138,137,1,0,0,33,2,5,0,0,0,0,92,23,23,97,21,11,1,0,104,0,2,8,4
505,Kevin Strootman,nl  NED,MF,Cagliari,31,1990,7.1,358,337,21,17,0,39,10,1,1,0,1,0,258,43,57,298,42,14,2,0,293,1,2,16,10
506,Jens Stryger Larsen,dk  DEN,DF,Udinese,30,1991,7.6,291,223,68,4,1,26,5,12,8,7,1,0,150,69,72,28,185,18,56,1,219,3,4,6,6
507,Leo Štulac,si  SVN,MF,Empoli,26,1994,9.3,489,444,45,27,1,86,13,10,18,4,10,0,333,43,113,49,421,10,0,2,384,6,7,16,10
508,Stefano Sturaro,it  ITA,MF,Genoa,28,1993,19.6,594,574,20,6,1,161,11,24,6,1,5,0,343,95,156,94,398,45,8,10,379,5,13,37,39
509,Isaac Success,ng  NGA,FW,Udinese,25,1996,10.1,286,284,2,0,4,78,6,7,0,0,0,0,200,44,42,38,206,16,1,10,181,5,5,19,15
510,Vladyslav Supriaha,ua  UKR,FW,Sampdoria,21,2000,0.2,4,4,0,0,0,1,0,0,0,0,0,0,3,0,1,0,3,1,0,0,3,0,0,0,0
511,Bosko Sutalo,hr  CRO,DF,Hellas Verona,21,2000,10.2,487,443,44,12,0,66,13,8,0,0,0,0,305,80,102,57,340,39,32,2,383,0,12,18,9
512,Mattias Svanberg,se  SWE,MF,Bologna,22,1999,28.5,1063,1003,60,22,4,180,42,34,30,8,9,0,674,147,242,136,854,45,4,4,787,4,22,38,39
513,Michael Svoboda,at  AUT,DF,Venezia,22,1998,13.7,613,589,24,21,0,93,23,1,0,0,0,0,422,52,139,87,480,20,2,3,516,0,10,9,12
514,Wojciech Szczęsny,pl  POL,GK,Juventus,31,1990,33.0,1015,783,232,54,0,93,38,0,0,0,0,0,637,41,337,97,741,0,1,149,827,4,19,13,2
515,Adrien Tameze,cm  CMR,"MF,DF",Hellas Verona,27,1994,28.6,1299,1220,79,37,0,231,27,27,0,0,0,0,869,199,231,158,982,70,41,6,1038,4,20,49,32
516,Ciprian Tătărușanu,ro  ROU,GK,Milan,35,1986,6.0,206,157,49,11,0,7,5,0,0,0,0,0,113,13,80,26,160,0,0,13,162,0,2,3,1
517,Filippo Terracciano,it  ITA,DF,Hellas Verona,18,2003,0.1,5,3,2,0,0,1,0,0,0,0,0,0,2,0,3,1,1,0,2,0,3,0,0,0,0
518,Pietro Terracciano,it  ITA,GK,Fiorentina,31,1990,31.8,1523,1255,268,98,0,122,77,0,0,0,0,0,879,79,565,232,1113,1,0,137,1219,4,22,17,4
519,Aleksa Terzić,rs  SRB,DF,Fiorentina,21,1999,3.0,242,199,43,8,0,27,9,13,12,2,5,0,159,38,45,184,25,4,23,0,201,1,1,4,5
520,Tanner Tessmann,us  USA,MF,Venezia,19,2001,7.6,222,216,6,5,0,47,11,3,0,0,0,0,153,19,50,49,160,7,0,1,166,2,11,10,6
521,Arthur Theate,be  BEL,DF,Bologna,21,2000,26.9,1477,1413,64,40,1,157,25,11,0,0,0,0,1135,103,239,1145,229,61,23,0,1237,1,29,27,28
522,Morten Thorsby,no  NOR,MF,Sampdoria,25,1996,32.7,1002,982,20,16,2,350,10,2,0,0,0,0,607,191,204,114,620,80,4,21,736,1,21,35,27
523,Jeremy Toljan,de  GER,DF,Sassuolo,26,1994,15.5,855,701,154,19,2,79,19,21,0,0,0,0,573,192,90,46,638,26,135,4,755,3,12,16,19
524,Rafael Tolói,it  ITA,DF,Atalanta,30,1990,16.0,940,897,43,18,2,90,19,10,0,0,0,0,652,126,162,83,775,36,25,0,785,4,13,17,28
525,Takehiro Tomiyasu,jp  JPN,DF,Bologna,22,1998,0.1,3,2,1,0,0,0,0,1,0,0,0,0,0,1,2,1,1,0,1,0,3,0,0,0,0
526,Fikayo Tomori,eng  ENG,DF,Milan,23,1997,30.2,1696,1603,93,53,1,122,30,1,0,0,0,0,1371,102,223,492,1112,56,5,3,1505,5,13,22,12
527,Sandro Tonali,it  ITA,MF,Milan,21,2000,28.9,1481,1292,189,107,3,145,78,36,70,26,25,4,1055,124,302,168,1245,39,11,6,1208,0,22,36,25
528,Lorenzo Tonelli,it  ITA,DF,Empoli,31,1990,9.7,550,496,54,45,1,70,15,0,0,0,0,0,380,58,112,98,393,30,2,1,465,1,9,9,5
529,Ernesto Torregrossa,it  ITA,FW,Sampdoria,29,1992,1.3,46,45,1,0,0,12,2,1,0,0,0,0,27,10,9,31,5,6,0,2,31,1,1,3,4
530,Lucas Torreira,uy  URU,MF,Fiorentina,25,1996,24.4,1372,1288,84,80,1,198,41,5,0,0,0,0,980,170,222,196,1074,65,2,11,1202,4,12,33,13
531,Abdoulaye Touré,fr  FRA,MF,Genoa,27,1994,4.8,173,171,2,1,0,22,2,1,0,0,0,0,124,23,26,43,112,15,1,1,137,0,6,10,3
532,Simone Trimboli,it  ITA,MF,Sampdoria,19,2002,0.7,51,50,1,0,1,8,0,0,0,0,0,0,43,2,6,6,42,2,0,0,45,0,0,2,0
533,Axel Tuanzebe,eng  ENG,DF,Napoli,23,1997,0.1,4,4,0,0,0,0,0,0,0,0,0,0,4,0,0,1,3,0,0,0,4,0,0,0,0
534,Iyenoma Udogie,it  ITA,DF,Udinese,18,2002,27.5,911,788,123,11,1,166,3,17,2,0,0,0,638,153,120,578,146,45,110,7,731,1,7,38,36
535,Maximilian Ullmann,at  AUT,DF,Venezia,25,1996,2.7,65,55,10,0,0,12,2,3,0,0,0,0,33,14,18,42,9,3,10,1,45,0,0,2,3
536,Kacper Urbanski,pl  POL,MF,Bologna,16,2004,0.5,26,26,0,0,0,3,1,1,0,0,0,0,15,5,6,5,19,2,0,0,20,0,1,0,1
537,Antonio Vacca,it  ITA,MF,Venezia,31,1990,11.8,690,629,61,52,1,90,25,1,0,0,0,0,491,76,123,105,554,21,5,2,597,3,8,19,10
538,Zinho Vanheusden,be  BEL,DF,Genoa,22,1999,11.0,415,393,22,19,0,49,9,5,0,0,0,0,293,28,94,37,338,22,3,1,332,2,4,6,9
539,Johan Vásquez,mx  MEX,DF,Genoa,22,1998,25.3,1163,1012,151,47,0,121,13,12,0,0,0,0,635,154,374,791,143,81,99,5,837,5,29,39,38
540,Denis Vavro,sk  SVK,DF,Lazio,25,1996,0.1,6,6,0,0,0,1,0,0,0,0,0,0,5,0,1,0,5,0,0,0,6,0,0,0,0
541,Matías Vecino,uy  URU,MF,Inter,29,1991,4.2,210,203,7,5,3,43,4,7,0,0,0,0,141,31,38,11,168,11,2,6,163,1,3,9,8
542,Miguel Veloso,pt  POR,MF,Hellas Verona,35,1986,14.9,919,801,118,59,2,129,37,31,50,24,13,1,599,113,207,626,203,51,9,3,730,3,14,23,19
543,Lorenzo Venuti,it  ITA,DF,Fiorentina,26,1995,17.5,1048,912,136,21,0,105,21,23,0,0,0,0,751,181,116,106,792,22,115,4,907,1,14,29,19
544,Daniele Verde,it  ITA,"FW,MF",Spezia,25,1996,21.7,830,700,130,39,1,91,64,59,73,33,28,3,468,123,239,706,81,16,17,8,577,4,14,40,25
545,Jordan Veretout,fr  FRA,MF,Roma,28,1993,25.8,1431,1312,119,47,1,169,71,32,69,39,26,1,1065,122,244,217,1165,33,3,1,1209,1,22,25,18
546,Edoardo Vergani,it  ITA,"FW,MF",Salernitana,20,2001,1.1,24,24,0,0,0,11,0,0,0,0,0,0,16,6,2,1,18,1,0,2,14,0,0,4,1
547,Freddie Veseli,al  ALB,DF,Salernitana,28,1992,6.6,203,172,31,7,0,24,5,4,0,0,0,0,121,31,51,26,144,7,24,0,171,0,4,3,2
548,Guglielmo Vicario,it  ITA,GK,Empoli,24,1996,38.0,1323,977,346,89,0,92,15,0,0,0,0,0,836,44,443,134,957,1,0,211,1034,2,29,7,3
549,Arturo Vidal,cl  CHI,MF,Inter,34,1987,8.2,583,569,14,8,2,72,14,5,2,0,0,0,450,52,81,99,442,25,4,2,513,1,9,17,5
550,Ronaldo Vieira,gw  GNB,MF,Sampdoria,23,1998,5.5,287,272,15,11,1,50,12,0,0,0,0,0,226,32,29,43,227,8,3,0,249,0,7,10,4
551,Luca Vignali,it  ITA,DF,Spezia,25,1996,0.9,51,41,10,1,0,6,1,2,0,0,0,0,31,14,6,5,36,1,9,0,42,0,0,1,3
552,Emanuel Vignato,it  ITA,"MF,DF",Bologna,20,2000,6.6,402,376,26,3,1,67,13,14,4,1,0,1,298,51,53,46,323,12,15,2,336,1,1,12,19
553,Matías Viña,uy  URU,DF,Roma,23,1997,17.4,841,676,165,18,1,79,10,23,2,2,0,0,504,215,122,555,96,28,145,8,667,1,13,33,35
554,Nicolas Viola,it  ITA,MF,Bologna,31,1989,1.1,62,52,10,3,0,10,2,2,0,0,0,0,32,11,19,46,7,2,4,0,43,1,2,1,2
555,Mattia Viti,it  ITA,DF,Empoli,19,2002,16.6,684,619,65,41,0,76,9,0,0,0,0,0,507,69,108,484,133,33,13,3,572,0,13,15,9
556,Mërgim Vojvoda,xk  KVX,DF,Torino,26,1995,22.0,1165,985,180,12,0,147,31,63,3,2,0,0,681,231,253,76,862,37,165,2,913,9,15,40,33
557,Cristian Volpato,it  ITA,"MF,FW",Roma,17,2003,0.4,27,27,0,0,0,5,0,0,0,0,0,0,19,4,4,24,2,1,0,0,20,0,1,2,1
558,Stefan de Vrij,nl  NED,DF,Inter,29,1992,26.8,1528,1476,52,28,1,148,17,0,0,0,0,0,1273,99,156,184,1235,56,0,5,1423,2,11,14,2
559,Walace,br  BRA,MF,Udinese,26,1995,33.0,1649,1560,89,60,4,230,51,9,0,0,0,0,1234,148,267,207,1331,74,8,9,1362,5,26,49,24
560,Sebastian Walukiewicz,pl  POL,DF,Cagliari,21,2000,3.4,179,167,12,9,1,14,4,1,0,0,0,0,139,18,22,16,153,6,3,1,161,0,4,3,1
561,Magnus Warming,dk  DEN,"FW,DF",Torino,21,2000,0.6,21,21,0,0,0,8,0,1,0,0,0,0,14,2,5,6,10,4,0,0,11,0,1,1,2
562,Kelvin Yeboah,it  ITA,FW,Genoa,21,2000,9.4,186,180,6,0,0,68,2,13,0,0,0,0,109,37,40,26,111,13,2,8,121,0,6,8,13
563,Gerard Yepes,es  ESP,"MF,DF",Sampdoria,18,2002,0.2,22,22,0,0,0,3,2,0,0,0,0,0,14,3,5,2,18,1,0,0,19,0,1,0,0
564,Maya Yoshida,jp  JPN,DF,Sampdoria,32,1988,20.3,930,906,24,22,2,100,31,4,0,0,0,0,655,85,190,162,670,64,1,3,792,4,11,14,6
565,Denis Zakaria,ch  SUI,MF,Juventus,24,1996,6.6,178,176,2,2,0,44,1,4,0,0,0,0,144,14,20,7,161,2,0,3,138,1,2,5,11
566,Nicola Zalewski,pl  POL,DF,Roma,19,2002,8.8,503,398,105,12,0,54,8,18,8,7,1,0,293,111,99,96,310,11,85,0,395,2,11,17,16
567,Andre-Frank Zambo Anguissa,cm  CMR,MF,Napoli,25,1995,21.4,1227,1197,30,23,0,176,10,9,0,0,0,0,1028,107,92,137,1040,28,0,4,1100,3,9,26,18
568,Nicolò Zaniolo,it  ITA,FW,Roma,22,1999,21.9,553,521,32,2,7,141,38,29,17,15,1,1,386,69,98,438,75,11,6,15,395,3,16,20,35
569,Alessandro Zanoli,it  ITA,DF,Napoli,20,2000,5.1,285,246,39,2,0,33,2,5,1,0,0,0,204,33,48,11,227,9,36,1,227,0,2,15,6
570,Mattia Zanotti,it  ITA,DF,Inter,18,2003,0.1,13,10,3,1,0,2,0,0,0,0,0,0,8,2,3,0,10,1,2,0,13,0,0,0,0
571,Duván Zapata,co  COL,FW,Atalanta,30,1991,19.1,557,509,48,0,1,142,12,33,0,0,0,0,412,88,57,114,390,22,4,6,425,2,6,33,16
572,Gabriele Zappa,it  ITA,DF,Cagliari,21,1999,12.7,619,525,94,7,0,64,14,22,1,0,1,0,364,112,143,19,482,17,86,3,466,1,10,23,30
573,Davide Zappacosta,it  ITA,DF,Atalanta,29,1992,26.1,1521,1285,236,19,0,147,18,83,5,1,1,0,1032,288,201,160,1109,28,212,2,1255,5,25,48,52
574,Simone Zaza,it  ITA,"FW,MF",Torino,30,1991,1.4,44,43,1,0,0,17,0,0,0,0,0,0,22,14,8,25,3,1,1,5,34,0,0,1,1
575,Marvin Zeegelaar,nl  NED,DF,Udinese,30,1990,7.1,303,274,29,3,0,45,1,1,0,0,0,0,195,41,67,203,39,22,24,1,236,1,4,15,2
576,Piotr Zieliński,pl  POL,MF,Napoli,27,1994,23.2,1147,1083,64,7,0,168,16,20,26,6,7,0,846,155,146,311,787,35,2,5,965,5,10,48,14
577,David Zima,cz  CZE,DF,Torino,20,2000,14.6,605,594,11,10,1,80,3,4,0,0,0,0,463,60,82,111,429,24,1,2,522,0,5,8,9
578,Jeroen Zoet,nl  NED,GK,Spezia,30,1991,7.0,235,164,71,17,0,8,5,0,0,0,0,0,136,17,82,30,163,0,0,41,178,1,5,3,1
579,Nadir Zortea,it  ITA,"DF,MF",Salernitana,22,1999,15.7,487,389,98,1,1,61,21,50,11,3,8,0,226,102,159,71,314,11,86,0,319,1,11,14,35
580,Petar Zovko,ba  BIH,GK,Spezia,19,2002,0.3,10,7,3,0,0,0,0,0,0,0,0,0,4,1,5,6,1,0,0,3,7,0,0,0,0
581,Szymon Żurkowski,pl  POL,MF,Empoli,23,1997,25.6,915,904,11,6,0,221,10,19,0,0,0,0,722,96,97,153,719,18,5,4,733,2,16,36,30
582,Milan Đurić,ba  BIH,FW,Salernitana,31,1990,24.1,682,664,18,1,0,347,2,7,0,0,0,0,224,249,209,39,216,122,2,50,427,2,10,31,10
583,Filip Đuričić,rs  SRB,"MF,FW",Sassuolo,29,1992,7.5,226,215,11,3,1,53,2,0,0,0,0,0,184,22,20,16,198,5,4,0,184,0,1,10,14
