,Player,Nation,Pos,Squad,Age,Born,90s,Att,Live_Pass Types,Dead_Pass Types,FK_Pass Types,TB_Pass Types,Press_Pass Types,Sw_Pass Types,Crs_Pass Types,CK_Pass Types,In_Corner Kicks,Out_Corner Kicks,Str_Corner Kicks,Ground_Height,Low_Height,High_Height,Left_Body Parts,Right_Body Parts,Head_Body Parts,TI_Body Parts,Other_Body Parts,Cmp,Off_Outcomes,Out_Outcomes,Int_Outcomes,Blocks_Outcomes
0,Aly Abeid,mr  MTN,DF,Levante,19,1997,0.8,38,31,7,0,0,1,0,2,0,0,0,0,20,10,8,20,10,1,7,0,29,0,1,1,2
1,Antonio Adán,es  ESP,GK,Betis,30,1987,30.0,1035,848,187,57,0,157,26,0,0,0,0,0,512,35,488,755,161,3,0,96,714,1,32,5,3
2,Aday,es  ESP,"DF,MF",Girona,29,1987,20.4,1006,861,145,7,0,195,39,99,4,0,0,0,528,149,329,118,656,81,134,1,695,2,34,24,40
3,Aritz Aduriz,es  ESP,FW,Athletic Club,36,1981,23.9,509,490,19,1,0,135,5,16,1,0,0,0,295,110,104,54,307,81,4,16,329,2,13,10,27
4,Martin Agirregabiria,es  ESP,DF,Alavés,21,1996,20.3,873,709,164,3,1,170,11,35,0,0,0,0,441,196,236,47,578,76,161,5,598,0,36,31,54
5,Imanol Agirretxe,es  ESP,FW,Real Sociedad,30,1987,2.6,56,55,1,0,0,14,0,0,0,0,0,0,34,9,13,9,38,5,0,0,36,1,3,1,2
6,Matías Aguirregaray,uy  URU,DF,Las Palmas,28,1989,12.8,668,559,109,8,0,96,7,16,0,0,0,0,399,81,188,61,476,23,101,3,489,3,18,11,14
7,Ager Aketxe,es  ESP,MF,Athletic Club,23,1993,0.5,41,36,5,2,0,6,2,2,3,0,0,0,32,0,9,30,10,1,0,0,32,0,1,0,1
8,David Alba,es  ESP,DF,Getafe,18,1999,0.7,11,11,0,0,0,2,0,0,0,0,0,0,4,6,1,1,7,3,0,0,6,0,2,1,0
9,Jordi Alba,es  ESP,DF,Barcelona,28,1989,30.5,2323,2105,218,23,1,387,22,75,1,0,0,0,1797,284,242,1763,298,57,194,5,1985,8,20,43,79
10,Raúl Albentosa,es  ESP,DF,La Coruña,28,1988,19.4,782,760,22,21,2,108,27,3,0,0,0,0,489,76,217,105,567,91,1,4,600,3,26,7,12
11,Paco Alcácer,es  ESP,"FW,MF",Barcelona,23,1993,7.8,236,227,9,1,0,43,2,7,3,0,0,0,191,19,26,41,180,8,2,2,193,2,2,6,9
12,Pedro Alcalá,es  ESP,DF,Girona,28,1989,7.6,307,296,11,11,0,36,23,1,0,0,0,0,156,29,122,10,240,49,0,4,208,0,19,1,6
13,Steve Aldo One,cm  CMR,DF,La Coruña,22,1995,1.0,22,21,1,1,0,0,0,0,0,0,0,0,17,2,3,20,0,2,0,0,18,0,0,0,0
14,Álex Alegría,es  ESP,FW,Levante,24,1992,6.9,154,141,13,0,0,41,0,3,0,0,0,0,98,27,29,35,83,21,0,3,110,1,2,2,5
15,Iván Alejo,es  ESP,"FW,MF",Eibar,22,1995,12.5,354,345,9,1,0,84,14,76,2,0,0,0,172,60,122,28,288,26,6,2,188,2,15,7,39
16,Alexander,ar  ARG,"FW,MF",Leganés,28,1988,11.7,326,308,18,4,0,63,7,29,10,0,0,0,223,44,59,215,79,27,4,0,220,1,5,10,17
17,Alexis,es  ESP,DF,Alavés,31,1985,24.3,731,603,128,45,0,122,14,4,0,0,0,0,374,80,277,101,445,88,83,4,523,6,30,9,6
18,José Alonso Lara,es  ESP,FW,Sevilla,17,2000,0.1,4,4,0,0,0,0,0,0,0,0,0,0,3,0,1,0,4,0,0,0,3,0,1,0,0
19,Sergio Álvarez,es  ESP,GK,Celta Vigo,30,1986,16.4,518,397,121,38,0,85,7,0,0,0,0,0,237,28,253,78,394,1,0,32,342,2,22,2,2
20,Yeray Álvarez,es  ESP,DF,Athletic Club,22,1995,7.5,437,418,19,12,0,84,10,1,0,0,0,0,318,47,72,36,350,34,7,0,359,2,12,6,7
21,Eloi Amagat,es  ESP,"FW,MF",Girona,32,1985,0.2,8,8,0,0,0,2,0,1,0,0,0,0,6,1,1,1,7,0,0,0,7,0,0,0,0
22,Jordi Amat,es  ESP,"DF,MF",Betis,25,1992,22.7,1572,1542,30,22,0,211,39,0,0,0,0,0,1313,63,196,312,1162,77,8,0,1404,3,26,13,17
23,Amath,sn  SEN,"MF,FW",Getafe,21,1996,31.5,617,610,7,1,0,136,9,23,0,0,0,0,436,63,118,114,437,45,4,5,402,6,21,28,45
24,Nordin Amrabat,ma  MAR,"FW,MF",Leganés,30,1987,18.0,485,462,23,1,0,94,13,52,2,0,0,0,319,58,108,35,409,21,11,3,308,6,16,16,39
25,Jon Ander Serantes,es  ESP,GK,Leganés,27,1989,1.0,27,16,11,5,0,2,1,0,0,0,0,0,2,0,25,0,22,0,0,1,8,0,2,0,0
26,Florin Andone,ro  ROU,FW,La Coruña,24,1993,18.2,295,278,17,0,0,69,5,23,0,0,0,0,168,67,60,35,182,54,2,9,182,1,15,2,21
27,Miguel Ángel Guerrero,es  ESP,FW,Leganés,27,1990,16.1,356,330,26,0,0,60,1,1,0,0,0,0,254,57,45,42,241,41,0,13,274,0,3,8,12
28,Miguel Ángel Moyá,es  ESP,GK,Real Sociedad,33,1984,8.5,272,230,42,11,0,32,9,0,0,0,0,0,120,8,144,32,214,0,0,10,204,0,14,3,1
29,Miguel Ángel Rubio,es  ESP,DF,Getafe,19,1998,0.3,7,7,0,0,0,2,0,0,0,0,0,0,1,3,3,1,2,2,0,0,3,0,1,0,0
30,José Ángel,es  ESP,DF,Eibar,27,1989,26.9,1634,1275,359,58,0,248,86,117,41,0,0,0,608,261,765,1098,141,113,260,2,987,5,98,28,79
31,Vitorino Antunes,pt  POR,DF,Getafe,30,1987,31.1,1328,959,369,53,1,197,43,83,49,0,0,0,490,285,553,857,111,81,267,4,832,8,60,32,48
32,Alberto Aquilani,it  ITA,MF,Las Palmas,33,1984,14.4,992,970,22,21,0,154,51,5,0,0,0,0,761,80,151,119,831,33,1,6,826,3,20,23,20
33,Mauro Arambarri,uy  URU,MF,Getafe,21,1995,23.6,658,651,7,2,1,119,45,6,0,0,0,0,360,65,233,63,513,69,2,1,452,6,25,22,20
34,Guilherme Arana,br  BRA,DF,Sevilla,20,1997,2.1,130,109,21,3,0,8,1,2,0,0,0,0,84,18,28,86,16,10,18,0,107,0,7,1,4
35,Sergio Araujo,ar  ARG,"FW,MF",Las Palmas,25,1992,0.4,22,21,1,0,0,4,0,1,0,0,0,0,18,1,3,3,16,2,1,0,20,0,0,0,1
36,Anaitz Arbilla,es  ESP,DF,Eibar,30,1987,26.8,1583,1502,81,47,0,233,141,9,2,0,0,0,940,156,487,301,1071,155,32,6,1234,9,87,24,29
37,José Arnaiz,es  ESP,MF,Barcelona,22,1995,0.1,4,4,0,0,0,1,0,0,0,0,0,0,3,1,0,1,2,1,0,0,3,0,0,0,0
38,Alejandro Arribas,es  ESP,DF,La Coruña,28,1989,3.0,120,120,0,0,0,14,2,0,0,0,0,0,78,12,30,8,100,12,0,0,96,0,3,0,2
39,Sergio Arribas,es  ESP,FW,Leganés,22,1995,0.3,,,,,,,,,,,,,,,,,,,,,,,,,
40,Kepa Arrizabalaga,es  ESP,GK,Athletic Club,22,1994,30.0,862,663,199,65,0,118,23,0,0,0,0,0,259,22,581,89,684,1,0,67,545,6,11,3,3
41,Aythami Artiles,es  ESP,DF,Las Palmas,31,1986,2.1,90,82,8,8,0,22,1,0,0,0,0,0,67,6,17,13,71,3,0,0,75,0,2,1,0
42,Sergio Asenjo,es  ESP,GK,Villarreal,28,1989,23.0,469,325,144,35,0,41,13,0,0,0,0,0,154,26,289,47,310,0,0,86,277,4,19,2,0
43,Marco Asensio,es  ESP,"FW,MF",Real Madrid,21,1996,20.5,1226,1160,66,11,6,190,39,76,41,0,0,0,987,84,155,1048,142,22,13,1,1028,5,10,24,41
44,Iago Aspas,es  ESP,FW,Celta Vigo,29,1987,32.6,1290,1230,60,17,3,291,37,52,24,0,0,0,978,146,166,922,286,62,5,7,971,12,31,37,44
45,Carlos Bacca,co  COL,FW,Villarreal,30,1986,27.5,528,499,29,0,1,105,11,27,1,0,0,0,392,76,60,25,448,39,2,5,380,7,12,20,17
46,Cédric Bakambu,cd  COD,FW,Villarreal,26,1991,14.0,281,269,12,1,0,51,8,18,0,0,0,0,208,39,34,21,223,26,0,3,200,1,4,11,11
47,Zakaria Bakkali,be  BEL,"FW,MF",La Coruña,21,1996,10.2,316,307,9,1,0,70,4,24,5,0,0,0,218,29,69,52,245,14,3,1,228,3,8,7,13
48,Gareth Bale,wal  WAL,"FW,MF",Real Madrid,28,1989,19.9,770,750,20,0,2,152,37,58,0,0,0,0,549,92,129,635,71,29,18,5,604,7,12,18,30
49,Mikel Balenziaga,es  ESP,DF,Athletic Club,29,1988,17.2,782,649,133,2,0,103,8,39,0,0,0,0,423,120,239,469,107,65,131,3,579,0,23,14,29
50,Éver Banega,ar  ARG,MF,Sevilla,29,1988,26.7,2265,2069,196,96,2,393,96,43,89,0,0,0,1670,163,432,234,1969,44,10,3,1846,20,36,47,50
51,Léo Baptistão,br  BRA,"FW,MF",Espanyol,24,1992,29.7,746,701,45,1,0,152,11,37,2,0,0,0,499,96,151,115,514,78,7,8,486,1,16,20,59
52,Mariano Barbosa,ar  ARG,GK,Villarreal,33,1984,12.5,253,174,79,16,0,23,5,0,0,0,0,0,115,11,127,21,184,1,0,40,162,0,14,0,0
53,Enis Bardhi,mk  MKD,MF,Levante,22,1995,17.6,661,591,70,23,1,128,30,24,39,0,0,0,457,61,143,98,520,27,5,8,507,3,19,9,16
54,Antonio Barragán,es  ESP,"DF,MF",Betis,30,1987,26.3,1592,1436,156,13,4,253,31,79,1,0,0,0,1048,208,336,169,1154,98,142,4,1269,4,28,31,46
55,Barri,es  ESP,"MF,FW",Getafe,21,1995,1.3,23,23,0,0,0,8,1,0,0,0,0,0,15,2,6,1,18,2,0,0,14,2,1,2,0
56,Marc Bartra,es  ESP,DF,Betis,26,1991,15.8,1107,1069,38,38,2,111,40,3,0,0,0,0,829,58,220,92,925,65,0,8,928,5,27,11,9
57,Borja Bastón,es  ESP,FW,Málaga,24,1992,11.0,231,216,15,1,0,63,2,2,0,0,0,0,151,44,36,12,169,29,0,4,175,0,9,9,11
58,Jon Bautista,es  ESP,"FW,MF",Real Sociedad,22,1995,2.1,36,34,2,0,0,7,0,0,0,0,0,0,28,6,2,5,28,1,0,0,25,0,2,4,0
59,Paul Baysse,fr  FRA,DF,Málaga,29,1988,13.8,551,535,16,14,0,90,14,2,0,0,0,0,342,70,139,84,361,88,2,5,433,0,15,5,5
60,Claudio Beauvue,GPE,FW,Leganés,29,1988,18.6,316,291,25,2,0,80,2,11,0,0,0,0,169,71,76,51,164,46,2,10,206,4,8,6,12
61,Bebé,pt  POR,"MF,FW",Eibar,27,1990,4.1,152,138,14,5,0,37,6,25,4,0,0,0,82,26,44,22,108,13,5,2,91,0,10,2,13
62,Wissam Ben Yedder,fr  FRA,FW,Sevilla,26,1990,18.9,460,432,28,0,0,103,2,12,0,0,0,0,365,47,48,217,204,29,1,3,357,5,7,17,12
63,Karim Benzema,fr  FRA,FW,Real Madrid,29,1987,23.9,868,839,29,2,5,173,13,18,0,0,0,0,745,68,55,114,735,14,0,4,713,4,7,28,37
64,Markel Bergara,es  ESP,MF,Getafe,31,1986,16.2,394,381,13,3,0,74,4,6,2,0,0,0,222,51,121,41,239,89,0,5,272,6,10,9,9
65,Pedro Bigas,es  ESP,DF,Las Palmas,26,1990,9.9,592,578,14,9,1,69,14,0,0,0,0,0,473,36,83,300,249,34,5,2,514,2,7,5,9
66,Rubén Blanco,es  ESP,GK,Celta Vigo,22,1995,21.6,684,567,117,35,1,94,19,0,0,0,0,0,283,28,373,146,458,1,0,58,418,6,25,3,2
67,Emmanuel Boateng,gh  GHA,FW,Levante,21,1996,14.2,228,217,11,1,0,67,3,6,0,0,0,0,142,25,61,33,128,32,0,3,146,3,6,4,12
68,Daniele Bonera,it  ITA,DF,Villarreal,36,1981,13.2,570,552,18,17,1,77,11,0,0,0,0,0,424,54,92,77,448,39,1,0,485,2,14,10,2
69,Celso Borges,cr  CRC,MF,La Coruña,29,1988,25.5,1209,1195,14,9,0,254,27,17,1,0,0,0,776,151,282,141,849,134,4,3,924,5,8,19,31
70,Ryad Boudebouz,dz  ALG,"MF,FW",Betis,27,1990,15.2,840,783,57,26,1,127,37,29,21,0,0,0,623,74,143,661,137,27,4,4,634,2,18,25,24
71,Yassine Bounou,ma  MAR,GK,Girona,26,1991,29.5,660,443,217,64,0,71,30,0,0,0,0,0,146,22,492,501,47,0,0,64,333,3,23,3,1
72,Lucas Boyé,ar  ARG,"FW,MF",Celta Vigo,21,1996,3.2,134,131,3,0,0,26,2,8,0,0,0,0,95,19,20,20,104,5,3,1,88,1,5,5,7
73,Darko Brašanac,rs  SRB,"MF,FW",Leganés,25,1992,13.4,439,423,16,11,1,85,7,11,2,0,0,0,313,46,80,83,301,37,3,3,332,4,15,4,15
74,Alberto Bueno,es  ESP,"FW,MF",Málaga,29,1988,2.6,103,101,2,0,1,19,4,3,0,0,0,0,71,12,20,18,78,5,1,0,80,1,1,2,2
75,Burgui,es  ESP,"FW,MF",Alavés,23,1993,11.5,354,336,18,3,2,73,7,18,3,0,0,0,280,35,39,42,286,16,9,0,264,1,8,14,22
76,Sergio Busquets,es  ESP,MF,Barcelona,29,1988,28.8,2173,2115,58,56,1,400,51,3,0,0,0,0,1758,202,213,372,1678,85,1,5,1945,5,15,31,23
77,Unai Bustinza,es  ESP,DF,Leganés,25,1992,18.2,686,622,64,25,0,109,21,11,0,0,0,0,399,89,198,23,519,84,39,3,526,2,18,11,15
78,Erick Cabaco,uy  URU,DF,Levante,22,1995,11.5,325,294,31,31,0,51,5,0,0,0,0,0,193,30,102,18,265,37,0,0,227,0,15,6,6
79,Gustavo Cabral,ar  ARG,DF,Celta Vigo,31,1985,20.8,1285,1268,17,15,0,194,25,0,0,0,0,0,958,92,235,126,1014,114,1,6,1115,2,28,9,6
80,Leandro Cabrera,uy  URU,DF,Getafe,26,1991,8.0,308,240,68,9,0,42,16,14,0,0,0,0,78,43,187,159,36,46,59,0,148,2,19,11,11
81,Cala,es  ESP,DF,Getafe,27,1989,20.0,681,626,55,55,1,127,64,0,0,0,0,0,247,84,350,81,457,114,0,3,412,1,56,6,9
82,Carlos Calderón,es  ESP,FW,Getafe,22,1995,0.1,2,2,0,0,0,1,0,0,0,0,0,0,1,0,1,0,1,0,0,0,1,0,0,1,0
83,Jonathan Calleri,ar  ARG,FW,Las Palmas,23,1993,34.5,720,651,69,1,0,139,27,30,0,0,0,0,426,127,167,50,521,73,2,27,452,5,35,19,38
84,Víctor Camarasa,es  ESP,MF,Betis,23,1994,13.9,625,624,1,1,1,113,21,6,0,0,0,0,521,43,61,76,525,18,0,0,542,2,11,12,13
85,José Campaña,es  ESP,MF,Levante,24,1993,30.3,1617,1503,114,44,3,327,69,35,69,0,0,0,1180,152,285,216,1280,102,1,8,1307,6,46,29,38
86,Joel Campbell,cr  CRC,"MF,FW",Betis,25,1992,2.4,94,93,1,0,1,13,3,2,0,0,0,0,76,9,9,85,5,3,1,0,80,0,1,2,1
87,Sergio Canales,es  ESP,"MF,FW",Real Sociedad,26,1991,21.5,1298,1144,154,49,4,214,90,59,88,2,2,0,947,63,288,1149,119,15,11,3,1035,4,26,15,36
88,João Cancelo,pt  POR,MF,Valencia,23,1994,1.0,46,46,0,0,1,13,2,7,0,0,0,0,33,7,6,4,40,2,0,0,28,0,1,1,5
89,Ander Capa,es  ESP,DF,Eibar,25,1992,25.1,1469,1173,296,14,1,226,24,70,1,0,0,0,746,260,463,94,984,92,281,1,1030,9,53,46,68
90,Lionel Carole,fr  FRA,DF,Sevilla,26,1991,6.0,343,306,37,1,0,66,2,3,0,0,0,0,232,38,73,257,26,23,36,0,272,3,10,3,14
91,Yannick Carrasco,be  BEL,"MF,FW",Atlético Madrid,23,1993,10.0,341,317,24,8,0,66,5,20,6,0,0,0,266,41,34,45,272,12,9,2,252,3,5,9,18
92,Daniel Carriço,pt  POR,DF,Sevilla,28,1988,5.1,243,238,5,5,0,33,3,2,0,0,0,0,171,39,33,37,175,25,0,2,207,0,3,2,4
93,Federico Cartabia,ar  ARG,"FW,MF",La Coruña,24,1993,14.7,593,555,38,9,2,133,19,38,12,0,0,0,401,83,109,432,100,42,16,1,444,2,15,17,26
94,Dani Carvajal,es  ESP,DF,Real Madrid,25,1992,24.7,1815,1643,172,15,1,293,44,93,0,0,0,0,1264,245,306,119,1435,81,157,7,1520,6,17,39,52
95,Casemiro,br  BRA,MF,Real Madrid,25,1992,28.8,1736,1712,24,22,3,280,86,10,0,0,0,0,1283,152,301,159,1445,92,1,9,1515,7,22,21,29
96,Kiko Casilla,es  ESP,GK,Real Madrid,30,1986,10.0,193,153,40,6,0,25,7,0,0,0,0,0,106,10,77,3,150,0,0,33,143,1,4,3,1
97,Dani Castellano,es  ESP,DF,Las Palmas,29,1987,22.5,1033,874,159,10,0,165,12,32,2,0,0,0,615,145,273,661,139,75,147,0,793,3,25,21,25
98,Javi Castellano,es  ESP,MF,Las Palmas,29,1987,17.4,1060,1035,25,23,0,129,13,3,0,0,0,0,847,115,98,127,840,69,2,5,931,0,13,22,15
99,Samu Castillejo,es  ESP,"MF,FW",Villarreal,22,1995,23.0,992,899,93,26,1,202,49,51,60,1,0,0,724,71,197,774,173,24,6,6,747,7,21,20,30
100,Chory Castro,uy  URU,"MF,FW",Málaga,32,1984,22.8,999,898,101,33,1,205,53,83,30,0,0,0,556,119,324,726,153,65,37,4,655,15,32,27,46
101,Jonny Castro,es  ESP,DF,Celta Vigo,23,1994,35.6,2020,1776,244,28,0,333,43,45,1,0,0,0,1353,269,398,548,1124,107,215,5,1643,13,38,38,40
102,Rubén Castro,es  ESP,FW,Betis,36,1981,4.0,55,51,4,0,0,9,1,0,0,0,0,0,41,5,9,7,43,3,1,1,45,0,0,2,2
103,Dani Ceballos,es  ESP,"MF,FW",Real Madrid,20,1996,4.5,361,353,8,3,0,50,9,4,3,0,0,0,329,15,17,23,332,3,2,1,339,1,2,4,4
104,Emanuel Cecchini,ar  ARG,"MF,DF",Málaga,20,1996,0.3,18,18,0,0,0,0,1,0,0,0,0,0,14,1,3,1,16,1,0,0,16,0,0,0,2
105,Nereo Champagne,ar  ARG,GK,Leganés,32,1985,2.0,52,29,23,8,0,12,1,0,0,0,0,0,6,2,44,3,43,0,0,4,26,1,1,0,2
106,Charles,br  BRA,FW,Eibar,33,1984,17.5,415,393,22,0,0,101,4,10,1,0,0,0,229,99,87,11,276,67,0,27,286,1,12,15,17
107,Chema,es  ESP,DF,Levante,25,1992,22.4,716,689,27,26,1,111,30,0,0,0,0,0,447,56,213,528,111,56,0,0,552,2,22,10,6
108,Denis Cheryshev,ru  RUS,"MF,FW",Villarreal,26,1990,10.3,347,343,4,1,2,69,9,29,0,0,0,0,239,38,70,269,39,31,2,1,230,3,13,13,16
109,Leandro Chichizola,ar  ARG,GK,Las Palmas,27,1990,27.0,929,734,195,64,0,126,26,0,0,0,0,0,453,60,416,100,681,1,0,128,635,4,43,9,2
110,Chuca,es  ESP,MF,Villarreal,20,1997,1.0,56,50,6,2,0,7,4,4,4,0,0,0,41,5,10,6,46,4,0,0,36,1,3,3,0
111,Cifu,es  ESP,DF,Málaga,26,1990,1.2,77,61,16,0,0,16,2,8,0,0,0,0,42,11,24,6,54,0,16,1,59,0,0,1,7
112,Jasper Cillessen,nl  NED,GK,Barcelona,28,1989,1.0,27,18,9,0,0,5,0,0,0,0,0,0,18,2,7,7,16,0,0,4,19,0,0,0,0
113,Coke,es  ESP,DF,Levante,30,1987,15.4,748,619,129,2,0,137,8,19,0,0,0,0,391,134,223,83,472,52,127,5,542,4,17,19,30
114,Emre Çolak,tr  TUR,"MF,FW",La Coruña,26,1991,16.1,860,809,51,25,2,132,41,40,18,0,0,0,618,70,172,792,38,21,6,0,669,5,23,15,32
115,Francis Coquelin,fr  FRA,"MF,DF",Valencia,26,1991,7.3,314,311,3,2,0,85,11,4,0,0,0,0,230,35,49,30,246,25,1,1,258,5,8,6,6
116,Sébastien Corchia,fr  FRA,DF,Sevilla,26,1990,9.1,390,335,55,1,1,55,4,23,0,0,0,0,232,58,100,31,273,25,54,0,292,1,13,9,6
117,Iñigo Córdoba,es  ESP,"FW,MF",Athletic Club,20,1997,16.2,543,536,7,4,1,134,17,50,0,0,0,0,383,51,109,376,127,27,3,0,353,3,14,16,37
118,Ángel Correa,ar  ARG,"FW,MF",Atlético Madrid,22,1995,24.9,897,891,6,0,2,199,13,40,3,0,0,0,697,97,103,176,681,31,0,6,646,9,14,30,48
119,Joaquín Correa,ar  ARG,"FW,MF",Sevilla,22,1994,13.2,495,478,17,3,1,120,9,9,3,0,0,0,384,61,50,52,392,30,9,5,394,8,4,6,23
120,Diego Costa,es  ESP,FW,Atlético Madrid,28,1988,11.5,328,323,5,0,1,86,4,5,0,0,0,0,241,51,36,34,237,34,0,14,248,1,8,12,20
121,Jaume Costa,es  ESP,DF,Villarreal,29,1988,28.3,1581,1400,181,9,0,300,22,63,2,0,0,0,1000,227,354,976,321,89,170,2,1220,7,31,30,40
122,Philippe Coutinho,br  BRA,"FW,MF",Barcelona,25,1992,14.4,858,799,59,8,1,186,27,17,46,0,0,0,708,67,83,61,774,11,5,3,713,4,14,18,19
123,Iván Cuéllar,es  ESP,GK,Leganés,33,1984,35.0,927,590,337,139,0,70,22,0,0,0,0,0,117,34,776,734,38,0,0,64,401,6,40,2,5
124,Sergi Darder,es  ESP,MF,Espanyol,23,1993,30.9,1492,1428,64,38,4,236,47,20,22,0,0,0,1103,107,282,98,1313,71,4,3,1186,8,38,19,39
125,Salem Al-Dawsari,sa  KSA,MF,Villarreal,25,1991,0.4,17,17,0,0,0,3,0,1,0,0,0,0,17,0,0,3,14,0,0,0,15,0,0,0,1
126,Ousmane Dembélé,fr  FRA,"FW,MF",Barcelona,20,1997,10.2,498,466,32,3,2,108,20,25,25,0,4,0,414,36,48,228,259,5,4,1,392,6,5,23,26
127,Ermedin Demirović,ba  BIH,FW,Alavés,19,1998,2.0,31,31,0,0,0,8,1,1,0,0,0,0,17,3,11,3,19,6,0,1,20,0,1,1,3
128,Gerard Deulofeu,es  ESP,"MF,FW",Barcelona,23,1994,5.6,290,276,14,1,0,58,3,14,12,0,3,0,238,18,34,17,266,5,1,1,226,0,1,3,16
129,Adrián Diéguez,es  ESP,DF,Alavés,21,1996,4.8,172,144,28,6,0,24,5,1,1,0,0,0,106,5,61,118,19,13,21,1,130,1,8,3,2
130,Lucas Digne,fr  FRA,DF,Barcelona,24,1993,7.9,539,477,62,7,0,90,6,16,0,0,0,0,401,88,50,433,23,22,55,0,465,0,5,13,17
131,Djené,tg  TOG,DF,Getafe,25,1991,36.0,1053,1008,45,37,0,162,20,9,0,0,0,0,561,100,392,193,660,157,8,5,717,10,32,16,19
132,Marko Dmitrović,rs  SRB,GK,Eibar,25,1992,36.0,926,694,232,95,0,87,28,0,0,0,0,0,178,26,722,714,92,2,0,73,457,4,37,4,1
133,Jaume Doménech,es  ESP,GK,Valencia,26,1990,5.0,107,79,28,10,0,8,0,0,0,0,0,0,49,10,48,8,71,0,0,24,78,0,0,0,0
134,Mauro dos Santos,ar  ARG,DF,Leganés,28,1989,11.0,328,325,3,3,0,57,8,2,0,0,0,0,180,33,115,56,220,45,0,1,236,0,8,2,7
135,Cheick Doukouré,ci  CIV,MF,Levante,24,1992,11.3,315,313,2,1,0,72,4,2,0,0,0,0,240,26,49,38,245,25,1,0,258,0,6,8,7
136,Óscar Duarte,cr  CRC,DF,Espanyol,28,1989,11.0,497,480,17,17,0,81,12,0,0,0,0,0,297,47,153,114,319,47,0,0,374,1,19,7,6
137,Rubén Duarte,es  ESP,DF,Alavés,21,1995,23.8,963,748,215,5,1,153,22,36,1,0,0,0,394,177,392,545,87,100,209,2,660,14,30,12,25
138,Riza Durmisi,dk  DEN,"DF,MF",Betis,23,1994,23.1,1053,916,137,5,1,170,15,52,1,0,0,0,672,116,265,729,143,44,131,3,824,3,32,11,30
139,Hugo Duro,es  ESP,FW,Getafe,17,1999,0.2,6,6,0,0,0,1,0,0,0,0,0,0,5,0,1,4,2,0,0,0,6,0,0,0,0
140,Aritz Elustondo,es  ESP,DF,Real Sociedad,23,1994,17.7,1036,986,50,8,0,183,15,8,0,0,0,0,763,73,200,110,780,84,42,2,862,1,26,10,20
141,Rodrigo Ely,br  BRA,DF,Alavés,23,1993,29.9,1035,979,56,53,0,187,49,1,0,0,0,0,550,123,362,137,696,144,3,6,726,6,46,19,11
142,Youssef En-Nesyri,ma  MAR,FW,Málaga,20,1997,17.8,345,333,12,0,1,81,5,14,0,0,0,0,173,68,104,198,31,76,1,8,204,2,12,7,22
143,Sergi Enrich,es  ESP,FW,Eibar,27,1990,14.8,389,377,12,0,0,81,6,7,0,0,0,0,193,99,97,22,221,96,3,18,266,1,9,5,10
144,Javier Eraso,es  ESP,"MF,FW",Leganés,27,1990,28.1,902,816,86,22,1,170,22,32,53,0,0,0,601,102,199,144,670,74,2,5,649,7,18,24,28
145,Gonzalo Escalante,ar  ARG,MF,Eibar,24,1993,17.5,688,682,6,4,1,127,15,11,0,0,0,0,426,102,160,56,503,100,2,0,499,5,26,8,17
146,Sergio Escudero,es  ESP,DF,Sevilla,27,1989,25.9,1590,1340,250,34,0,255,20,44,4,0,0,0,965,258,367,1105,133,104,212,6,1224,11,40,30,42
147,Bernardo Espinosa,co  COL,DF,Girona,28,1989,31.9,1221,1195,26,25,0,193,71,6,0,0,0,0,731,120,370,152,868,142,0,9,962,7,48,9,6
148,Oghenekaro Etebo,ng  NGA,MF,Las Palmas,21,1995,13.5,633,624,9,6,2,133,23,2,1,0,0,0,520,47,66,100,497,21,2,2,528,5,11,21,5
149,Beñat Etxebarria,es  ESP,MF,Athletic Club,30,1987,12.5,790,678,112,52,0,154,47,24,47,0,0,0,541,74,175,52,702,28,4,2,620,7,17,14,13
150,Xabier Etxeita,es  ESP,DF,Athletic Club,29,1987,4.2,159,159,0,0,0,17,5,1,0,0,0,0,111,14,34,40,100,17,0,0,137,0,0,1,2
151,Edu Expósito,es  ESP,MF,La Coruña,20,1996,1.1,50,50,0,0,0,8,0,0,0,0,0,0,43,3,4,15,32,3,0,0,44,0,1,0,1
152,Erik Expósito,es  ESP,FW,Las Palmas,21,1996,5.3,95,90,5,0,0,22,1,3,0,0,0,0,50,17,28,51,13,19,0,0,63,3,3,2,3
153,Imoh Ezekiel,ng  NGA,"FW,MF",Las Palmas,23,1993,5.2,127,121,6,0,0,28,3,10,1,0,0,0,96,17,14,17,97,7,4,2,98,0,2,2,7
154,Fayçal Fajr,ma  MAR,"MF,FW",Getafe,28,1988,26.5,1060,935,125,69,0,181,112,68,50,0,0,0,490,123,447,83,881,73,1,4,734,8,27,18,30
155,Zouhair Feddal,ma  MAR,DF,Betis,28,1989,14.0,813,786,27,22,0,140,43,3,0,0,0,0,536,65,212,643,96,57,4,2,641,3,37,9,11
156,Andrés Fernández,es  ESP,GK,Villarreal,30,1986,2.5,50,32,18,3,0,8,0,0,0,0,0,0,20,1,29,1,45,0,0,4,32,1,1,0,0
157,Augusto Fernández,ar  ARG,"MF,FW",Atlético Madrid,31,1986,1.2,76,74,2,1,0,10,2,0,0,0,0,0,56,4,16,11,58,4,0,1,62,2,0,2,1
158,Carlos Fernández,es  ESP,FW,Sevilla,21,1996,1.5,35,33,2,0,0,11,0,1,0,0,0,0,24,8,3,18,9,6,0,2,26,0,0,1,1
159,Enzo Fernández,es  ESP,MF,Alavés,22,1995,0.8,30,30,0,0,0,5,0,0,0,0,0,0,26,3,1,2,26,2,0,0,17,0,2,1,2
160,Raúl Fernández,es  ESP,GK,Levante,29,1988,11.0,254,136,118,40,0,18,10,0,0,0,0,0,37,6,211,5,200,0,0,22,133,1,18,2,2
161,Junior Firpo,es  ESP,"DF,MF",Betis,20,1996,13.2,616,563,53,2,0,68,1,15,0,0,0,0,445,68,103,448,71,35,51,3,513,1,13,9,15
162,Mathieu Flamini,fr  FRA,MF,Getafe,33,1984,5.3,155,154,1,0,0,30,4,4,0,0,0,0,89,25,41,33,100,12,1,2,102,2,6,2,1
163,Andreu Fontàs,es  ESP,DF,Celta Vigo,27,1989,9.8,701,687,14,11,0,124,12,0,0,0,0,0,571,21,109,606,66,23,2,0,618,2,5,8,2
164,Pablo Fornals,es  ESP,"MF,FW",Villarreal,21,1996,29.1,1346,1331,15,3,2,254,38,34,10,0,0,0,1030,122,194,130,1147,43,1,9,1042,12,25,38,45
165,Gabi,es  ESP,MF,Atlético Madrid,34,1983,26.2,1760,1646,114,83,1,269,59,15,27,0,0,0,1268,137,355,76,1586,77,4,7,1463,8,17,31,30
166,Gabriel,br  BRA,MF,Leganés,23,1993,26.3,1173,1151,22,18,2,263,47,24,0,0,0,0,704,176,293,784,180,128,3,17,795,8,33,37,41
167,Nicolás Gaitán,ar  ARG,"MF,FW",Atlético Madrid,29,1988,2.5,106,98,8,2,0,28,4,5,5,0,0,0,64,15,27,80,14,10,1,0,73,1,4,4,3
168,Bruno Gama,pt  POR,"FW,MF",La Coruña,29,1987,1.3,47,45,2,0,0,5,1,4,2,0,0,0,34,1,12,4,41,2,0,0,34,0,1,3,1
169,Kévin Gameiro,fr  FRA,FW,Atlético Madrid,30,1987,12.6,226,221,5,0,0,43,1,6,0,0,0,0,180,24,22,24,179,17,1,2,177,0,0,6,7
170,Ganso,br  BRA,MF,Sevilla,27,1989,5.7,327,310,17,10,1,54,7,2,4,0,0,0,273,32,22,258,53,12,2,2,267,1,5,9,9
171,Ezequiel Garay,ar  ARG,DF,Valencia,30,1986,22.5,1084,1061,23,22,0,182,28,1,0,0,0,0,790,90,204,72,909,71,1,3,904,1,26,9,12
172,Aleix García,es  ESP,MF,Girona,20,1997,9.6,549,495,54,19,0,114,53,7,32,0,0,0,385,38,126,102,406,30,1,4,434,4,15,8,10
173,Borja García,es  ESP,"MF,FW",Girona,26,1990,30.9,1399,1328,71,28,1,327,70,47,35,0,0,0,996,122,281,138,1176,60,8,10,1143,7,18,35,27
174,Dani García,es  ESP,MF,Eibar,27,1990,30.8,1618,1589,29,24,1,265,71,10,1,0,0,0,1022,199,397,252,1154,176,3,6,1298,2,46,29,21
175,David García,es  ESP,DF,Las Palmas,35,1982,9.6,475,454,21,11,0,58,9,4,0,0,0,0,315,44,116,24,394,42,10,2,369,1,22,8,8
176,Javi García,es  ESP,"MF,DF",Betis,30,1987,26.7,1631,1609,22,21,0,250,30,0,0,0,0,0,1375,83,173,303,1214,84,0,5,1483,0,27,17,10
177,Manu García,es  ESP,MF,Alavés,31,1986,27.1,997,979,18,7,1,233,26,11,0,0,0,0,650,105,242,564,269,118,8,2,724,7,34,19,27
178,Sergio García,es  ESP,"FW,MF",Espanyol,34,1983,18.3,434,418,16,2,1,92,12,21,1,0,0,0,292,76,66,102,290,29,5,3,299,3,7,24,23
179,Mario Gaspar,es  ESP,DF,Villarreal,26,1990,31.2,1775,1514,261,31,0,298,17,55,0,0,0,0,1098,301,376,116,1297,101,230,0,1363,5,44,39,63
180,Johannes Geis,de  GER,"DF,MF",Sevilla,23,1993,7.6,381,364,17,14,0,54,17,6,1,0,0,0,254,26,101,54,296,24,2,3,315,2,1,2,1
181,Carles Gil,es  ESP,"FW,MF",La Coruña,24,1992,5.3,217,206,11,5,2,65,3,4,5,0,0,0,183,17,17,181,30,5,1,0,186,0,3,7,7
182,Dani Giménez,es  ESP,GK,Betis,34,1983,3.4,91,74,17,8,0,15,1,0,0,0,0,0,43,5,43,8,75,0,0,8,60,0,5,1,0
183,Diego Godín,uy  URU,DF,Atlético Madrid,31,1986,28.4,1225,1177,48,46,1,165,22,1,0,0,0,0,838,127,260,217,898,77,2,10,1026,2,30,13,10
184,André Gomes,pt  POR,"MF,FW",Barcelona,24,1993,7.1,356,355,1,1,1,84,5,3,0,0,0,0,311,22,23,105,228,13,0,2,311,3,5,7,7
185,Ibai Gómez,es  ESP,"MF,FW",Alavés,27,1989,25.7,934,767,167,65,6,199,55,62,71,2,1,0,523,100,311,110,765,40,13,3,616,8,25,33,28
186,Maxi Gómez,uy  URU,FW,Celta Vigo,20,1996,34.0,626,574,52,5,1,137,16,16,0,0,0,0,376,118,132,60,436,85,2,14,455,2,17,13,21
187,Sergi Gómez,es  ESP,DF,Celta Vigo,25,1992,29.8,1629,1607,22,19,0,230,45,3,0,0,0,0,1250,119,260,146,1325,116,3,5,1410,4,37,14,13
188,Vicente Gómez,es  ESP,MF,Las Palmas,28,1988,16.9,891,875,16,16,0,125,15,11,0,0,0,0,709,86,96,665,153,54,0,3,765,2,10,11,10
189,Adrián González,es  ESP,MF,Málaga,29,1988,26.0,1096,1070,26,18,0,233,51,9,2,0,0,0,701,156,239,732,192,117,3,11,863,6,13,25,35
190,Álvaro González,es  ESP,DF,Villarreal,27,1990,32.2,1445,1407,38,25,1,199,33,4,0,0,0,0,982,134,329,184,1125,105,11,4,1180,2,44,15,14
191,Bruno González,es  ESP,DF,Getafe,27,1990,17.1,381,357,24,24,0,47,11,2,0,0,0,0,195,43,143,57,235,75,0,0,249,2,24,5,9
192,Diego González,es  ESP,DF,Málaga,22,1995,15.9,573,515,58,5,0,114,8,11,2,0,0,0,308,77,188,202,223,74,51,2,410,4,26,9,8
193,Fabio González,es  ESP,MF,Las Palmas,20,1997,0.7,44,44,0,0,0,7,0,0,0,0,0,0,38,4,2,0,44,0,0,0,37,0,1,5,0
194,Mario González,es  ESP,FW,Villarreal,21,1996,0.2,7,7,0,0,0,2,0,1,0,0,0,0,3,3,1,0,3,3,0,0,4,0,0,0,0
195,Andoni Gorosabel,es  ESP,DF,Real Sociedad,20,1996,0.8,47,42,5,0,0,5,1,2,0,0,0,0,32,8,7,4,35,3,5,0,39,0,1,0,1
196,Julio Gracia,es  ESP,"FW,MF",Betis,19,1998,0.3,21,21,0,0,0,7,0,0,0,0,0,0,18,1,2,2,18,1,0,0,17,0,0,1,2
197,Álex Granell,es  ESP,MF,Girona,28,1988,31.6,1851,1627,224,137,0,371,130,72,82,0,0,0,1108,196,547,1485,221,115,3,9,1379,13,37,36,46
198,Esteban Granero,es  ESP,"MF,FW",Espanyol,30,1987,13.7,760,673,87,46,1,121,27,22,38,0,0,0,541,57,162,64,653,28,3,3,613,3,18,9,7
199,Antoine Griezmann,fr  FRA,FW,Atlético Madrid,26,1991,27.9,1068,1009,59,17,1,215,34,23,20,0,0,0,777,118,173,825,170,53,2,10,815,7,15,29,42
200,Vicente Guaita,es  ESP,GK,Getafe,30,1987,33.0,831,505,326,99,0,76,16,0,0,0,0,0,134,27,670,45,623,0,0,60,347,7,25,5,4
201,Andrés Guardado,mx  MEX,MF,Betis,30,1986,25.2,1533,1440,93,45,4,252,72,40,41,0,0,0,1119,116,298,1309,158,45,5,7,1269,1,33,22,38
202,Gonçalo Guedes,pt  POR,"MF,FW",Valencia,20,1996,27.1,979,956,23,8,3,213,31,60,4,0,0,0,745,84,150,128,819,18,9,0,749,4,22,19,46
203,Ramiro Guerra,uy  URU,MF,Villarreal,20,1997,0.8,31,31,0,0,0,4,0,1,0,0,0,0,24,5,2,4,24,2,0,1,24,1,1,1,0
204,Francis Guerrero,es  ESP,"DF,MF",Betis,21,1996,11.0,597,533,64,6,0,80,7,24,0,0,0,0,406,96,95,101,394,31,58,5,453,1,20,16,27
205,Guilherme,br  BRA,MF,La Coruña,26,1991,29.3,1434,1369,65,47,1,250,55,14,14,0,0,0,1041,159,234,110,1175,115,3,14,1196,3,27,30,24
206,Gerard Gumbau,es  ESP,MF,Leganés,22,1994,16.0,538,530,8,7,0,94,31,0,1,0,0,0,339,63,136,401,84,42,0,3,417,5,16,7,9
207,Jon Guridi,es  ESP,"MF,FW",Real Sociedad,22,1995,0.6,20,19,1,0,0,3,0,0,1,0,0,0,17,0,3,14,5,1,0,0,17,0,0,1,0
208,Alejandro Gutiérrez Mozo,es  ESP,MF,Leganés,22,1995,0.5,16,15,1,1,0,4,0,0,0,0,0,0,14,0,2,1,13,2,0,0,14,0,0,1,0
209,Hacen,mr  MTN,MF,Levante,19,1997,0.9,38,38,0,0,0,7,0,0,0,0,0,0,23,5,10,2,26,8,0,1,25,0,1,2,0
210,Munir El Haddadi,ma  MAR,FW,Alavés,21,1995,27.1,704,604,100,36,3,157,38,45,33,0,1,0,443,84,177,543,75,59,4,8,463,6,20,24,39
211,Achraf Hakimi,ma  MAR,DF,Real Madrid,18,1998,8.4,480,436,44,1,0,70,7,21,0,0,0,0,353,58,69,40,380,10,43,4,394,1,8,2,17
212,Alen Halilović,hr  CRO,"FW,MF",Las Palmas,21,1996,14.5,514,453,61,28,0,74,35,56,20,0,0,0,354,52,108,398,86,16,13,0,373,2,13,12,20
213,Mario Hermoso,es  ESP,DF,Espanyol,22,1995,21.4,982,949,33,28,0,126,51,0,2,0,0,0,553,63,366,689,158,114,2,1,711,3,31,10,11
214,Hernán,es  ESP,MF,Las Palmas,26,1990,3.9,231,227,4,2,1,45,3,0,1,0,0,0,206,7,18,21,200,7,1,0,208,0,0,5,2
215,Héctor Hernández,es  ESP,MF,Alavés,26,1991,0.2,13,13,0,0,0,9,0,0,0,0,0,0,10,0,3,4,8,1,0,0,11,0,0,1,0
216,Lucas Hernández,fr  FRA,DF,Atlético Madrid,21,1996,23.6,1098,978,120,9,0,149,13,15,0,0,0,0,743,125,230,831,74,53,111,10,867,4,28,16,30
217,Luis Hernández,es  ESP,DF,Málaga,28,1989,36.0,1464,1394,70,39,0,237,31,19,0,0,0,0,843,168,453,76,1129,192,30,5,1121,3,36,13,28
218,Pablo Hernández,cl  CHI,MF,Celta Vigo,30,1986,20.3,1233,1210,23,22,0,169,34,8,0,0,0,0,844,116,273,882,180,124,1,8,1027,1,22,10,18
219,Theo Hernández,fr  FRA,DF,Real Madrid,19,1997,10.7,626,579,47,0,1,91,8,24,0,0,0,0,501,54,71,519,35,17,47,2,523,3,5,16,18
220,Borja Herrera,es  ESP,DF,Las Palmas,24,1993,2.7,185,170,15,0,0,21,2,8,0,0,0,0,135,19,31,131,27,9,15,0,157,0,3,3,6
221,Iago Herrerín,es  ESP,GK,Athletic Club,29,1988,8.0,235,183,52,16,0,33,11,0,0,0,0,0,54,10,171,12,194,0,0,21,139,0,14,1,0
222,Andrew Hjulsager,dk  DEN,"DF,MF",Celta Vigo,22,1995,0.2,7,7,0,0,0,1,0,1,0,0,0,0,5,0,2,2,5,0,0,0,4,0,0,1,0
223,Brown Ideye,ng  NGA,FW,Málaga,28,1988,8.2,156,150,6,1,1,43,2,4,0,0,0,0,97,19,40,17,109,20,0,2,109,0,5,6,2
224,Asier Illarramendi,es  ESP,MF,Real Sociedad,27,1990,35.1,2481,2342,139,123,3,425,50,33,6,0,0,0,2016,143,322,303,2088,63,9,4,2157,10,31,32,38
225,Andrés Iniesta,es  ESP,"MF,FW",Barcelona,33,1984,20.7,1534,1514,20,15,3,318,52,27,1,0,0,0,1252,116,166,210,1308,10,4,2,1325,15,19,29,28
226,Takashi Inui,jp  JPN,"MF,FW",Eibar,29,1988,29.1,953,916,37,3,0,206,30,51,12,0,0,0,705,104,144,111,755,51,22,8,726,4,32,19,35
227,Gorka Iraizoz,es  ESP,GK,Girona,36,1981,8.5,189,134,55,22,0,15,3,0,0,0,0,0,45,12,132,12,128,1,0,35,106,1,4,0,2
228,Carlos Isaac,es  ESP,DF,Atlético Madrid,19,1998,0.7,43,36,7,1,0,2,0,1,0,0,0,0,30,6,7,0,34,1,6,0,35,0,1,1,2
229,Isco,es  ESP,"MF,FW",Real Madrid,25,1992,19.6,1595,1515,80,14,8,263,48,68,44,0,0,0,1302,97,196,191,1380,6,12,4,1355,8,26,24,42
230,Manuel Iturra,cl  CHI,MF,Málaga,33,1984,17.6,610,592,18,8,1,119,14,10,3,0,0,0,406,50,154,40,505,39,7,2,476,2,10,20,6
231,Ander Iturraspe,es  ESP,MF,Athletic Club,28,1989,21.2,1220,1113,107,68,0,238,61,27,37,0,0,0,795,121,304,202,872,120,1,4,974,7,32,19,16
232,Ivi,es  ESP,"MF,FW",Levante,23,1994,19.6,676,622,54,17,0,130,39,62,27,0,0,1,382,98,196,104,517,36,9,6,445,1,30,11,33
233,Adnan Januzaj,be  BEL,"FW,MF",Real Sociedad,22,1995,17.4,560,509,51,11,3,98,30,42,32,0,0,0,424,27,109,456,89,3,8,2,419,6,12,7,28
234,Jason,es  ESP,"MF,FW",Levante,23,1994,19.8,564,540,24,6,0,157,19,47,12,0,0,0,391,67,106,64,447,29,6,6,375,6,13,18,33
235,Álvaro Jiménez,es  ESP,"MF,FW",Getafe,22,1995,6.0,152,151,1,0,0,31,5,17,1,0,0,0,103,11,38,11,117,17,0,1,88,0,9,3,13
236,Joaquín,es  ESP,"FW,MF",Betis,36,1981,27.5,1312,1225,87,24,4,182,46,45,49,0,0,0,987,103,222,81,1155,54,10,2,1085,6,21,26,21
237,Jony,es  ESP,"MF,FW",Málaga,26,1991,2.4,109,94,15,4,1,28,5,18,8,0,0,0,55,12,42,85,14,7,3,0,52,0,4,2,12
238,Joan Jordán,es  ESP,MF,Eibar,23,1994,27.1,1269,1156,113,43,1,237,73,40,62,0,0,0,829,137,303,155,1001,94,1,4,997,5,28,19,21
239,Willian José,br  BRA,FW,Real Sociedad,25,1991,30.7,865,816,49,4,2,157,36,18,2,0,0,0,625,94,146,109,663,67,0,12,639,5,17,22,27
240,Jozabed,es  ESP,MF,Celta Vigo,26,1991,16.3,884,876,8,2,0,215,34,11,4,0,0,0,689,98,97,84,758,36,2,4,764,2,8,16,16
241,Juankar,es  ESP,DF,Málaga,27,1990,8.7,405,338,67,6,1,87,8,20,0,0,0,0,223,76,106,269,52,21,61,0,299,1,18,8,15
242,Juanmi,es  ESP,"FW,MF",Real Sociedad,24,1993,16.5,351,345,6,1,0,67,5,8,0,0,0,0,285,27,39,43,285,16,2,2,282,1,6,7,12
243,Juanpe,es  ESP,DF,Girona,26,1991,34.1,1372,1319,53,49,0,265,103,8,0,0,0,0,803,105,464,338,829,167,4,2,1021,5,55,18,20
244,Juanpi,ve  VEN,"MF,FW",Málaga,23,1994,6.8,222,203,19,9,1,49,9,4,5,0,0,0,161,25,36,176,29,11,2,2,174,1,2,10,6
245,David Juncà,es  ESP,DF,Eibar,23,1993,10.0,633,530,103,7,1,78,29,42,8,0,0,0,308,73,252,468,29,42,88,5,441,1,18,11,22
246,Aleksandar Katai,rs  SRB,"FW,MF",Alavés,26,1991,0.6,11,11,0,0,0,3,0,0,0,0,0,0,11,0,0,6,5,0,0,0,9,1,0,0,0
247,Olarenwaju Kayode,ng  NGA,"FW,MF",Girona,24,1993,4.4,55,54,1,0,1,9,2,2,0,0,0,0,34,13,8,3,37,11,0,2,34,0,0,2,6
248,Keko,es  ESP,"MF,FW",Málaga,25,1991,13.4,405,399,6,1,0,83,14,36,0,0,0,0,276,54,75,34,340,17,4,3,286,4,11,6,18
249,Kike,es  ESP,FW,Eibar,27,1989,27.3,700,667,33,0,0,169,4,15,0,0,0,0,441,136,123,159,373,73,3,51,502,2,16,20,34
250,Simon Kjær,dk  DEN,DF,Sevilla,28,1989,17.5,792,782,10,9,0,103,18,0,0,0,0,0,542,57,193,125,548,104,1,0,654,0,30,2,6
251,Koke,es  ESP,"MF,FW",Atlético Madrid,25,1992,30.6,2078,1914,164,68,4,380,80,53,87,0,0,0,1511,160,407,185,1823,51,4,6,1659,19,25,38,47
252,Geoffrey Kondogbia,cf  CTA,MF,Valencia,24,1993,29.0,1549,1532,17,15,3,371,59,4,0,0,0,0,1224,97,228,1229,251,41,1,4,1333,6,31,35,16
253,Mateo Kovačić,hr  CRO,MF,Real Madrid,23,1994,11.0,774,765,9,7,1,97,15,4,0,0,0,0,713,23,38,31,733,5,1,2,715,1,7,11,7
254,Maksym Koval,ua  UKR,"GK,MF",La Coruña,24,1992,1.3,34,25,9,2,0,4,0,0,0,0,0,0,15,0,19,2,23,0,0,9,21,0,1,0,0
255,Bojan Krkić,es  ESP,"FW,MF",Alavés,26,1990,4.9,138,133,5,1,0,30,3,4,0,0,0,0,113,10,15,10,119,6,0,2,109,0,1,4,3
256,Toni Kroos,de  GER,MF,Real Madrid,27,1990,25.1,2160,1963,197,71,2,339,126,49,117,1,4,0,1680,139,341,330,1791,19,9,5,1919,5,13,32,21
257,Zdravko Kuzmanović,rs  SRB,MF,Málaga,29,1987,5.3,340,333,7,5,0,78,8,2,1,0,0,0,268,23,49,16,306,14,1,0,295,3,4,4,2
258,Alberto de la Bella,es  ESP,DF,Real Sociedad,31,1985,17.0,1035,907,128,6,0,199,29,58,0,0,0,0,633,148,254,732,105,60,122,1,812,2,24,12,24
259,Víctor Laguardia,es  ESP,DF,Alavés,27,1989,17.0,578,538,40,40,0,96,24,1,0,0,0,0,270,66,242,36,453,74,0,2,388,0,28,12,5
260,Aymeric Laporte,es  ESP,DF,Athletic Club,23,1994,19.0,991,959,32,28,0,139,44,9,0,0,0,0,662,68,261,701,172,90,4,0,809,3,22,11,10
261,Borja Lasso,es  ESP,MF,Sevilla,23,1994,0.6,35,35,0,0,1,9,0,0,0,0,0,0,31,1,3,14,21,0,0,0,25,0,2,5,1
262,Toni Lato,es  ESP,DF,Valencia,19,1997,8.9,395,336,59,4,0,69,6,11,0,0,0,0,246,62,87,277,42,16,55,2,311,3,5,6,16
263,Miguel Layún,mx  MEX,DF,Sevilla,29,1988,13.2,651,547,104,4,1,92,24,33,10,0,0,0,383,88,180,89,432,35,89,0,483,1,20,14,23
264,Iñigo Lekue,es  ESP,"DF,FW",Athletic Club,24,1993,23.5,1157,1006,151,6,1,202,24,56,0,0,0,0,705,158,294,147,786,63,144,2,862,8,27,21,45
265,Mauricio Lemos,uy  URU,"DF,MF",Las Palmas,21,1995,14.0,813,797,16,16,0,134,47,0,0,0,0,0,603,69,141,99,665,37,0,5,717,0,10,9,9
266,Clément Lenglet,fr  FRA,DF,Sevilla,22,1995,33.3,1679,1660,19,16,0,231,20,0,1,0,0,0,1231,127,321,1346,180,120,2,1,1385,4,29,27,22
267,Pedro León,es  ESP,"FW,MF",Eibar,30,1986,10.3,439,340,99,28,0,55,43,49,65,0,0,0,192,52,195,55,333,35,6,3,244,3,15,8,19
268,Sergio León,es  ESP,FW,Betis,28,1989,21.9,380,340,40,0,0,82,14,9,3,0,0,0,251,44,85,47,285,29,1,8,256,2,7,4,20
269,Jefferson Lerma,co  COL,MF,Levante,22,1994,23.7,1098,1086,12,10,1,266,26,3,0,0,0,0,762,113,223,98,825,118,2,1,891,6,27,11,11
270,Maxime Lestienne,be  BEL,"MF,FW",Málaga,25,1992,7.4,232,215,17,6,0,50,12,23,9,0,0,0,163,20,49,192,33,5,2,0,159,2,9,6,11
271,Raúl Lizoain,es  ESP,GK,Las Palmas,26,1991,11.0,267,221,46,15,0,34,4,0,0,0,0,0,161,9,97,166,58,0,0,42,207,0,7,4,0
272,Diego Llorente,es  ESP,DF,Real Sociedad,23,1993,25.8,1524,1504,20,18,0,223,54,4,0,0,0,0,1194,76,254,248,1150,92,2,1,1329,5,25,13,19
273,Marcos Llorente,es  ESP,MF,Real Madrid,22,1995,6.2,428,425,3,3,0,48,11,2,0,0,0,0,373,16,39,24,386,13,0,2,392,0,5,5,3
274,Stanislav Lobotka,sk  SVK,MF,Celta Vigo,22,1994,34.0,2065,2031,34,31,0,363,52,6,1,0,0,0,1654,170,241,231,1718,101,1,4,1858,4,13,33,20
275,David Lombán,es  ESP,DF,Eibar,30,1987,11.1,471,462,9,9,0,62,27,0,0,0,0,0,249,65,157,37,339,71,0,2,370,2,28,3,4
276,Pedro López Muñoz,es  ESP,DF,Levante,33,1983,17.7,799,628,171,9,0,139,10,38,1,0,0,0,414,150,235,40,544,46,161,3,588,1,30,18,26
277,Adrián López,es  ESP,"FW,MF",La Coruña,29,1988,26.0,921,914,7,1,3,235,9,46,4,0,0,0,615,129,177,102,669,113,2,4,620,14,18,21,32
278,Alberto López,es  ESP,DF,Málaga,22,1995,0.5,22,16,6,0,0,4,0,1,0,0,0,0,8,8,6,9,4,3,6,0,15,0,2,1,0
279,Andoni López,es  ESP,DF,Athletic Club,21,1996,1.0,43,35,8,0,0,11,1,0,0,0,0,0,23,15,5,26,3,4,8,0,33,0,0,0,2
280,David López,es  ESP,"DF,MF",Espanyol,27,1989,37.0,1917,1852,65,55,2,296,51,4,0,0,0,0,1285,147,485,175,1527,178,8,7,1539,4,41,22,31
281,Diego López,es  ESP,GK,Espanyol,35,1981,10.5,204,124,80,15,0,18,4,0,0,0,0,0,48,20,136,21,138,1,0,29,113,0,7,2,1
282,Iván López,es  ESP,DF,Levante,23,1993,1.9,98,79,19,0,0,29,10,6,0,0,0,0,45,13,40,3,68,6,19,1,75,1,6,1,3
283,Javi López,es  ESP,DF,Espanyol,31,1986,10.7,601,489,112,4,0,100,6,19,0,0,0,0,323,116,162,71,377,35,108,2,435,3,15,16,20
284,Pau López,es  ESP,GK,Espanyol,22,1994,27.5,628,415,213,65,0,58,15,0,0,0,0,0,177,28,423,450,37,0,0,105,342,1,29,3,3
285,Pedro López,es  ESP,GK,Betis,22,1995,4.6,143,119,24,3,0,26,3,0,0,0,0,0,88,2,53,11,114,0,0,16,113,0,4,0,0
286,Víctor López,es  ESP,"MF,FW",Alavés,20,1997,0.7,18,16,2,0,0,4,1,1,1,0,0,0,8,4,6,1,13,4,0,0,10,0,0,0,2
287,Anthony Lozano,hn  HON,"FW,MF",Girona,24,1993,5.3,114,113,1,0,0,30,1,8,0,0,0,0,77,14,23,11,80,19,0,2,75,1,7,2,5
288,José Luis Gayà,es  ESP,DF,Valencia,22,1995,32.4,1614,1449,165,12,1,293,20,79,0,0,0,0,1084,159,371,1236,144,64,153,3,1259,7,47,30,44
289,José Luis Morales,es  ESP,"MF,FW",Levante,30,1987,33.9,1011,955,56,12,4,243,42,97,19,0,2,0,692,103,216,177,775,31,19,4,640,5,34,25,98
290,Filipe Luís,br  BRA,DF,Atlético Madrid,31,1985,18.4,1132,988,144,11,1,223,14,32,1,0,0,0,739,175,218,893,52,47,132,1,904,6,16,26,38
291,Luisinho,pt  POR,DF,La Coruña,32,1985,29.1,1517,1294,223,4,0,213,19,70,6,0,0,0,888,238,391,1130,82,82,213,1,1141,8,50,21,45
292,Douglas Luiz,br  BRA,"MF,FW",Girona,19,1998,3.6,143,136,7,3,0,27,4,2,3,0,0,0,102,19,22,16,109,14,1,3,110,1,3,2,4
293,Saša Lukić,rs  SRB,MF,Levante,20,1996,11.0,367,362,5,5,0,88,1,3,0,0,0,0,295,35,37,54,285,20,0,4,301,2,4,7,8
294,Antonio Luna,es  ESP,DF,Levante,26,1991,22.5,963,782,181,12,0,173,28,47,0,0,0,0,506,137,320,601,141,47,169,3,656,2,26,28,30
295,Pablo Maffeo,es  ESP,"MF,DF",Girona,20,1997,29.4,1216,1008,208,3,0,223,40,89,3,0,0,0,588,209,419,129,749,97,200,7,838,4,40,22,38
296,Nemanja Maksimović,rs  SRB,"MF,FW",Valencia,22,1995,6.2,262,261,1,1,0,40,6,5,0,0,0,0,194,17,51,16,212,24,0,3,217,1,12,3,2
297,Hugo Mallo,es  ESP,DF,Celta Vigo,26,1991,33.3,2152,1870,282,30,0,422,43,94,0,0,0,0,1203,314,635,235,1454,170,252,3,1575,10,76,29,81
298,Aïssa Mandi,dz  ALG,DF,Betis,25,1991,33.6,2128,2064,64,54,0,276,49,3,0,0,0,0,1775,97,256,214,1775,94,10,8,1931,4,29,19,10
299,Martín Mantovani,ar  ARG,DF,Leganés,33,1984,11.3,401,386,15,8,0,66,10,0,0,0,0,0,216,32,153,42,253,81,7,1,300,0,18,3,4
300,José Manuel Jurado,es  ESP,"MF,FW",Espanyol,31,1986,16.7,631,614,17,6,1,128,19,18,1,0,0,0,513,45,73,84,526,11,7,0,498,3,13,22,20
301,Marcelo,br  BRA,DF,Real Madrid,29,1988,25.1,1882,1724,158,12,0,300,77,142,10,0,0,0,1226,211,445,1463,240,34,136,5,1496,8,27,37,66
302,Óscar de Marcos,es  ESP,"DF,MF",Athletic Club,28,1989,18.4,866,766,100,1,0,157,13,54,2,0,0,0,527,160,179,57,654,49,97,2,643,4,24,18,42
303,José María Giménez,uy  URU,DF,Atlético Madrid,22,1995,18.8,763,713,50,26,0,118,19,1,0,0,0,0,462,64,237,111,541,62,18,4,579,1,21,14,9
304,Adrián Marín,es  ESP,DF,Villarreal,20,1997,2.6,103,96,7,0,0,14,1,1,0,0,0,0,79,17,7,83,5,6,7,0,83,1,5,2,0
305,Guillermo Maripán,cl  CHI,DF,Alavés,23,1994,17.0,470,457,13,13,0,81,11,0,0,0,0,0,307,37,126,49,360,47,0,2,344,2,18,6,6
306,Roger Martí,es  ESP,FW,Levante,26,1991,10.7,203,194,9,0,1,36,4,13,0,0,0,0,147,26,30,25,159,14,0,1,133,1,9,4,12
307,Aarón Martín,es  ESP,DF,Espanyol,20,1997,31.3,1369,1118,251,24,0,227,29,91,17,1,3,0,764,240,365,948,113,89,209,1,1010,7,39,21,65
308,Carlos Martínez,es  ESP,DF,Real Sociedad,31,1986,0.0,6,5,1,0,0,1,0,0,0,0,0,0,3,0,3,1,3,1,1,0,3,0,0,1,0
309,Emiliano Martínez,ar  ARG,GK,Getafe,24,1992,5.0,131,70,61,20,0,7,1,0,0,0,0,0,13,5,113,8,90,0,0,8,61,2,4,0,0
310,Roger Martínez,co  COL,FW,Villarreal,23,1994,2.6,61,60,1,0,0,13,1,4,0,0,0,0,42,12,7,15,39,5,0,0,44,0,2,1,1
311,Javier Mascherano,ar  ARG,DF,Barcelona,33,1984,6.0,430,424,6,5,4,44,22,1,0,0,0,0,329,22,79,37,374,16,1,1,386,5,6,2,5
312,Borja Mayoral,es  ESP,FW,Real Madrid,20,1997,3.9,113,108,5,0,0,16,1,1,0,0,0,0,99,8,6,14,91,6,0,1,94,1,2,4,2
313,Róbert Mazáň,sk  SVK,DF,Celta Vigo,23,1994,0.9,80,75,5,0,0,13,1,3,0,0,0,0,54,15,11,56,17,1,5,0,70,0,2,2,0
314,Óscar Melendo,es  ESP,"MF,FW",Espanyol,19,1997,7.7,261,255,6,1,0,38,5,5,2,0,0,0,207,16,38,215,29,10,3,2,217,1,3,3,9
315,Brais Méndez,es  ESP,"MF,FW",Celta Vigo,20,1997,10.6,467,452,15,6,0,85,10,25,6,0,0,0,374,25,68,374,70,16,2,2,349,3,13,11,14
316,Gabriel Mercado,ar  ARG,DF,Sevilla,30,1987,23.5,1073,992,81,17,0,199,9,18,0,0,0,0,738,124,211,132,788,72,64,1,852,5,32,13,34
317,Sabin Merino,es  ESP,"FW,MF",Athletic Club,25,1992,4.2,94,94,0,0,0,27,0,5,0,0,0,0,57,21,16,6,69,15,0,1,64,0,0,2,5
318,Roque Mesa,es  ESP,MF,Sevilla,28,1989,3.8,217,212,5,4,0,31,5,0,1,0,0,0,190,8,19,53,156,7,0,0,202,0,1,3,1
319,Lionel Messi,ar  ARG,"FW,MF",Barcelona,30,1987,33.4,1947,1818,129,75,9,381,45,36,42,3,2,2,1579,151,217,1731,182,26,4,1,1532,34,22,62,80
320,Michel,br  BRA,DF,Las Palmas,27,1990,23.9,1194,1010,184,7,0,210,9,59,1,0,0,0,719,225,250,80,874,44,176,5,940,3,24,22,39
321,Santi Mina,es  ESP,FW,Valencia,21,1995,17.3,470,453,17,1,0,126,9,12,0,0,0,0,349,59,62,57,350,36,2,5,361,0,8,14,10
322,Yerry Mina,co  COL,DF,Barcelona,22,1994,4.1,241,235,6,5,0,38,3,0,0,0,0,0,214,15,12,23,205,6,1,1,219,0,3,1,2
323,Ignasi Miquel,es  ESP,DF,Málaga,24,1992,19.7,735,699,36,16,0,118,25,1,0,0,0,0,389,74,272,503,93,102,20,3,505,4,36,5,9
324,Luka Modrić,hr  CRO,MF,Real Madrid,31,1985,21.8,1548,1521,27,15,8,253,52,12,8,0,0,0,1248,106,194,194,1320,23,2,3,1370,6,17,38,24
325,Johan Mojica,co  COL,"MF,DF",Girona,24,1992,23.7,1111,933,178,1,0,235,37,111,2,0,0,0,604,225,282,774,74,70,175,1,798,3,21,22,66
326,Jorge Molina,es  ESP,FW,Getafe,35,1982,30.9,862,838,24,0,2,232,11,25,0,0,0,0,511,149,202,195,443,145,2,30,516,3,18,33,46
327,Francisco Molinero,es  ESP,DF,Getafe,32,1985,6.5,276,218,58,6,0,36,11,5,1,0,0,0,142,33,101,21,179,18,50,3,191,1,10,3,14
328,Momo,es  ESP,"FW,MF",Las Palmas,35,1982,7.5,391,363,28,11,0,57,14,19,12,0,0,0,277,39,75,355,14,14,5,0,304,4,3,6,14
329,Jefferson Montero,ec  ECU,"FW,MF",Getafe,27,1989,0.7,22,21,1,0,0,8,0,4,1,0,0,0,6,6,10,11,6,4,0,0,10,0,1,0,4
330,Martín Montoya,es  ESP,DF,Valencia,26,1991,23.9,1209,1055,154,8,2,242,12,41,0,0,0,0,755,156,298,125,840,73,146,3,926,5,28,27,27
331,Walter Montoya,ar  ARG,FW,Sevilla,24,1993,0.8,26,25,1,0,0,0,0,1,0,0,0,0,15,4,7,5,17,3,1,0,17,0,0,1,1
332,Shaquell Moore,us  USA,DF,Levante,20,1996,4.7,222,181,41,0,0,57,2,8,0,0,0,0,128,39,55,9,159,11,41,0,163,0,7,5,8
333,Emre Mor,tr  TUR,"FW,MF",Celta Vigo,20,1997,7.5,292,273,19,3,1,43,11,31,14,0,0,0,210,25,57,259,23,8,2,0,195,3,6,11,19
334,Sergio Mora,es  ESP,MF,Getafe,37,1979,9.2,391,388,3,3,0,85,5,6,0,0,0,0,253,60,78,95,236,49,0,1,289,1,2,7,13
335,Erik Morán,es  ESP,MF,Leganés,26,1991,2.6,112,112,0,0,0,14,1,1,0,0,0,0,80,10,22,15,88,8,0,0,82,1,4,1,1
336,Gerard Moreno,es  ESP,FW,Espanyol,25,1992,37.9,1220,1203,17,2,2,256,47,44,0,0,0,0,786,186,248,788,230,144,3,7,825,5,38,45,70
337,Héctor Moreno,mx  MEX,DF,Real Sociedad,29,1988,8.0,501,484,17,16,0,63,11,1,0,0,0,0,360,27,114,395,71,28,1,0,430,1,5,1,7
338,Marlos Moreno,co  COL,MF,Girona,20,1996,0.4,7,7,0,0,0,2,0,0,0,0,0,0,4,1,2,2,4,1,0,0,3,0,2,0,0
339,Loren Morón,es  ESP,FW,Betis,23,1993,11.8,198,185,13,2,1,35,3,4,0,0,0,0,150,24,24,20,150,15,2,3,138,2,4,7,11
340,Pedro Mosquera,es  ESP,MF,La Coruña,29,1988,15.5,708,692,16,9,0,121,28,12,0,0,0,0,475,69,164,547,96,48,3,1,556,2,23,5,16
341,Toni Moya,es  ESP,DF,Atlético Madrid,19,1998,0.0,1,1,0,0,0,0,0,0,0,0,0,0,0,1,0,0,0,1,0,0,1,0,0,0,0
342,Álex Mula,es  ESP,"MF,FW",Málaga,21,1996,6.2,,,,,,,,,,,,,,,,,,,,,,,,,
343,Iker Muniain,es  ESP,"MF,FW",Athletic Club,24,1992,8.7,435,416,19,7,2,51,18,9,5,0,0,0,374,24,37,18,400,12,1,3,362,4,5,15,11
344,Marc Muniesa,es  ESP,DF,Girona,25,1992,12.5,631,620,11,6,0,122,19,0,0,0,0,0,421,66,144,505,52,52,4,2,494,2,19,12,15
345,Ezequiel Muñoz,ar  ARG,DF,Leganés,26,1990,15.6,519,508,11,11,0,95,8,1,0,0,0,0,332,58,129,68,357,71,0,2,385,0,22,3,8
346,Sulley Muntari,gh  GHA,MF,La Coruña,32,1984,4.5,161,157,4,3,0,33,7,4,0,0,0,0,78,34,49,103,28,23,1,2,107,2,6,6,3
347,Luis Muriel,co  COL,FW,Sevilla,26,1991,17.9,439,407,32,0,2,85,5,24,2,0,0,0,314,64,61,67,320,32,3,3,317,2,6,14,22
348,Jeison Murillo,co  COL,DF,Valencia,25,1992,15.3,760,746,14,14,0,115,30,1,0,0,0,0,568,64,128,176,503,44,0,5,667,1,9,10,3
349,Fahad Al-Muwallad,sa  KSA,"FW,MF",Levante,20,1996,0.3,,,,,,,,,,,,,,,,,,,,,,,,,
350,Alfred N'Diaye,sn  SEN,"DF,MF",Villarreal,27,1990,1.1,33,33,0,0,0,6,1,0,0,0,0,0,27,2,4,6,26,0,0,0,29,0,0,0,0
351,Nacho,es  ESP,DF,Real Madrid,27,1990,23.1,1172,1112,60,17,0,146,19,23,1,0,0,0,923,95,154,219,831,62,42,1,1037,6,20,9,14
352,Matías Nahuel,es  ESP,"FW,MF",Betis,20,1996,2.8,123,121,2,2,0,20,7,6,0,0,0,0,98,10,15,21,97,4,0,1,98,0,2,2,6
353,Naldo,br  BRA,DF,Espanyol,28,1988,10.2,436,428,8,8,0,54,6,0,0,0,0,0,309,33,94,75,301,43,0,3,353,1,12,4,3
354,Nano,es  ESP,FW,Levante,22,1995,3.1,56,51,5,0,0,13,0,2,0,0,0,0,45,6,5,7,43,3,1,1,34,1,3,2,6
355,Naranjo,es  ESP,"FW,MF",Leganés,23,1994,6.3,153,134,19,10,0,17,11,4,9,0,0,0,106,8,39,11,129,9,0,0,109,3,5,3,4
356,Juanjo Narváez,co  COL,MF,Betis,22,1995,3.4,170,169,1,1,1,27,9,2,0,0,0,0,140,14,16,10,154,6,0,0,148,0,2,3,6
357,Fernando Navarro,es  ESP,DF,La Coruña,35,1982,11.7,515,452,63,5,0,97,10,14,0,0,0,0,315,72,128,323,80,40,58,5,398,2,15,5,8
358,Marc Navarro,es  ESP,DF,Espanyol,22,1995,12.3,573,462,111,2,0,102,12,46,2,0,0,0,269,125,179,40,370,49,107,2,401,4,15,11,24
359,Rafa Navarro,es  ESP,DF,Betis,23,1994,1.5,79,73,6,0,0,9,1,1,0,0,0,0,60,5,14,9,60,4,6,0,68,0,1,3,2
360,Ximo Navarro,es  ESP,DF,Las Palmas,27,1990,29.0,1342,1290,52,40,0,209,26,4,0,0,0,0,994,98,250,223,999,91,12,5,1099,3,40,31,25
361,Jesús Navas,es  ESP,"FW,DF",Sevilla,31,1985,19.6,954,891,63,8,1,178,25,76,3,0,0,0,621,121,212,92,757,40,52,3,673,11,25,14,68
362,Keylor Navas,cr  CRC,GK,Real Madrid,30,1986,27.0,497,421,76,13,0,83,20,0,0,0,0,0,311,34,152,42,357,1,0,90,392,1,19,2,1
363,Raúl Navas,es  ESP,DF,Real Sociedad,29,1988,19.9,1197,1171,26,23,0,161,57,3,0,0,0,0,880,72,245,315,779,82,3,4,1029,6,20,8,5
364,Merveille Ndockyt,cg  CGO,MF,Getafe,19,1998,0.8,23,23,0,0,0,7,0,0,0,0,0,0,17,1,5,1,20,0,0,0,16,0,0,2,1
365,Neto,br  BRA,GK,Valencia,28,1989,33.0,591,338,253,82,0,50,17,0,0,0,0,0,188,21,382,6,461,0,0,92,334,2,18,2,2
366,Saúl Ñíguez,es  ESP,MF,Atlético Madrid,22,1994,35.1,1747,1724,23,3,0,328,24,21,0,0,0,0,1232,225,290,1226,290,157,17,8,1413,10,26,28,38
367,Nolito,es  ESP,"FW,MF",Sevilla,30,1986,17.8,654,627,27,5,2,110,15,27,15,0,0,0,454,79,121,69,536,33,6,4,462,9,11,19,44
368,Unai Núñez,es  ESP,DF,Athletic Club,20,1997,31.7,1501,1468,33,24,0,241,74,2,0,0,0,0,1017,138,346,155,1147,147,9,5,1208,1,45,16,19
369,Steven Nzonzi,fr  FRA,MF,Sevilla,28,1988,24.6,1839,1823,16,15,1,337,21,11,0,0,0,0,1480,137,222,137,1507,125,1,2,1601,3,21,37,17
370,Jan Oblak,si  SVN,GK,Atlético Madrid,24,1993,37.0,678,445,233,52,0,60,8,0,0,0,0,0,205,20,453,39,514,1,0,70,368,4,20,5,1
371,Álvaro Odriozola,es  ESP,DF,Real Sociedad,21,1995,32.4,1743,1496,247,13,1,295,31,126,5,0,0,0,1200,201,342,93,1355,61,229,2,1412,4,28,28,80
372,Oier Olazábal,es  ESP,GK,Levante,27,1989,26.0,540,327,213,69,0,51,4,0,0,0,0,0,103,18,419,391,29,2,0,49,272,1,32,0,0
373,Paulo Oliveira,pt  POR,DF,Eibar,25,1992,24.6,960,937,23,17,0,157,32,1,0,0,0,0,531,106,323,57,709,145,6,3,681,3,38,9,11
374,Mathías Olivera,uy  URU,"FW,MF",Getafe,19,1997,1.2,33,33,0,0,0,7,0,2,0,0,0,0,10,5,18,17,1,10,0,0,11,1,1,0,4
375,Michael Olunga,ke  KEN,FW,Girona,23,1994,4.9,110,104,6,0,0,26,1,5,0,0,0,0,62,10,38,55,19,20,0,5,75,0,0,2,5
376,Javier Ontiveros,es  ESP,"MF,FW",Málaga,19,1997,4.4,183,176,7,1,2,42,5,14,5,0,0,0,105,24,54,14,142,21,1,1,122,1,5,2,9
377,Fabián Orellana,cl  CHI,"MF,FW",Eibar,31,1986,13.1,524,479,45,10,0,96,27,41,22,0,0,0,340,62,122,70,412,24,13,1,367,1,20,18,29
378,Mikel Oyarzabal,es  ESP,"FW,MF",Real Sociedad,20,1997,30.7,979,905,74,6,0,206,46,49,50,0,0,0,746,60,173,747,149,45,13,9,735,2,37,20,48
379,Daniel Pacheco,es  ESP,"MF,FW",Getafe,26,1991,2.1,101,92,9,1,0,15,6,6,6,0,0,0,57,11,33,21,76,1,2,0,62,0,4,2,8
380,Fernando Pacheco,es  ESP,GK,Alavés,25,1992,37.3,760,452,308,80,0,84,12,0,0,0,0,0,163,14,583,594,49,0,0,69,414,2,20,4,0
381,Costel Pantilimon,ro  ROU,GK,La Coruña,30,1987,6.0,127,79,48,17,0,13,4,0,0,0,0,0,43,1,83,3,104,0,0,15,75,3,3,0,0
382,Rubén Pardo,es  ESP,MF,Real Sociedad,24,1992,2.5,139,129,10,5,0,16,8,3,4,0,0,0,101,4,34,20,112,5,0,0,109,0,2,2,4
383,Nicolás Pareja,ar  ARG,DF,Sevilla,33,1984,4.5,229,217,12,12,0,43,5,0,0,0,0,0,162,7,60,28,181,15,0,0,192,0,5,3,0
384,Daniel Parejo,es  ESP,MF,Valencia,28,1989,33.3,2450,2150,300,132,5,487,142,38,156,0,0,0,1848,150,452,125,2246,51,9,5,2003,14,37,57,48
385,Thomas Partey,gh  GHA,"MF,DF",Atlético Madrid,24,1993,26.4,1448,1406,42,8,0,291,44,12,5,0,0,0,1076,169,203,83,1234,69,26,9,1190,7,25,26,30
386,Paulinho,br  BRA,MF,Barcelona,29,1988,21.6,1214,1202,12,9,3,230,10,4,0,0,0,0,1057,77,80,90,1055,55,3,1,1059,2,14,20,25
387,Gabriel Paulista,br  BRA,DF,Valencia,26,1990,28.7,1364,1334,30,21,0,207,28,0,0,0,0,0,1046,99,219,116,1116,83,9,10,1160,1,31,12,11
388,Giampaolo Pazzini,it  ITA,FW,Levante,32,1984,5.0,67,56,11,0,0,13,1,0,0,0,0,0,45,10,12,11,48,7,0,0,43,0,3,2,3
389,Alfonso Pedraza,es  ESP,"MF,DF",Alavés,21,1996,27.1,734,693,41,2,0,193,19,60,1,0,0,0,469,88,177,548,77,47,38,6,460,4,24,17,72
390,Rubén Peña,es  ESP,"DF,FW",Eibar,26,1991,19.3,922,794,128,5,0,124,29,40,1,0,0,0,509,169,244,117,631,45,119,6,634,5,23,29,40
391,Gabriel Peñalba,ar  ARG,MF,Las Palmas,32,1984,6.3,361,352,9,9,0,65,6,0,0,0,0,0,273,23,65,19,303,29,0,1,310,0,5,7,4
392,Adalberto Peñaranda,ve  VEN,"FW,MF",Málaga,20,1997,8.9,243,237,6,0,0,65,1,4,0,0,0,0,199,20,24,11,211,9,0,3,187,2,2,7,6
393,Andreas Pereira,br  BRA,"MF,FW",Valencia,21,1996,12.0,420,404,16,4,1,90,22,48,9,0,0,0,282,35,103,61,328,21,3,1,272,3,9,6,24
394,Lucas Pérez,es  ESP,FW,La Coruña,28,1988,31.1,976,778,198,38,1,165,60,79,102,0,0,0,660,92,224,810,121,27,12,5,659,7,29,27,29
395,Rubén Pérez,es  ESP,MF,Leganés,28,1989,27.9,1460,1425,35,33,2,270,69,6,1,0,0,0,943,130,387,105,1194,131,1,4,1097,6,28,33,28
396,Pablo Piatti,ar  ARG,"MF,FW",Espanyol,28,1989,19.3,676,588,88,28,0,128,36,64,55,2,1,0,399,62,215,524,88,45,5,6,430,4,18,16,42
397,Tomás Pina Isla,es  ESP,MF,Alavés,29,1987,26.5,989,973,16,10,0,240,25,5,1,0,0,0,697,98,194,398,467,92,2,4,789,4,26,19,15
398,Gerard Piqué,es  ESP,DF,Barcelona,30,1987,29.2,1810,1764,46,36,0,263,70,2,0,0,0,0,1436,120,254,95,1552,106,10,8,1606,1,28,19,11
399,Guido Pizarro,ar  ARG,MF,Sevilla,27,1990,19.5,1227,1200,27,24,1,222,15,3,0,0,0,0,989,86,152,137,982,81,1,0,1043,3,8,15,28
400,Carles Planas,es  ESP,"DF,MF",Girona,26,1991,2.1,110,99,11,0,0,15,3,6,0,0,0,0,63,12,35,64,24,9,11,0,81,2,2,3,4
401,Pere Pons,es  ESP,MF,Girona,24,1993,28.4,988,977,11,7,2,195,18,7,0,0,0,0,741,96,151,167,714,84,2,5,785,1,17,27,21
402,Francisco Portillo,es  ESP,"MF,FW",Getafe,27,1990,27.2,998,979,19,4,8,239,12,14,9,0,0,0,694,130,174,60,872,50,5,4,731,10,19,34,44
403,Portu,es  ESP,"FW,MF",Girona,25,1992,33.1,679,653,26,3,0,164,15,62,3,0,0,0,462,91,126,26,589,38,11,4,483,3,6,18,42
404,Sergio Postigo,es  ESP,DF,Levante,28,1988,26.9,942,892,50,47,0,166,30,0,0,0,0,0,610,65,267,94,781,61,2,1,741,3,34,15,9
405,Darío Poveda,es  ESP,FW,Villarreal,20,1997,0.0,3,3,0,0,0,2,0,0,0,0,0,0,2,1,0,1,1,1,0,0,2,0,0,0,0
406,Andrés Prieto,es  ESP,GK,Málaga,23,1993,4.0,79,48,31,9,0,15,0,0,0,0,0,0,12,2,65,7,69,0,0,1,34,1,4,0,0
407,Xabi Prieto,es  ESP,MF,Real Sociedad,33,1983,21.3,1026,1006,20,4,1,179,13,56,8,0,0,0,756,82,188,114,807,77,7,5,824,3,15,20,29
408,Dani Raba,es  ESP,"MF,FW",Villarreal,21,1995,12.3,513,468,45,11,1,98,25,22,25,0,0,0,358,53,102,423,58,19,8,2,376,6,7,20,17
409,Nemanja Radoja,rs  SRB,MF,Celta Vigo,24,1993,12.3,612,608,4,4,0,135,9,3,0,0,0,0,455,60,97,146,401,46,0,3,522,2,5,7,13
410,Ivan Rakitić,hr  CRO,MF,Barcelona,29,1988,31.5,2533,2452,81,24,6,393,75,25,46,3,4,1,2092,191,250,295,2129,75,10,11,2249,9,18,39,41
411,Jonás Ramalho,es  ESP,DF,Girona,24,1993,25.5,915,890,25,11,0,168,33,7,0,0,0,0,583,71,261,47,728,102,14,2,671,3,49,13,18
412,Benito Ramírez,es  ESP,"FW,MF",Las Palmas,22,1995,1.9,76,71,5,0,0,7,4,13,3,0,0,0,50,7,19,59,11,3,2,1,44,0,3,2,7
413,Sandro Ramírez,es  ESP,"FW,MF",Sevilla,22,1995,8.0,262,248,14,0,1,44,12,12,10,0,0,0,202,24,36,35,209,11,3,3,204,0,11,4,7
414,Toño Ramírez,es  ESP,GK,Real Sociedad,30,1986,3.5,118,98,20,5,0,11,2,0,0,0,0,0,65,0,53,10,96,0,0,10,81,0,5,0,1
415,Iván Ramis,es  ESP,DF,Eibar,32,1984,14.5,705,689,16,16,0,114,62,3,0,0,0,0,433,70,202,106,486,88,0,4,567,3,23,8,10
416,Omar Ramos,es  ESP,"FW,MF",Leganés,29,1988,15.8,506,464,42,20,2,96,29,41,20,0,0,0,334,50,122,384,88,23,2,2,356,2,25,7,19
417,Sergio Ramos,es  ESP,DF,Real Madrid,31,1986,25.4,1875,1833,42,32,1,248,88,11,0,0,0,0,1405,170,300,262,1471,89,10,11,1669,10,24,25,15
418,Recio,es  ESP,MF,Málaga,26,1991,20.4,1003,900,103,61,2,203,35,20,40,0,0,0,679,88,236,61,867,62,0,2,780,9,23,13,21
419,Alberto Redondo,es  ESP,DF,Getafe,20,1997,1.0,29,22,7,0,0,7,1,2,0,0,0,0,11,12,6,2,18,1,7,0,13,0,1,2,1
420,Federico Ricca,uy  URU,DF,Málaga,22,1994,12.3,616,490,126,6,0,92,8,23,0,0,0,0,246,103,267,385,32,65,120,1,398,4,26,15,32
421,Diego Rico,es  ESP,DF,Leganés,24,1993,24.8,1295,1019,276,48,2,232,47,83,22,0,0,0,635,212,448,927,56,80,206,11,867,9,43,34,73
422,Mikel Rico,es  ESP,MF,Athletic Club,32,1984,13.0,561,544,17,4,0,130,14,7,1,0,0,0,413,55,93,56,463,31,0,9,453,6,11,12,16
423,Sergio Rico,es  ESP,GK,Sevilla,23,1993,24.0,512,378,134,33,0,61,9,0,0,0,0,0,242,12,258,67,346,0,0,93,338,2,17,1,0
424,Asier Riesgo,es  ESP,GK,Eibar,33,1983,1.0,28,12,16,7,0,1,1,0,0,0,0,0,0,0,28,1,19,0,0,1,10,0,2,0,0
425,Cristian Rivera,es  ESP,MF,Eibar,20,1997,2.7,132,130,2,2,0,10,2,0,0,0,0,0,106,8,18,8,111,12,0,0,110,1,3,3,3
426,Rober,es  ESP,"DF,MF",Levante,22,1995,21.2,684,666,18,14,0,109,17,2,1,0,0,0,445,91,148,94,505,71,3,6,555,2,20,9,12
427,Roberto,es  ESP,GK,Málaga,31,1986,34.0,797,471,326,105,0,88,22,0,0,0,0,0,158,30,609,21,658,0,0,62,419,2,30,5,1
428,Sergi Roberto,es  ESP,DF,Barcelona,25,1992,24.7,1749,1626,123,8,5,319,20,44,1,0,0,0,1395,199,155,237,1320,65,114,3,1564,4,14,31,34
429,Álex Robles,es  ESP,DF,Málaga,18,1999,1.0,30,24,6,1,0,7,0,1,0,0,0,0,11,4,15,3,17,5,5,0,20,0,1,2,1
430,Marc Roca,es  ESP,MF,Espanyol,20,1996,3.0,169,163,6,4,0,28,9,1,2,0,0,0,133,11,25,123,37,8,0,1,146,1,5,3,0
431,Rubén Rochina,es  ESP,MF,Levante,26,1991,1.7,85,80,5,2,0,14,4,3,2,0,0,0,62,2,21,68,14,2,1,0,65,4,2,3,3
432,Rodri,es  ESP,MF,Villarreal,21,1996,35.9,2462,2419,43,39,1,444,64,6,3,0,0,0,2005,173,284,324,1945,141,0,8,2196,4,23,33,16
433,Rodrigo,es  ESP,FW,Valencia,26,1991,29.7,922,907,15,2,1,244,29,34,2,0,0,0,713,85,124,713,135,43,2,12,673,6,25,31,29
434,Kévin Rodrigues,pt  POR,DF,Real Sociedad,23,1994,18.2,909,787,122,8,0,115,27,64,4,0,1,0,611,112,186,659,96,31,110,2,695,3,22,25,33
435,Ángel Rodríguez,es  ESP,FW,Getafe,30,1987,25.4,401,383,18,1,2,85,10,18,1,0,0,0,270,51,80,43,302,35,1,3,262,4,13,14,25
436,Iván Rodríguez,es  ESP,DF,Málaga,21,1996,0.2,10,10,0,0,0,1,0,0,0,0,0,0,10,0,0,1,9,0,0,0,10,0,0,0,0
437,Diego Rolán,uy  URU,"FW,MF",Málaga,24,1993,21.6,606,579,27,2,1,142,13,21,0,0,0,0,468,52,86,65,508,22,4,1,464,1,16,20,28
438,Esteban Rolón,ar  ARG,MF,Málaga,22,1995,4.6,140,138,2,2,0,34,4,0,0,0,0,0,85,19,36,20,98,16,0,4,105,1,3,5,4
439,Óscar Romero,py  PAR,"MF,FW",Alavés,25,1992,2.8,72,61,11,7,0,15,7,2,3,0,0,0,32,12,28,51,8,7,1,0,41,0,3,1,3
440,Cristiano Ronaldo,pt  POR,FW,Real Madrid,32,1985,25.4,773,743,30,4,4,144,15,44,3,0,0,0,629,70,74,127,598,23,12,5,616,6,6,19,29
441,Facundo Roncaglia,ar  ARG,DF,Celta Vigo,30,1987,16.8,1091,1072,19,16,0,174,36,5,0,0,0,0,794,118,179,103,899,71,3,3,940,1,27,7,15
442,Roberto Rosales,ve  VEN,DF,Málaga,28,1988,34.7,1893,1521,372,46,2,344,59,82,39,0,0,0,912,339,642,265,1197,117,284,6,1305,9,60,50,78
443,Rubén,es  ESP,GK,La Coruña,33,1984,27.6,514,319,195,58,0,45,8,0,0,0,0,0,146,36,332,33,375,0,0,72,296,4,12,0,0
444,Aitor Ruibal,es  ESP,FW,Betis,21,1996,0.1,5,5,0,0,0,1,0,0,0,0,0,0,4,1,0,0,5,0,0,0,5,0,0,0,0
445,Fabián Ruiz Peña,es  ESP,MF,Betis,21,1996,29.5,2119,2088,31,18,5,322,64,15,2,0,0,0,1720,160,239,1780,227,82,9,6,1806,10,27,41,52
446,Víctor Ruiz,es  ESP,DF,Villarreal,28,1989,26.8,1460,1415,45,45,1,289,41,1,0,0,0,0,1048,117,295,1046,270,98,0,11,1217,5,27,11,14
447,Antonio Rukavina,rs  SRB,DF,Villarreal,33,1984,14.2,617,518,99,3,0,109,11,21,0,0,0,0,346,107,164,37,421,57,96,3,473,1,11,13,19
448,Gerónimo Rulli,ar  ARG,GK,Real Sociedad,25,1992,26.0,916,807,109,41,0,162,35,0,0,0,0,0,536,23,357,117,720,1,0,69,694,5,33,1,1
449,Enric Saborit,es  ESP,DF,Athletic Club,25,1992,15.9,699,585,114,7,0,131,16,28,0,0,0,0,375,126,198,462,56,64,107,1,510,3,30,14,26
450,Mujaid Sadick,es  ESP,DF,La Coruña,17,2000,1.2,39,38,1,1,0,4,0,1,0,0,0,0,34,2,3,0,38,1,0,0,36,0,1,0,0
451,Armando Sadiku,al  ALB,FW,Levante,26,1991,3.0,68,67,1,0,0,10,1,0,0,0,0,0,38,8,22,8,39,18,0,1,49,1,2,3,0
452,Sergi Samper,es  ESP,MF,Las Palmas,22,1995,1.6,83,82,1,1,0,19,3,1,0,0,0,0,63,8,12,12,68,2,0,0,67,0,1,2,0
453,Jairo Samperio,es  ESP,"FW,DF",Las Palmas,24,1993,6.2,157,152,5,0,0,31,0,7,1,0,0,0,110,20,27,30,109,12,4,0,104,3,1,3,8
454,Mikel San José,es  ESP,MF,Athletic Club,28,1989,23.9,1034,1014,20,12,1,184,21,8,3,0,0,0,709,114,211,132,767,96,0,1,802,3,21,16,26
455,Antonio Sanabria,py  PAR,FW,Betis,21,1996,9.5,158,144,14,1,0,31,1,1,0,0,0,0,110,19,29,35,94,21,0,3,122,1,4,2,5
456,Carlos Sánchez,co  COL,MF,Espanyol,31,1986,12.5,574,568,6,6,0,101,23,0,0,0,0,0,384,71,119,101,402,54,0,2,479,1,10,9,5
457,Sergio Sánchez,es  ESP,DF,Espanyol,31,1986,1.1,40,31,9,1,0,10,2,1,0,0,0,0,18,13,9,1,28,3,8,0,30,1,0,0,0
458,Víctor Sánchez,es  ESP,"DF,MF",Espanyol,29,1987,27.2,1389,1244,145,27,0,231,23,39,9,0,0,0,759,248,382,201,931,115,109,6,962,6,45,27,42
459,Arona Sané,sn  SEN,MF,Atlético Madrid,22,1995,0.7,14,14,0,0,0,4,0,0,0,0,0,0,10,0,4,0,12,0,0,0,9,0,2,1,0
460,Nicola Sansone,it  ITA,"FW,MF",Villarreal,25,1991,7.2,232,219,13,2,1,37,5,12,5,0,0,0,180,19,33,39,180,10,2,0,167,3,3,6,15
461,Christian Santos,ve  VEN,FW,Alavés,29,1988,4.9,141,140,1,0,0,36,0,3,0,0,0,0,64,36,41,54,24,28,0,11,90,0,3,4,0
462,Pablo Sarabia,es  ESP,"FW,MF",Sevilla,25,1992,26.6,1155,1058,97,16,4,185,33,80,41,0,0,0,830,135,190,849,215,40,39,9,840,7,42,32,44
463,Imanol Sarriegi,es  ESP,"MF,FW",Eibar,22,1995,0.5,23,23,0,0,0,2,0,0,0,0,0,0,20,1,2,4,18,1,0,0,18,0,0,2,0
464,Stefan Savić,me  MNE,DF,Atlético Madrid,26,1991,25.5,1026,1005,21,21,0,141,22,1,0,0,0,0,674,89,263,94,827,78,0,5,812,2,28,8,15
465,Fabian Schär,ch  SUI,DF,La Coruña,25,1991,24.7,958,908,50,50,2,143,47,2,0,0,0,0,619,96,243,115,748,74,0,2,740,10,34,11,8
466,Nélson Semedo,pt  POR,DF,Barcelona,23,1993,16.7,1082,973,109,8,1,225,6,25,0,0,0,0,876,107,99,137,815,17,101,3,936,0,15,25,33
467,Rúben Semedo,pt  POR,"DF,MF",Villarreal,23,1994,2.5,87,87,0,0,0,9,0,0,0,0,0,0,71,5,11,11,68,5,0,1,76,0,1,2,1
468,Gaku Shibasaki,jp  JPN,"MF,FW",Getafe,25,1992,11.0,362,333,29,11,1,69,14,14,12,0,0,0,249,42,71,61,271,20,2,3,260,1,8,10,11
469,Sidnei,br  BRA,DF,La Coruña,27,1989,19.8,782,766,16,16,0,141,32,4,0,0,0,0,540,70,172,149,555,57,0,4,626,1,37,9,3
470,Jaime Sierra Mateos,es  ESP,"FW,MF",Leganés,19,1998,0.3,6,6,0,0,0,0,0,0,0,0,0,0,4,1,1,2,3,1,0,0,5,0,0,0,0
471,David Simón,es  ESP,DF,Las Palmas,28,1988,8.0,512,440,72,5,0,78,7,24,1,0,0,0,311,70,131,35,379,29,66,0,402,0,7,15,14
472,Dimitris Siovas,gr  GRE,DF,Leganés,28,1988,22.8,773,751,22,15,0,132,12,4,0,0,0,0,447,85,241,559,77,94,7,6,563,3,37,3,6
473,Pione Sisto,dk  DEN,"FW,MF",Celta Vigo,22,1995,27.8,1091,1033,58,24,1,204,50,56,24,0,0,0,794,100,197,115,952,10,9,3,876,4,14,24,32
474,Antonio Sivera,es  ESP,GK,Alavés,20,1996,0.7,12,8,4,0,0,1,0,0,0,0,0,0,7,0,5,0,10,0,0,2,7,0,0,0,0
475,Rubén Sobrino,es  ESP,"FW,MF",Alavés,25,1992,16.4,418,409,9,0,0,123,3,14,1,0,0,0,279,60,79,51,281,43,1,18,300,4,12,6,21
476,Carlos Soler,es  ESP,"MF,FW",Valencia,20,1997,26.2,992,976,16,10,1,182,37,48,4,0,0,0,766,72,154,137,818,28,2,3,799,1,22,27,36
477,Kévin Soni,cm  CMR,MF,Girona,19,1998,0.2,6,6,0,0,0,2,0,0,0,0,0,0,3,1,2,3,1,1,0,1,3,0,0,0,0
478,David Soria,es  ESP,GK,Sevilla,24,1993,14.0,284,214,70,14,0,35,6,0,0,0,0,0,133,13,138,20,209,0,0,45,196,0,9,1,1
479,Roberto Soriano,it  ITA,"MF,FW",Villarreal,26,1991,12.7,505,498,7,1,0,88,7,11,3,0,0,0,407,43,55,71,402,19,2,3,397,6,4,16,21
480,Cristhian Stuani,uy  URU,FW,Girona,30,1986,29.9,480,435,45,0,0,117,5,4,0,0,0,0,252,107,121,38,267,102,0,21,312,3,10,12,16
481,Damián Suárez,uy  URU,DF,Getafe,29,1988,32.0,1646,1172,474,87,1,235,71,48,42,0,0,0,677,344,625,104,1032,147,345,3,1149,8,46,32,66
482,Denis Suárez,es  ESP,"MF,FW",Barcelona,23,1994,6.7,379,355,24,4,1,54,7,6,19,1,0,1,332,10,37,48,324,4,1,1,311,2,3,11,10
483,Leonardo Suárez,ar  ARG,MF,Villarreal,21,1996,0.3,10,10,0,0,0,4,2,0,0,0,0,0,7,0,3,9,1,0,0,0,7,0,1,0,2
484,Luis Suárez,uy  URU,FW,Barcelona,30,1987,32.2,1070,1012,58,0,4,196,37,40,1,0,0,0,815,151,104,207,817,25,7,12,812,5,16,35,44
485,Isaac Success,ng  NGA,"MF,FW",Málaga,21,1996,5.4,142,142,0,0,1,37,5,13,0,0,0,0,107,11,24,26,106,8,0,0,86,0,8,6,7
486,Markel Susaeta,es  ESP,"FW,MF",Athletic Club,29,1987,25.1,1003,870,133,46,0,185,55,68,76,0,0,0,679,88,236,120,827,39,7,1,740,3,15,20,34
487,Tana,es  ESP,"MF,FW",Las Palmas,26,1990,17.1,821,769,52,11,2,169,21,19,36,0,0,0,650,66,105,68,728,19,4,0,668,4,7,23,14
488,Oussama Tannane,ma  MAR,"FW,MF",Las Palmas,23,1994,6.1,252,223,29,4,1,63,10,13,19,0,0,0,181,31,40,203,35,6,6,2,186,3,5,4,7
489,Cristian Tello,es  ESP,"FW,MF",Betis,25,1991,18.9,720,699,21,0,0,117,19,27,3,0,0,0,582,72,66,186,486,26,13,6,555,2,12,27,27
490,Marc-André ter Stegen,de  GER,GK,Barcelona,25,1992,37.0,1015,889,126,28,0,143,38,0,0,0,0,0,655,54,306,180,700,0,0,128,821,1,12,6,1
491,David Timor,es  ESP,"MF,DF",Girona,27,1989,10.3,460,454,6,6,0,105,30,3,0,0,0,0,301,43,116,374,21,56,0,1,362,3,10,5,8
492,Tito,es  ESP,DF,Leganés,32,1985,6.8,284,239,45,1,0,29,4,12,0,0,0,0,160,53,71,19,199,19,44,0,210,0,6,6,9
493,Hernán Toledo,ar  ARG,"FW,MF",Las Palmas,21,1996,7.0,179,177,2,0,0,33,2,18,0,0,0,0,127,13,39,20,151,6,2,0,118,0,6,9,14
494,Toño,es  ESP,DF,Levante,27,1989,12.0,594,481,113,12,2,109,21,26,0,0,0,0,334,91,169,413,49,27,101,2,449,2,16,11,21
495,Daniel Torres,co  COL,MF,Alavés,27,1989,13.5,507,496,11,9,0,115,14,2,0,0,0,0,354,50,103,62,403,32,0,5,414,5,9,7,9
496,Fernando Torres,es  ESP,FW,Atlético Madrid,33,1984,11.1,237,232,5,0,1,65,5,5,0,0,0,0,129,48,60,16,156,45,1,2,149,3,5,8,9
497,Ferrán Torres,es  ESP,"MF,FW",Valencia,17,2000,3.6,101,100,1,0,0,16,3,8,1,0,0,0,65,15,21,10,82,5,0,3,64,1,1,4,5
498,Miguel Torres,es  ESP,DF,Málaga,31,1986,7.5,324,278,46,3,0,52,2,3,1,0,0,0,199,29,96,108,142,30,42,0,260,1,11,5,3
499,Pau Torres,es  ESP,"DF,MF",Villarreal,20,1997,0.6,30,30,0,0,0,4,1,0,0,0,0,0,17,2,11,24,2,3,0,0,16,1,1,1,2
500,Alin Toșca,ro  ROU,DF,Betis,25,1992,4.7,235,206,29,3,0,23,6,9,2,0,0,0,153,33,49,167,25,17,24,1,194,0,7,4,3
501,Manu Trigueros,es  ESP,MF,Villarreal,25,1991,29.9,1850,1746,104,60,2,304,74,42,42,0,0,0,1422,130,298,437,1352,46,2,6,1564,11,21,25,42
502,Przemysław Tytoń,pl  POL,GK,La Coruña,30,1987,1.1,22,12,10,3,0,2,0,0,0,0,0,0,8,0,14,2,18,0,0,1,12,0,0,0,0
503,Samuel Umtiti,fr  FRA,DF,Barcelona,23,1993,24.3,1591,1567,24,19,1,236,23,0,0,0,0,0,1345,106,140,1226,252,71,5,8,1435,2,21,10,23
504,Francis Uzoho,ng  NGA,GK,La Coruña,18,1998,2.0,40,21,19,5,0,4,0,0,0,0,0,0,7,1,32,0,32,0,0,6,18,0,0,0,2
505,Gerard Valentín,es  ESP,"DF,FW",La Coruña,24,1993,1.8,57,43,14,1,0,13,1,1,0,0,0,0,21,10,26,2,38,3,13,0,37,1,1,1,2
506,Borja Valle,es  ESP,"FW,MF",La Coruña,25,1992,5.5,137,134,3,0,0,20,4,15,0,0,0,0,100,12,25,9,107,14,1,2,99,0,0,5,4
507,Jesús Vallejo,es  ESP,DF,Real Madrid,20,1997,7.0,361,357,4,4,0,39,11,0,0,0,0,0,298,15,48,41,303,11,0,0,313,0,5,4,1
508,Federico Valverde,uy  URU,"MF,FW",La Coruña,19,1998,13.7,595,583,12,4,0,107,29,12,2,0,0,0,419,58,118,52,493,35,3,3,451,0,15,16,19
509,Raphaël Varane,fr  FRA,DF,Real Madrid,24,1993,25.8,1323,1298,25,24,1,193,41,1,0,0,0,0,1026,85,212,461,742,88,1,5,1169,4,20,13,12
510,Franco Vázquez,ar  ARG,MF,Sevilla,28,1989,20.3,908,886,22,12,0,150,10,39,1,0,0,0,673,104,131,718,105,56,7,7,662,16,22,27,36
511,Lucas Vázquez,es  ESP,"MF,FW",Real Madrid,26,1991,18.8,1023,980,43,7,4,170,33,88,18,0,0,0,802,70,151,135,845,19,17,4,820,5,13,18,43
512,Koke Vegas,es  ESP,GK,Levante,21,1995,1.0,23,15,8,3,0,5,1,0,0,0,0,0,5,1,17,3,16,0,0,2,11,0,0,0,0
513,Carlos Vela,mx  MEX,"FW,MF",Real Sociedad,28,1989,4.4,207,186,21,5,2,39,13,10,10,0,0,0,145,13,49,168,26,5,5,1,163,1,4,9,5
514,Thomas Vermaelen,be  BEL,DF,Barcelona,31,1985,11.3,641,625,16,15,0,86,24,1,0,0,0,0,550,20,71,555,45,30,1,0,590,0,4,2,10
515,Mikel Vesga,es  ESP,MF,Athletic Club,24,1993,8.9,408,391,17,6,1,75,18,11,6,0,0,0,281,46,81,273,79,33,3,7,325,0,8,5,8
516,Rúben Vezo,pt  POR,DF,Valencia,23,1994,17.3,827,749,78,10,0,161,11,13,0,0,0,0,525,111,191,128,544,62,68,4,623,3,32,15,26
517,Aleix Vidal,es  ESP,"MF,FW",Barcelona,27,1989,5.2,272,262,10,0,1,43,6,12,2,0,0,0,220,25,27,22,230,10,8,1,209,4,8,6,16
518,Nacho Vidal,es  ESP,DF,Valencia,22,1995,5.0,223,198,25,4,0,43,0,7,1,0,0,0,149,24,50,20,168,12,20,1,171,0,9,5,8
519,Jonathan Viera,es  ESP,MF,Las Palmas,27,1989,22.1,1503,1407,96,49,6,336,38,31,37,0,0,0,1160,140,203,76,1365,45,8,5,1226,14,20,41,28
520,Carlos Vigaray,es  ESP,"DF,MF",Alavés,22,1994,10.0,329,263,66,1,0,68,7,10,0,0,0,0,179,51,99,12,224,22,65,0,211,0,13,9,17
521,Dídac Vilà,es  ESP,"DF,MF",Espanyol,28,1989,8.2,413,364,49,5,0,63,14,20,3,0,0,0,243,52,118,299,47,21,41,0,307,2,9,9,18
522,Asier Villalibre,es  ESP,FW,Athletic Club,19,1997,1.0,,,,,,,,,,,,,,,,,,,,,,,,,
523,Šime Vrsaljko,hr  CRO,"DF,MF",Atlético Madrid,25,1992,18.9,897,745,152,4,0,185,18,53,3,0,0,0,455,157,285,46,600,78,145,2,611,4,28,15,44
524,Wakaso,gh  GHA,"MF,FW",Alavés,27,1990,12.2,487,446,41,10,1,80,25,27,3,0,0,0,280,45,162,385,13,46,27,3,329,8,26,8,8
525,Daniel Wass,dk  DEN,"MF,FW",Celta Vigo,28,1989,32.4,1667,1516,151,59,1,299,63,97,68,1,2,0,1079,228,360,172,1319,114,24,16,1250,7,40,34,44
526,Axel Werner,ar  ARG,GK,Atlético Madrid,21,1996,1.0,13,9,4,0,0,1,0,0,0,0,0,0,2,0,11,0,8,0,0,1,4,0,0,1,0
527,Iñaki Williams,es  ESP,"FW,MF",Athletic Club,23,1994,31.7,754,729,25,2,1,168,9,65,0,0,0,0,531,98,125,47,615,56,11,6,555,4,15,18,50
528,Yoel,es  ESP,GK,Eibar,28,1988,1.0,26,22,4,0,0,0,0,0,0,0,0,0,0,1,25,2,16,0,0,1,10,0,0,1,0
529,Joseba Zaldúa,es  ESP,DF,Leganés,25,1992,28.4,1230,948,282,24,0,186,30,61,1,0,0,0,547,217,466,66,757,127,257,0,893,3,47,27,40
530,Simone Zaza,it  ITA,FW,Valencia,26,1991,23.0,445,422,23,0,1,103,12,10,0,0,0,0,324,60,61,314,64,34,0,8,311,2,10,16,31
531,Nabil El Zhar,ma  MAR,"FW,MF",Leganés,30,1986,22.3,636,612,24,6,1,145,34,53,12,0,0,0,453,55,128,59,533,27,4,2,472,3,15,15,33
532,Luca Zidane,fr  FRA,GK,Real Madrid,19,1998,1.0,20,18,2,0,0,3,0,0,0,0,0,0,15,0,5,1,16,0,0,3,19,0,0,0,0
533,Igor Zubeldia,es  ESP,MF,Real Sociedad,20,1997,17.7,952,948,4,3,0,151,44,3,0,0,0,0,716,66,170,66,783,79,1,2,800,1,18,8,19
534,David Zurutuza,es  ESP,MF,Real Sociedad,31,1986,24.8,1160,1149,11,4,0,228,21,10,0,0,0,0,919,88,153,129,943,61,4,6,977,7,16,16,22
